AL 30284,-88125 30260,-88087 30249,-88075 30246,-88076 30245,-88079 30242,-88109 30246,-88120 30249,-88137 30249,-88167 30245,-88209 30230,-88281 30228,-88305 30230,-88313 30233,-88310 30232,-88300 30234,-88281 30240,-88258 30246,-88225 30252,-88173 30252,-88158 30255,-88141 30262,-88131 30274,-88125 30284,-88125
AL 34992,-86784 34992,-86678 34992,-86677 34992,-86674 34992,-86671 34992,-86660 34992,-86641 34991,-86600 34991,-86589 34991,-86571 34991,-86556 34991,-86528 34991,-86468 34991,-86434 34992,-86397 34991,-86319 34991,-86311 34988,-85864 34988,-85829 34988,-85824 34985,-85605 34924,-85595 34860,-85583 34708,-85552 34657,-85541 34624,-85534 34589,-85527 34525,-85514 34524,-85514 34518,-85512 34501,-85508 34475,-85502 34474,-85502 34286,-85462 34269,-85459 34266,-85458 34253,-85455 34251,-85455 34081,-85422 33964,-85399 33902,-85387 33774,-85362 33768,-85360 33653,-85338 33574,-85322 33536,-85315 33530,-85314 33483,-85304 33428,-85294 33130,-85237 33108,-85232 33063,-85223 33056,-85222 32871,-85184 32772,-85123 32764,-85132 32747,-85137 32745,-85137 32686,-85115 32643,-85105 32607,-85082 32604,-85080 32603,-85080 32584,-85070 32559,-85045 32543,-85023 32524,-85007 32513,-85001 32510,-85001 32507,-85001 32470,-84998 32446,-84984 32412,-84979 32382,-84987 32381,-84987 32337,-85008 32328,-85007 32322,-85002 32301,-84939 32281,-84917 32264,-84909 32233,-84922 32232,-84924 32195,-84965 32185,-84996 32142,-85048 32063,-85056 32024,-85050 31992,-85062 31965,-85072 31945,-85082 31915,-85107 31888,-85133 31840,-85142 31783,-85141 31780,-85139 31772,-85131 31767,-85125 31763,-85125 31733,-85119 31723,-85122 31717,-85127 31695,-85126 31641,-85087 31624,-85065 31622,-85060 31619,-85057 31541,-85041 31517,-85047 31428,-85068 31309,-85088 31283,-85102 31258,-85112 31186,-85108 31165,-85100 31160,-85092 31160,-85084 31157,-85077 31108,-85036 31096,-85030 31075,-85022 31014,-84999 31001,-85002 31001,-85024 31001,-85028 31001,-85030 31001,-85031 31001,-85052 31001,-85055 31001,-85058 31001,-85146 31001,-85152 31001,-85154 30997,-85488 30997,-85498 30993,-86035 30993,-86052 30993,-86056 30994,-86163 30994,-86169 30994,-86175 30994,-86180 30994,-86187 30994,-86289 30994,-86305 30994,-86365 30994,-86369 30994,-86375 30994,-86389 30994,-86392 30994,-86405 30994,-86455 30994,-86458 30994,-86513 30993,-86520 30995,-86563 30995,-86568 30995,-86665 30995,-86678 30995,-86688 30997,-86725 30997,-86727 30997,-86728 30997,-86786 30997,-86830 30997,-86832 30998,-86873 30998,-86888 30999,-87027 30999,-87036 31000,-87040 30999,-87054 30999,-87064 30999,-87069 30999,-87163 30998,-87255 30998,-87256 30998,-87257 30998,-87258 30998,-87260 30998,-87261 30998,-87266 30998,-87289 30998,-87291 30998,-87302 30998,-87304 30998,-87312 30998,-87334 30998,-87356 30998,-87364 30998,-87368 30998,-87426 30998,-87432 30998,-87450 30998,-87456 30998,-87459 30998,-87462 30998,-87467 30998,-87479 30998,-87480 30998,-87549 30998,-87571 30997,-87599 30976,-87594 30936,-87601 30898,-87622 30866,-87635 30846,-87624 30743,-87533 30722,-87503 30720,-87498 30717,-87481 30699,-87449 30672,-87407 30654,-87397 30642,-87394 30625,-87394 30515,-87450 30514,-87450 30513,-87448 30491,-87431 30410,-87419 30408,-87427 30391,-87441 30367,-87451 30346,-87451 30311,-87450 30300,-87452 30280,-87518 30276,-87545 30274,-87558 30269,-87581 30250,-87657 30241,-87736 30229,-87801 30227,-87838 30230,-87926 30230,-87962 30226,-88000 30222,-88015 30221,-88028 30223,-88029 30230,-88024 30236,-87967 30257,-87949 30261,-87936 30253,-87918 30248,-87914 30242,-87900 30239,-87893 30239,-87879 30240,-87860 30254,-87818 30253,-87802 30254,-87788 30262,-87767 30277,-87755 30291,-87756 30312,-87773 30324,-87797 30333,-87809 30354,-87830 30369,-87837 30377,-87845 30378,-87854 30383,-87865 30409,-87906 30414,-87909 30446,-87914 30471,-87920 30476,-87924 30481,-87932 30487,-87933 30526,-87911 30538,-87905 30551,-87902 30566,-87904 30573,-87908 30576,-87911 30586,-87915 30616,-87913 30636,-87919 30653,-87931 30657,-87937 30659,-87956 30675,-87981 30685,-88008 30683,-88012 30674,-88022 30661,-88027 30654,-88035 30653,-88044 30645,-88062 30619,-88060 30612,-88054 30588,-88065 30579,-88075 30563,-88085 30546,-88082 30529,-88083 30524,-88091 30510,-88101 30501,-88104 30493,-88103 30471,-88097 30461,-88101 30453,-88106 30427,-88104 30377,-88107 30357,-88115 30342,-88125 30339,-88128 30321,-88136 30327,-88156 30325,-88172 30317,-88192 30321,-88196 30339,-88198 30344,-88196 30345,-88189 30348,-88189 30362,-88200 30362,-88204 30382,-88261 30383,-88283 30371,-88291 30369,-88312 30370,-88317 30380,-88320 30388,-88332 30389,-88341 30388,-88364 30386,-88375 30369,-88395 30511,-88402 30533,-88404 30543,-88404 30545,-88404 30623,-88407 30632,-88407 30637,-88408 30669,-88410 30706,-88411 30713,-88412 30730,-88412 30732,-88412 30736,-88412 30998,-88426 31000,-88426 31001,-88426 31114,-88432 31230,-88438 31231,-88438 31356,-88445 31421,-88449 31436,-88449 31622,-88459 31624,-88460 31698,-88464 31851,-88471 31894,-88470 31930,-88469 31933,-88469 32040,-88455 32041,-88455 32172,-88439 32173,-88439 32228,-88432 32309,-88421 32450,-88404 32578,-88389 32627,-88383 32929,-88348 32991,-88340 33288,-88305 33399,-88291 33512,-88277 33516,-88277 33534,-88275 33571,-88270 33573,-88270 33577,-88269 33585,-88268 33592,-88267 33594,-88267 33682,-88256 33683,-88256 33696,-88255 33699,-88254 33745,-88248 33912,-88227 33913,-88226 34058,-88207 34087,-88204 34294,-88177 34302,-88176 34321,-88174 34381,-88166 34383,-88166 34463,-88155 34582,-88140 34588,-88139 34589,-88139 34724,-88118 34892,-88098 34902,-88125 34996,-88200 35008,-88182 35006,-87985 35005,-87878 35006,-87878 35006,-87873 35006,-87854 35006,-87853 35006,-87852 35005,-87774 35005,-87768 35005,-87759 35004,-87709 35004,-87702 35004,-87701 35004,-87697 35004,-87671 35004,-87664 35003,-87606 35003,-87429 35003,-87422 35003,-87417 35002,-87391 35002,-87381 35002,-87359 35002,-87349 35001,-87299 35000,-87270 34999,-87231 34999,-87224 34999,-87217 34999,-87211 34995,-87011 34995,-87000 34995,-86974 34995,-86973 34995,-86970 34994,-86967 34992,-86862 34992,-86850 34992,-86846 34992,-86836 34992,-86821 34992,-86784
AK 54978,-162255 54976,-162250 54963,-162236 54891,-162233 54882,-162237 54846,-162275 54841,-162283 54833,-162301 54828,-162321 54836,-162349 54877,-162417 54885,-162425 54928,-162438 54929,-162435 54982,-162337 54985,-162327 54982,-162267 54978,-162255
AK 54928,-159324 54934,-159318 54949,-159279 54927,-159206 54925,-159203 54915,-159203 54896,-159213 54876,-159236 54864,-159272 54864,-159306 54866,-159310 54885,-159328 54897,-159321 54903,-159314 54910,-159312 54919,-159313 54928,-159324
AK 55156,-160018 55181,-160047 55200,-160061 55203,-160053 55204,-160025 55194,-160002 55185,-159994 55180,-159983 55189,-159954 55220,-159931 55287,-159889 55290,-159880 55285,-159871 55268,-159849 55249,-159844 55244,-159845 55230,-159855 55228,-159861 55231,-159867 55229,-159887 55218,-159895 55165,-159905 55157,-159902 55146,-159885 55149,-159861 55165,-159860 55172,-159861 55177,-159861 55181,-159846 55178,-159816 55144,-159824 55126,-159831 55101,-159855 55095,-159869 55103,-159886 55107,-159886 55113,-159907 55105,-159948 55101,-159951 55088,-159945 55067,-159951 55006,-160052 54994,-160081 54985,-160116 54916,-160183 54903,-160182 54875,-160201 54864,-160227 54896,-160255 54930,-160251 54934,-160244 54939,-160223 54981,-160178 55014,-160132 55027,-160107 55034,-160082 55038,-160078 55050,-160088 55053,-160094 55044,-160133 55053,-160174 55109,-160191 55118,-160187 55161,-160110 55146,-160077 55134,-160060 55122,-160053 55119,-160053 55118,-160057 55115,-160058 55112,-160056 55116,-160030 55123,-160012 55129,-160005 55134,-160004 55156,-160018
AK 55061,-159455 55064,-159448 55064,-159382 55059,-159345 55047,-159338 54981,-159329 54976,-159330 54975,-159332 54942,-159427 54941,-159448 54946,-159458 54949,-159460 54975,-159451 54989,-159440 55000,-159417 55022,-159418 55036,-159455 55061,-159455
AK 55185,-159533 55177,-159504 55174,-159500 55155,-159493 55136,-159495 55131,-159504 55130,-159509 55106,-159530 55084,-159534 55077,-159524 55058,-159484 55054,-159485 55049,-159490 55041,-159510 55045,-159518 55059,-159535 55060,-159572 55047,-159598 55037,-159635 55039,-159639 55043,-159644 55050,-159649 55066,-159651 55117,-159635 55128,-159617 55158,-159586 55188,-159573 55253,-159521 55254,-159519 55235,-159503 55222,-159505 55208,-159512 55185,-159533
AK 55154,-161719 55137,-161697 55132,-161678 55130,-161664 55131,-161652 55117,-161609 55104,-161577 55100,-161571 55083,-161550 55080,-161549 55066,-161550 55061,-161557 55059,-161565 55058,-161583 55061,-161591 55070,-161606 55074,-161606 55081,-161598 55087,-161597 55098,-161603 55104,-161616 55105,-161632 55103,-161655 55096,-161675 55093,-161679 55088,-161678 55078,-161690 55054,-161738 55060,-161764 55077,-161792 55099,-161815 55111,-161816 55114,-161820 55126,-161851 55128,-161863 55127,-161886 55136,-161898 55142,-161901 55161,-161889 55175,-161850 55178,-161828 55162,-161738 55154,-161719
AK 55328,-160507 55344,-160529 55344,-160535 55333,-160564 55314,-160580 55307,-160581 55303,-160580 55273,-160566 55264,-160551 55256,-160528 55194,-160486 55182,-160487 55166,-160496 55130,-160525 55160,-160656 55174,-160676 55196,-160688 55210,-160690 55195,-160757 55185,-160767 55177,-160765 55134,-160794 55126,-160806 55118,-160821 55120,-160824 55142,-160816 55156,-160807 55168,-160808 55187,-160819 55204,-160842 55294,-160841 55318,-160857 55340,-160840 55382,-160797 55389,-160778 55403,-160710 55402,-160687 55399,-160666 55389,-160649 55383,-160646 55358,-160646 55344,-160651 55348,-160614 55389,-160573 55390,-160567 55388,-160545 55379,-160518 55374,-160522 55370,-160522 55364,-160522 55362,-160519 55339,-160426 55342,-160409 55346,-160403 55363,-160362 55363,-160344 55360,-160334 55353,-160326 55339,-160318 55303,-160307 55261,-160331 55252,-160341 55260,-160373 55267,-160379 55273,-160380 55287,-160390 55298,-160442 55297,-160450 55292,-160458 55289,-160468 55289,-160475 55292,-160482 55309,-160518 55319,-160527 55328,-160507
AK 55456,-160212 55451,-160137 55387,-160142 55383,-160143 55378,-160148 55378,-160154 55392,-160204 55396,-160280 55393,-160309 55394,-160321 55410,-160340 55420,-160350 55426,-160348 55445,-160323 55463,-160267 55464,-160261 55460,-160228 55456,-160212
AK 54172,-165791 54161,-165748 54158,-165743 54148,-165733 54121,-165714 54132,-165667 54131,-165661 54119,-165656 54096,-165671 54066,-165767 54075,-165811 54036,-165875 54056,-165896 54061,-165897 54063,-165902 54066,-165916 54067,-165930 54062,-165984 54051,-166020 54046,-166028 54044,-166046 54104,-166098 54123,-166112 54144,-166101 54175,-166082 54214,-166002 54221,-165983 54221,-165945 54216,-165873 54215,-165868 54212,-165865 54200,-165866 54190,-165872 54184,-165880 54169,-165868 54166,-165864 54161,-165837 54161,-165832 54164,-165825 54183,-165797 54183,-165794 54182,-165793 54172,-165791
AK 54096,-165271 54095,-165267 54065,-165234 54063,-165235 54056,-165246 54064,-165324 54070,-165337 54073,-165366 54066,-165458 54072,-165483 54075,-165483 54080,-165468 54084,-165439 54095,-165322 54096,-165271
AK 54135,-164976 54137,-164938 54129,-164921 54116,-164920 54111,-164921 54078,-164953 54076,-164961 54067,-165044 54088,-165203 54090,-165212 54102,-165221 54116,-165199 54131,-165141 54128,-165088 54123,-165067 54122,-165050 54122,-165023 54135,-165008 54135,-164976
AK 54300,-165523 54299,-165503 54295,-165478 54284,-165478 54282,-165480 54274,-165514 54254,-165558 54251,-165559 54247,-165558 54240,-165553 54213,-165513 54211,-165496 54213,-165479 54213,-165405 54204,-165391 54197,-165384 54178,-165400 54179,-165413 54183,-165422 54183,-165476 54180,-165481 54130,-165536 54112,-165549 54108,-165565 54109,-165576 54121,-165613 54133,-165630 54199,-165637 54208,-165622 54218,-165594 54223,-165586 54230,-165580 54238,-165587 54243,-165596 54247,-165612 54245,-165616 54234,-165626 54230,-165640 54229,-165669 54237,-165681 54243,-165686 54250,-165684 54265,-165675 54298,-165636 54299,-165626 54297,-165616 54294,-165605 54284,-165587 54300,-165523
AK 54489,-162802 54492,-162796 54475,-162728 54450,-162589 54425,-162557 54416,-162553 54392,-162552 54383,-162563 54368,-162612 54400,-162723 54373,-162760 54371,-162759 54375,-162781 54425,-162860 54491,-162828 54489,-162802
AK 60516,-173117 60533,-173098 60574,-173098 60611,-173042 60611,-173000 60605,-172972 60527,-172915 60515,-172915 60500,-172895 60430,-172715 60425,-172706 60400,-172481 60381,-172353 60373,-172341 60364,-172333 60334,-172270 60334,-172255 60326,-172255 60321,-172291 60333,-172435 60335,-172492 60330,-172506 60324,-172520 60317,-172548 60315,-172590 60319,-172613 60330,-172622 60375,-172758 60407,-172812 60479,-172951 60480,-172959 60478,-172967 60479,-172990 60500,-173119 60513,-173121 60516,-173117
AK 60170,-165721 60157,-165723 60154,-165719 60151,-165702 60154,-165697 60154,-165684 60149,-165675 60115,-165668 60097,-165672 60090,-165681 60055,-165685 59992,-165649 59966,-165589 59965,-165539 59951,-165534 59930,-165543 59920,-165550 59905,-165576 59894,-165696 59895,-165713 59899,-165718 59900,-165722 59900,-165752 59872,-165905 59847,-166010 59821,-166061 59805,-166072 59787,-166058 59776,-166042 59774,-166032 59771,-166031 59758,-166037 59749,-166063 59749,-166157 59764,-166181 59766,-166177 59771,-166175 59779,-166184 59792,-166203 59810,-166252 59849,-166382 59855,-166407 59858,-166440 59850,-166512 59849,-166583 59851,-166617 59856,-166621 59871,-166648 59881,-166678 59889,-166717 59892,-166764 59916,-166802 59950,-166867 59961,-166892 59993,-166996 59992,-167068 59989,-167112 59992,-167125 59995,-167133 60040,-167220 60059,-167248 60064,-167281 60065,-167311 60070,-167339 60072,-167343 60075,-167343 60089,-167334 60094,-167334 60123,-167343 60131,-167348 60148,-167363 60195,-167423 60205,-167421 60225,-167370 60238,-167313 60238,-167202 60233,-167106 60226,-167082 60219,-167046 60206,-166938 60207,-166910 60214,-166847 60228,-166812 60243,-166803 60260,-166810 60269,-166826 60271,-166835 60275,-166833 60286,-166815 60310,-166763 60314,-166738 60323,-166662 60321,-166609 60322,-166578 60326,-166570 60359,-166562 60392,-166494 60372,-166415 60366,-166409 60360,-166387 60358,-166367 60378,-166311 60393,-166200 60401,-166175 60429,-166171 60433,-166163 60425,-166136 60414,-166124 60410,-166124 60400,-166135 60378,-166124 60325,-166085 60318,-166012 60318,-165987 60322,-165928 60325,-165925 60331,-165924 60335,-165921 60338,-165917 60344,-165883 60327,-165787 60310,-165715 60297,-165697 60278,-165686 60268,-165686 60211,-165698 60189,-165709 60170,-165721
AK 58221,-134714 58215,-134713 58193,-134711 58167,-134704 58161,-134700 58159,-134690 58159,-134683 58162,-134631 58172,-134609 58173,-134608 58184,-134595 58195,-134559 58184,-134542 58176,-134520 58173,-134501 58171,-134480 58174,-134463 58174,-134447 58168,-134414 58163,-134402 58149,-134371 58144,-134327 58145,-134317 58152,-134306 58158,-134260 58162,-134216 58160,-134177 58133,-134166 58129,-134167 58125,-134174 58108,-134193 58083,-134189 58077,-134184 58067,-134170 58047,-134138 58019,-134099 58011,-134092 58002,-134087 57996,-134088 57989,-134102 57984,-134101 57974,-134090 57961,-134069 57930,-134017 57915,-134000 57904,-133996 57896,-133996 57855,-133964 57838,-133935 57807,-133905 57798,-133903 57795,-133904 57792,-133908 57781,-133910 57686,-133897 57660,-133868 57638,-133837 57636,-133833 57634,-133822 57630,-133818 57610,-133808 57583,-133806 57579,-133807 57572,-133812 57568,-133818 57577,-133841 57605,-133860 57617,-133858 57624,-133863 57664,-133911 57690,-133963 57695,-133970 57720,-133995 57759,-134011 57789,-134013 57819,-134031 57830,-134062 57851,-134099 57871,-134121 57873,-134119 57883,-134122 57890,-134126 57896,-134132 57903,-134151 57910,-134177 57906,-134202 57896,-134207 57849,-134163 57809,-134113 57796,-134105 57780,-134100 57777,-134101 57760,-134146 57739,-134128 57728,-134116 57657,-134020 57656,-134013 57649,-133994 57630,-133958 57614,-133936 57602,-133934 57570,-133945 57562,-133943 57544,-133933 57530,-133921 57517,-133901 57505,-133886 57464,-133857 57470,-133928 57457,-133926 57381,-133870 57368,-133867 57362,-133867 57358,-133871 57305,-133963 57304,-133968 57303,-133984 57318,-134008 57328,-134035 57330,-134056 57326,-134095 57322,-134101 57304,-134084 57298,-134080 57250,-134110 57208,-134155 57185,-134194 57137,-134293 57137,-134303 57125,-134350 57115,-134378 57100,-134371 57087,-134386 57046,-134481 57036,-134484 57031,-134498 57024,-134566 57034,-134601 57110,-134635 57226,-134647 57240,-134640 57273,-134605 57295,-134571 57315,-134517 57337,-134543 57336,-134560 57341,-134574 57344,-134575 57400,-134579 57407,-134556 57405,-134528 57398,-134526 57394,-134528 57390,-134528 57372,-134486 57374,-134477 57392,-134464 57458,-134545 57513,-134608 57522,-134598 57534,-134596 57563,-134611 57606,-134665 57614,-134674 57685,-134695 57696,-134701 57701,-134705 57707,-134720 57722,-134732 57757,-134729 57780,-134709 57829,-134706 57877,-134727 57891,-134737 57899,-134746 57980,-134759 57994,-134765 58005,-134777 58059,-134797 58082,-134784 58097,-134785 58141,-134821 58176,-134857 58180,-134864 58182,-134878 58184,-134886 58194,-134900 58215,-134915 58281,-134948 58368,-134969 58404,-134961 58410,-134956 58377,-134897 58321,-134806 58317,-134804 58301,-134802 58281,-134779 58275,-134760 58274,-134730 58268,-134724 58221,-134714
AK 54990,-131246 54979,-131257 54930,-131243 54927,-131233 54927,-131218 54921,-131198 54920,-131195 54918,-131195 54910,-131200 54867,-131254 54859,-131266 54859,-131353 54913,-131469 54930,-131492 54950,-131487 54953,-131483 54971,-131410 54999,-131266 54997,-131249 54990,-131246
AK 55382,-131760 55350,-131716 55334,-131685 55327,-131667 55306,-131647 55293,-131658 55282,-131689 55224,-131694 55200,-131718 55129,-131748 55162,-131799 55192,-131830 55195,-131831 55198,-131828 55274,-131851 55289,-131862 55365,-131871 55421,-131854 55424,-131852 55422,-131833 55414,-131812 55413,-131810 55405,-131807 55399,-131799 55382,-131760
AK 56560,-157026 56548,-156991 56540,-156976 56537,-156973 56533,-156986 56536,-157003 56539,-157007 56543,-157018 56550,-157053 56553,-157113 56552,-157121 56542,-157142 56534,-157150 56530,-157169 56525,-157326 56528,-157329 56540,-157326 56560,-157299 56566,-157289 56582,-157250 56584,-157147 56581,-157091 56579,-157077 56560,-157026
AK 63344,-169268 63338,-169102 63341,-169088 63343,-169052 63341,-168999 63334,-168937 63331,-168936 63329,-168933 63309,-168796 63302,-168693 63296,-168685 63293,-168687 63256,-168717 63218,-168752 63184,-168783 63180,-168789 63163,-168818 63147,-168859 63146,-168871 63148,-168890 63161,-168950 63167,-168964 63170,-168983 63177,-169043 63179,-169106 63176,-169198 63170,-169262 63164,-169303 63151,-169376 63137,-169396 63114,-169437 63099,-169472 63085,-169514 63074,-169535 63055,-169561 63036,-169576 63027,-169577 63022,-169573 62977,-169568 62938,-169638 62956,-169747 62960,-169757 62964,-169758 62974,-169735 62977,-169735 63043,-169788 63079,-169830 63084,-169839 63106,-169881 63132,-169944 63143,-169988 63145,-170006 63150,-170021 63163,-170050 63167,-170051 63169,-170053 63179,-170101 63184,-170124 63186,-170154 63185,-170174 63182,-170186 63179,-170182 63177,-170194 63179,-170263 63187,-170281 63195,-170286 63197,-170280 63200,-170278 63209,-170278 63239,-170304 63266,-170337 63286,-170365 63314,-170431 63342,-170512 63355,-170559 63386,-170713 63414,-170865 63421,-170923 63424,-170967 63425,-171068 63423,-171101 63385,-171269 63382,-171280 63377,-171287 63375,-171288 63366,-171285 63355,-171290 63335,-171333 63308,-171433 63307,-171464 63335,-171562 63356,-171667 63366,-171739 63408,-171795 63429,-171818 63437,-171825 63485,-171850 63548,-171840 63580,-171834 63621,-171792 63640,-171757 63655,-171744 63665,-171742 63701,-171756 63719,-171754 63717,-171740 63720,-171733 63727,-171728 63735,-171726 63745,-171728 63760,-171737 63783,-171743 63785,-171738 63782,-171700 63783,-171693 63788,-171682 63788,-171673 63786,-171667 63776,-171660 63771,-171644 63759,-171639 63750,-171638 63746,-171641 63739,-171653 63737,-171653 63735,-171649 63729,-171647 63709,-171653 63703,-171650 63693,-171640 63689,-171632 63680,-171609 63659,-171522 63631,-171382 63607,-171203 63589,-171104 63580,-171044 63570,-170951 63572,-170907 63575,-170898 63588,-170859 63606,-170817 63647,-170698 63673,-170606 63697,-170488 63699,-170472 63698,-170463 63692,-170441 63687,-170374 63687,-170359 63692,-170355 63694,-170345 63692,-170316 63685,-170282 63676,-170267 63667,-170258 63625,-170176 63619,-170155 63617,-170140 63616,-170113 63613,-170096 63588,-170077 63523,-170041 63490,-170047 63481,-170027 63475,-170008 63471,-169975 63458,-169906 63442,-169857 63433,-169748 63430,-169656 63428,-169643 63403,-169580 63389,-169567 63386,-169565 63377,-169554 63373,-169547 63366,-169521 63356,-169415 63357,-169384 63353,-169313 63348,-169281 63344,-169268
AK 63622,-162615 63625,-162588 63634,-162558 63636,-162541 63630,-162512 63622,-162498 63621,-162452 63622,-162440 63626,-162430 63630,-162425 63632,-162425 63633,-162428 63636,-162424 63634,-162401 63626,-162374 63594,-162342 63552,-162345 63544,-162378 63547,-162417 63547,-162470 63541,-162553 63537,-162562 63541,-162615 63556,-162677 63557,-162681 63578,-162708 63584,-162683 63603,-162645 63622,-162615
AK 64999,-168210 65003,-168208 65024,-168169 65029,-168156 65035,-168129 65043,-168076 65039,-168005 65031,-167972 65023,-167953 65003,-167924 64989,-167916 64970,-167914 64961,-167919 64933,-167953 64923,-167976 64909,-168037 64911,-168091 64918,-168137 64935,-168187 64951,-168210 64968,-168214 64984,-168214 64999,-168210
AK 66265,-166032 66265,-166031 66253,-166020 66247,-166066 66238,-166097 66215,-166122 66210,-166138 66212,-166153 66218,-166171 66220,-166172 66228,-166178 66235,-166178 66239,-166165 66246,-166152 66253,-166130 66259,-166102 66264,-166066 66265,-166053 66265,-166032
AK 55925,-134283 55917,-134266 55906,-134231 55919,-134173 55921,-134152 55919,-134123 55915,-134118 55902,-134126 55898,-134131 55895,-134137 55897,-134146 55892,-134168 55877,-134208 55865,-134231 55854,-134241 55833,-134273 55829,-134282 55836,-134327 55843,-134344 55893,-134348 55927,-134336 55923,-134316 55925,-134283
AK 56070,-134122 56048,-134107 56017,-134118 56004,-134127 56000,-134131 56001,-134134 56021,-134157 56040,-134172 56057,-134191 56065,-134224 56068,-134230 56121,-134260 56133,-134262 56141,-134238 56163,-134228 56221,-134257 56268,-134246 56286,-134281 56289,-134296 56292,-134298 56353,-134292 56383,-134238 56410,-134194 56430,-134190 56440,-134196 56450,-134211 56452,-134237 56457,-134247 56464,-134246 56465,-134245 56475,-134223 56463,-134201 56451,-134186 56440,-134179 56411,-134146 56391,-134067 56402,-134046 56408,-134043 56422,-134041 56473,-134090 56488,-134134 56561,-134252 56586,-134281 56620,-134277 56651,-134310 56678,-134369 56725,-134401 56838,-134420 56847,-134419 56856,-134411 56880,-134377 56902,-134339 56909,-134317 56909,-134294 56907,-134287 56862,-134191 56857,-134187 56851,-134172 56859,-134147 56874,-134142 56885,-134151 56893,-134181 56905,-134220 56934,-134273 56936,-134272 56937,-134249 56933,-134224 56914,-134179 56915,-134158 56929,-134136 56942,-134141 56951,-134141 56947,-134127 56932,-134083 56895,-134035 56827,-133972 56799,-133947 56759,-133926 56736,-133945 56733,-133942 56722,-133908 56721,-133881 56734,-133869 56756,-133863 56773,-133865 56782,-133868 56786,-133872 56789,-133877 56789,-133885 56792,-133890 56803,-133894 56808,-133891 56809,-133861 56802,-133838 56791,-133818 56780,-133768 56774,-133748 56762,-133743 56750,-133744 56729,-133766 56718,-133766 56696,-133762 56687,-133763 56676,-133760 56674,-133746 56643,-133728 56631,-133728 56598,-133713 56593,-133713 56584,-133723 56572,-133732 56573,-133848 56511,-133896 56490,-133899 56481,-133881 56471,-133869 56435,-133839 56432,-133839 56430,-133859 56432,-133870 56427,-133893 56375,-133934 56361,-133894 56347,-133850 56335,-133839 56322,-133835 56234,-133891 56208,-133913 56212,-133923 56209,-133942 56207,-133954 56203,-133957 56200,-133958 56166,-133937 56095,-133956 56083,-133971 56081,-133989 56085,-134014 56089,-134021 56106,-134039 56116,-134042 56135,-134030 56148,-134024 56160,-134024 56193,-134031 56225,-134054 56227,-134058 56225,-134087 56215,-134095 56181,-134105 56170,-134154 56170,-134162 56162,-134180 56153,-134190 56145,-134166 56140,-134126 56141,-134111 56079,-134109 56070,-134122
AK 56607,-132546 56593,-132540 56585,-132541 56556,-132611 56552,-132627 56554,-132629 56552,-132651 56530,-132701 56515,-132724 56496,-132797 56495,-132818 56509,-132874 56513,-132985 56511,-132987 56518,-133042 56553,-133072 56579,-133075 56605,-133025 56670,-133110 56683,-133143 56707,-133184 56737,-133212 56756,-133225 56771,-133233 56776,-133235 56779,-133234 56793,-133245 56815,-133264 56816,-133277 56792,-133325 56773,-133334 56762,-133333 56738,-133320 56730,-133304 56734,-133273 56735,-133267 56738,-133266 56742,-133267 56747,-133261 56751,-133251 56707,-133220 56698,-133222 56681,-133233 56649,-133234 56650,-133214 56638,-133151 56618,-133106 56615,-133103 56535,-133089 56524,-133089 56529,-133113 56533,-133138 56529,-133142 56520,-133142 56516,-133139 56511,-133125 56492,-133122 56467,-133149 56460,-133161 56448,-133204 56470,-133349 56472,-133356 56486,-133362 56494,-133372 56496,-133376 56496,-133402 56494,-133418 56479,-133429 56454,-133461 56437,-133513 56435,-133533 56435,-133604 56439,-133638 56442,-133655 56448,-133663 56488,-133672 56523,-133676 56539,-133676 56544,-133672 56551,-133665 56556,-133663 56562,-133663 56576,-133668 56599,-133663 56608,-133668 56612,-133674 56633,-133679 56644,-133689 56650,-133698 56658,-133706 56683,-133710 56697,-133706 56710,-133700 56744,-133697 56762,-133690 56780,-133686 56795,-133681 56811,-133679 56839,-133690 56839,-133700 56828,-133713 56813,-133742 56807,-133765 56809,-133772 56821,-133787 56825,-133795 56846,-133869 56868,-133887 56914,-133916 56927,-133904 56962,-133921 56988,-133967 57029,-134049 57063,-134034 57075,-134009 57098,-133888 57079,-133773 57065,-133703 57058,-133614 57039,-133536 57020,-133446 57007,-133363 57004,-133346 57002,-133344 57002,-133334 57012,-133325 57015,-133308 57006,-133105 56942,-132997 56927,-132981 56871,-132947 56840,-132936 56823,-132935 56804,-132903 56798,-132873 56798,-132853 56794,-132821 56753,-132763 56724,-132742 56714,-132743 56680,-132666 56669,-132628 56669,-132623 56661,-132619 56653,-132625 56646,-132628 56642,-132625 56639,-132617 56624,-132605 56613,-132595 56613,-132575 56608,-132561 56608,-132553 56607,-132546
AK 55284,-131570 55284,-131563 55281,-131551 55262,-131517 55258,-131493 55254,-131482 55244,-131482 55223,-131463 55217,-131445 55218,-131431 55217,-131417 55211,-131398 55183,-131356 55166,-131341 55165,-131353 55156,-131362 55067,-131351 55041,-131356 55017,-131379 55012,-131389 55010,-131485 55016,-131499 55025,-131508 55029,-131508 55038,-131532 55018,-131580 55008,-131590 55004,-131606 55007,-131616 55027,-131641 55036,-131646 55049,-131621 55089,-131589 55107,-131605 55126,-131595 55131,-131578 55126,-131559 55143,-131548 55155,-131566 55170,-131588 55180,-131598 55240,-131607 55274,-131589 55284,-131570
AK 55569,-133345 55542,-133307 55540,-133292 55535,-133285 55524,-133282 55502,-133290 55484,-133306 55454,-133359 55461,-133374 55472,-133391 55473,-133397 55467,-133427 55437,-133474 55423,-133465 55426,-133426 55422,-133417 55418,-133413 55407,-133412 55386,-133419 55382,-133427 55382,-133446 55368,-133497 55325,-133577 55294,-133596 55272,-133603 55241,-133609 55240,-133613 55243,-133623 55250,-133635 55304,-133690 55309,-133691 55320,-133689 55327,-133672 55345,-133648 55361,-133633 55396,-133622 55428,-133636 55472,-133739 55472,-133749 55469,-133764 55458,-133789 55537,-133759 55544,-133753 55559,-133733 55551,-133616 55540,-133584 55537,-133582 55507,-133590 55501,-133596 55496,-133612 55495,-133625 55492,-133633 55471,-133644 55465,-133645 55459,-133639 55457,-133618 55472,-133574 55492,-133544 55507,-133542 55528,-133529 55529,-133526 55513,-133481 55519,-133444 55532,-133455 55553,-133443 55561,-133436 55570,-133413 55569,-133345
AK 56344,-133625 56352,-133594 56353,-133582 56332,-133418 56333,-133329 56327,-133285 56324,-133235 56333,-133197 56317,-133163 56251,-133095 56247,-133078 56238,-133071 56185,-133041 56156,-133052 56151,-133060 56141,-133062 56135,-133061 56125,-133056 56034,-132927 56020,-132898 56024,-132838 55922,-132635 55911,-132618 55908,-132615 55900,-132615 55877,-132592 55846,-132543 55815,-132505 55782,-132471 55683,-132461 55674,-132463 55667,-132449 55667,-132415 55669,-132394 55665,-132383 55649,-132359 55595,-132332 55579,-132329 55551,-132301 55527,-132241 55513,-132198 55508,-132189 55470,-132146 55461,-132143 55458,-132143 55451,-132165 55453,-132179 55472,-132219 55480,-132231 55484,-132232 55493,-132247 55515,-132316 55515,-132326 55505,-132342 55469,-132319 55451,-132289 55444,-132281 55442,-132284 55438,-132303 55432,-132419 55427,-132470 55421,-132480 55418,-132476 55414,-132455 55402,-132391 55419,-132274 55416,-132258 55375,-132226 55363,-132167 55329,-132150 55288,-132126 55281,-132116 55281,-132099 55268,-132103 55260,-132110 55238,-132143 55238,-132164 55246,-132215 55238,-132230 55223,-132214 55218,-132207 55200,-132127 55201,-132104 55207,-132088 55222,-132075 55234,-132073 55240,-132079 55246,-132076 55260,-132062 55275,-132037 55277,-132028 55265,-132004 55259,-131996 55212,-131980 55181,-131977 55165,-131989 55152,-132031 55144,-132039 55127,-132041 55125,-132039 55121,-132017 55087,-132039 55039,-132094 55018,-132154 55016,-132168 55016,-132180 55008,-132196 55005,-132198 54990,-132193 54985,-132143 54986,-132136 55017,-132073 55037,-132039 55039,-132028 55036,-132000 55028,-131985 54853,-131983 54849,-131977 54836,-131966 54804,-131957 54791,-131958 54732,-132000 54710,-132019 54701,-132030 54692,-132142 54694,-132165 54706,-132180 54715,-132200 54735,-132256 54734,-132263 54728,-132280 54726,-132281 54716,-132280 54715,-132282 54719,-132308 54818,-132351 54821,-132351 54827,-132341 54826,-132333 54835,-132314 54848,-132309 54914,-132387 54899,-132485 54933,-132558 54946,-132581 54966,-132610 54970,-132613 54980,-132615 54992,-132610 54990,-132599 54994,-132578 54998,-132575 55098,-132542 55114,-132549 55114,-132551 55115,-132562 55105,-132595 55069,-132620 55061,-132625 55056,-132624 55053,-132627 55053,-132631 55055,-132633 55074,-132638 55114,-132625 55142,-132607 55150,-132599 55156,-132591 55156,-132588 55166,-132581 55194,-132605 55200,-132620 55186,-132638 55178,-132630 55174,-132630 55153,-132636 55144,-132664 55138,-132695 55134,-132736 55099,-132712 55046,-132684 55028,-132690 55025,-132693 54996,-132749 55011,-132814 55025,-132864 55044,-132916 55055,-132927 55070,-132932 55074,-132931 55081,-132909 55110,-132881 55124,-132870 55134,-132873 55169,-132894 55210,-132935 55211,-132940 55216,-132982 55206,-133008 55233,-133041 55249,-133044 55264,-133105 55251,-133119 55184,-133073 55128,-133012 55079,-132991 55067,-132990 55057,-133011 55048,-133020 55036,-133014 55021,-132960 54924,-132910 54914,-132915 54897,-132889 54869,-132828 54871,-132805 54874,-132803 54897,-132804 54904,-132808 54909,-132814 54924,-132817 54934,-132801 54939,-132731 54904,-132650 54883,-132629 54808,-132626 54777,-132615 54767,-132619 54753,-132639 54763,-132667 54774,-132681 54798,-132701 54811,-132701 54818,-132709 54825,-132724 54827,-132729 54821,-132755 54817,-132760 54808,-132759 54801,-132747 54763,-132722 54681,-132676 54675,-132674 54673,-132676 54669,-132694 54675,-132776 54700,-132866 54702,-132870 54717,-132864 54729,-132866 54754,-132877 54768,-132892 54781,-132910 54783,-132919 54784,-132940 54788,-132950 54855,-133033 54919,-133099 54940,-133124 54959,-133160 54977,-133165 55000,-133157 55031,-133169 55033,-133172 55033,-133198 55040,-133210 55092,-133240 55100,-133224 55101,-133218 55099,-133145 55099,-133135 55101,-133129 55128,-133155 55136,-133187 55134,-133193 55134,-133201 55134,-133208 55137,-133215 55183,-133237 55194,-133188 55202,-133183 55229,-133224 55231,-133254 55217,-133282 55207,-133323 55206,-133341 55221,-133354 55226,-133362 55228,-133377 55215,-133404 55212,-133415 55211,-133423 55212,-133441 55218,-133454 55248,-133472 55256,-133474 55268,-133473 55307,-133460 55320,-133453 55330,-133436 55342,-133395 55347,-133352 55345,-133332 55332,-133313 55320,-133311 55317,-133311 55291,-133292 55287,-133269 55292,-133244 55304,-133235 55309,-133234 55319,-133255 55333,-133279 55342,-133281 55349,-133278 55359,-133269 55367,-133258 55382,-133227 55384,-133209 55379,-133183 55415,-133122 55427,-133104 55458,-133138 55498,-133158 55503,-133133 55514,-133132 55564,-133157 55587,-133177 55569,-133263 55580,-133276 55589,-133294 55619,-133387 55644,-133438 55645,-133439 55668,-133408 55665,-133400 55667,-133394 55693,-133386 55740,-133417 55748,-133439 55764,-133491 55756,-133513 55744,-133510 55733,-133497 55733,-133494 55727,-133491 55713,-133489 55707,-133492 55695,-133527 55698,-133555 55705,-133583 55720,-133625 55729,-133643 55781,-133695 55783,-133696 55823,-133646 55832,-133628 55836,-133562 55832,-133550 55792,-133448 55789,-133422 55804,-133348 55806,-133342 55819,-133324 55866,-133335 55876,-133347 55881,-133379 55879,-133391 55883,-133419 55947,-133471 56017,-133495 55977,-133541 55921,-133638 55912,-133700 55925,-133800 55949,-133826 55964,-133834 55974,-133813 55975,-133798 55983,-133778 56010,-133749 56071,-133694 56076,-133684 56084,-133659 56143,-133549 56161,-133543 56169,-133553 56192,-133601 56199,-133639 56311,-133664 56327,-133656 56327,-133650 56324,-133643 56337,-133625 56340,-133625 56344,-133625
AK 55905,-133846 55893,-133841 55887,-133840 55870,-133848 55849,-133861 55846,-133867 55846,-133895 55848,-133903 55860,-133920 55870,-133929 55896,-133946 55912,-133943 55918,-133940 55921,-133935 55937,-133892 55938,-133876 55936,-133864 55932,-133854 55912,-133847 55905,-133846
AK 57897,-135588 57890,-135597 57886,-135589 57884,-135576 57857,-135519 57841,-135503 57834,-135469 57802,-135378 57792,-135376 57775,-135364 57748,-135329 57737,-135292 57728,-135201 57738,-135151 57755,-135098 57751,-135064 57743,-135025 57746,-135013 57763,-134978 57764,-134940 57759,-134930 57742,-134922 57706,-134915 57682,-134918 57623,-134867 57599,-134856 57500,-134825 57483,-134837 57464,-134874 57459,-134903 57454,-135025 57465,-135084 57466,-135091 57470,-135097 57498,-135134 57546,-135243 57577,-135326 57600,-135392 57631,-135475 57650,-135515 57674,-135572 57664,-135593 57653,-135651 57678,-135685 57673,-135712 57658,-135704 57650,-135697 57629,-135661 57602,-135593 57605,-135571 57614,-135546 57606,-135526 57596,-135511 57589,-135519 57589,-135528 57583,-135558 57580,-135571 57569,-135587 57552,-135588 57523,-135576 57521,-135578 57516,-135578 57510,-135565 57482,-135550 57470,-135550 57455,-135554 57452,-135558 57442,-135610 57438,-135614 57431,-135612 57425,-135613 57419,-135622 57410,-135627 57406,-135647 57407,-135664 57405,-135668 57401,-135670 57396,-135670 57393,-135668 57389,-135669 57384,-135691 57375,-135692 57368,-135711 57374,-135720 57383,-135768 57391,-135844 57408,-135892 57418,-135901 57441,-135897 57459,-135944 57473,-135967 57506,-136015 57522,-136030 57532,-136021 57544,-136002 57592,-136062 57617,-136107 57625,-136131 57626,-136188 57638,-136208 57717,-136281 57759,-136315 57771,-136305 57779,-136309 57829,-136365 57832,-136371 57833,-136372 57833,-136391 57854,-136459 57872,-136474 57896,-136484 57914,-136534 57912,-136558 57918,-136572 57927,-136573 58035,-136563 58063,-136560 58077,-136556 58093,-136539 58105,-136500 58101,-136476 58097,-136469 58132,-136420 58209,-136375 58252,-136387 58268,-136377 58270,-136312 58267,-136288 58260,-136286 58249,-136290 58224,-136284 58209,-136277 58154,-136235 58161,-136190 58164,-136190 58172,-136195 58172,-136199 58174,-136204 58181,-136200 58219,-136162 58224,-136139 58219,-136036 58205,-136033 58202,-135976 58211,-135966 58244,-135914 58283,-135824 58288,-135801 58287,-135783 58266,-135764 58240,-135735 58232,-135712 58223,-135631 58214,-135589 58186,-135523 58175,-135505 58169,-135498 58121,-135525 58102,-135541 58082,-135587 58036,-135651 57995,-135638 57985,-135622 57990,-135593 57998,-135582 58015,-135564 58023,-135568 58041,-135565 58043,-135563 58061,-135545 58086,-135497 58134,-135451 58144,-135420 58145,-135412 58144,-135398 58097,-135276 58097,-135261 58088,-135109 58081,-135085 58075,-135083 58061,-135071 58050,-134977 58048,-134968 58037,-134951 58022,-134935 57979,-134913 57935,-134921 57922,-134926 57884,-135005 57926,-135141 57919,-135174 57902,-135165 57892,-135147 57885,-135132 57869,-135066 57835,-134992 57816,-134955 57805,-134949 57781,-135023 57775,-135199 57778,-135225 57806,-135314 57821,-135344 57851,-135390 57861,-135419 57885,-135514 57903,-135553 57903,-135581 57897,-135588
AK 56170,-134667 56167,-134668 56167,-134674 56176,-134705 56236,-134806 56280,-134825 56309,-134839 56361,-134916 56390,-134946 56458,-134991 56500,-135024 56528,-135054 56529,-135058 56542,-135061 56571,-135057 56583,-135045 56595,-135027 56602,-135005 56597,-134998 56596,-134986 56603,-134967 56615,-134970 56628,-134979 56630,-134998 56629,-135030 56620,-135036 56608,-135066 56600,-135092 56598,-135103 56598,-135119 56603,-135123 56649,-135149 56652,-135148 56678,-135176 56688,-135224 56702,-135275 56726,-135305 56743,-135317 56749,-135318 56756,-135296 56759,-135282 56768,-135281 56778,-135310 56771,-135352 56779,-135399 56810,-135413 56826,-135409 56893,-135369 56900,-135347 56914,-135332 56937,-135354 56953,-135380 56982,-135383 57002,-135360 57002,-135343 57005,-135329 57011,-135325 57045,-135313 57050,-135334 57042,-135349 57045,-135374 57053,-135378 57058,-135370 57066,-135366 57082,-135378 57088,-135385 57089,-135389 57099,-135402 57109,-135404 57115,-135405 57120,-135406 57138,-135405 57149,-135410 57168,-135423 57185,-135399 57198,-135372 57206,-135378 57228,-135372 57234,-135362 57244,-135359 57249,-135366 57252,-135406 57251,-135415 57247,-135429 57248,-135449 57256,-135470 57257,-135478 57254,-135503 57247,-135511 57233,-135553 57242,-135562 57244,-135562 57255,-135569 57286,-135602 57290,-135604 57294,-135601 57301,-135602 57312,-135631 57315,-135637 57320,-135638 57337,-135675 57350,-135685 57357,-135696 57363,-135695 57367,-135688 57374,-135660 57372,-135640 57380,-135631 57383,-135628 57388,-135627 57394,-135634 57399,-135634 57400,-135626 57410,-135604 57417,-135585 57417,-135571 57427,-135555 57437,-135555 57438,-135558 57437,-135561 57439,-135562 57440,-135562 57443,-135562 57445,-135558 57446,-135556 57446,-135540 57450,-135534 57481,-135532 57509,-135549 57510,-135526 57532,-135492 57557,-135443 57564,-135419 57554,-135356 57550,-135348 57533,-135323 57511,-135294 57509,-135295 57495,-135308 57484,-135298 57481,-135266 57484,-135246 57490,-135227 57489,-135209 57461,-135161 57454,-135168 57446,-135159 57439,-135146 57419,-135065 57418,-135040 57420,-135027 57422,-134927 57420,-134893 57410,-134849 57342,-134806 57300,-134813 57294,-134829 57300,-134835 57330,-134885 57331,-134922 57329,-134951 57324,-134954 57309,-134955 57306,-134953 57303,-134947 57304,-134922 57288,-134880 57265,-134855 57249,-134842 57058,-134756 57010,-134738 56968,-134738 56948,-134740 56929,-134719 56901,-134696 56851,-134699 56825,-134674 56805,-134663 56729,-134634 56666,-134620 56637,-134616 56554,-134627 56541,-134634 56539,-134640 56541,-134671 56524,-134670 56503,-134664 56495,-134659 56492,-134655 56472,-134645 56406,-134637 56316,-134634 56285,-134634 56266,-134635 56198,-134654 56182,-134660 56170,-134667
AK 57322,-135703 57316,-135703 57309,-135705 57276,-135688 57262,-135657 57258,-135655 57255,-135655 57248,-135659 57246,-135659 57243,-135656 57236,-135637 57224,-135621 57218,-135621 57184,-135605 57161,-135597 57149,-135602 57145,-135599 57143,-135592 57151,-135581 57151,-135576 57147,-135566 57137,-135566 57104,-135576 57094,-135575 57022,-135635 57015,-135651 57017,-135681 57008,-135754 57006,-135765 57000,-135768 56997,-135772 56988,-135822 56995,-135854 56997,-135857 57030,-135852 57071,-135842 57091,-135835 57107,-135806 57113,-135777 57121,-135756 57152,-135736 57155,-135735 57169,-135753 57173,-135762 57178,-135786 57174,-135801 57193,-135824 57254,-135834 57302,-135829 57314,-135840 57320,-135856 57323,-135860 57331,-135861 57337,-135851 57339,-135839 57343,-135761 57337,-135730 57331,-135715 57322,-135703
AK 60580,-147563 60574,-147555 60560,-147552 60535,-147566 60507,-147608 60466,-147624 60437,-147620 60414,-147674 60405,-147691 60388,-147682 60390,-147630 60384,-147622 60369,-147619 60341,-147639 60309,-147671 60286,-147704 60246,-147699 60228,-147705 60202,-147720 60156,-147761 60154,-147766 60161,-147784 60180,-147820 60195,-147846 60198,-147832 60201,-147828 60207,-147829 60216,-147855 60224,-147909 60222,-147945 60229,-147956 60244,-147951 60274,-147933 60414,-147837 60476,-147793 60483,-147783 60484,-147778 60477,-147766 60457,-147779 60441,-147751 60441,-147738 60448,-147715 60452,-147709 60467,-147717 60472,-147727 60503,-147726 60509,-147722 60566,-147614 60581,-147566 60580,-147563
AK 60700,-147444 60710,-147385 60667,-147309 60661,-147303 60633,-147337 60629,-147344 60619,-147457 60619,-147486 60655,-147502 60687,-147486 60694,-147480 60700,-147450 60700,-147444
AK 60742,-147952 60736,-147906 60698,-147848 60695,-147846 60677,-147860 60671,-147868 60656,-147933 60674,-147971 60725,-148020 60752,-147965 60748,-147957 60742,-147952
AK 60913,-147131 60912,-147115 60900,-147078 60894,-147072 60875,-147090 60858,-147127 60854,-147142 60862,-147192 60870,-147218 60873,-147253 60874,-147309 60877,-147326 60880,-147321 60910,-147226 60909,-147210 60903,-147193 60904,-147179 60913,-147131
AK 60294,-147218 60305,-147195 60321,-147183 60323,-147185 60326,-147196 60325,-147212 60327,-147215 60335,-147219 60344,-147215 60346,-147212 60372,-147148 60381,-147113 60379,-147099 60375,-147092 60369,-147089 60363,-147093 60357,-147104 60342,-147095 60339,-147074 60344,-147013 60343,-147006 60340,-147004 60334,-147004 60323,-147015 60292,-147090 60280,-147103 60277,-147104 60265,-147080 60270,-147065 60312,-146963 60316,-146944 60315,-146916 60310,-146912 60298,-146911 60270,-146948 60232,-147002 60179,-147140 60151,-147202 60114,-147254 60043,-147365 60011,-147389 60004,-147389 59975,-147438 59955,-147493 59951,-147500 59937,-147505 59926,-147500 59923,-147494 59921,-147483 59922,-147476 59916,-147449 59914,-147444 59881,-147452 59870,-147467 59852,-147533 59853,-147542 59857,-147540 59861,-147543 59869,-147571 59869,-147596 59866,-147622 59851,-147652 59844,-147657 59839,-147657 59832,-147660 59821,-147677 59819,-147694 59820,-147727 59823,-147739 59822,-147745 59802,-147811 59790,-147831 59783,-147874 59792,-147913 59800,-147925 59803,-147928 59853,-147908 59869,-147895 59880,-147878 59887,-147857 59888,-147808 59909,-147797 59923,-147809 59936,-147804 59968,-147740 59970,-147729 59964,-147707 59963,-147691 59964,-147686 59980,-147660 59987,-147663 60006,-147647 60051,-147556 60077,-147480 60088,-147451 60096,-147433 60113,-147406 60126,-147389 60191,-147320 60203,-147316 60215,-147323 60223,-147312 60227,-147281 60229,-147250 60231,-147244 60254,-147219 60270,-147206 60294,-147218
AK 51263,-179069 51251,-179072 51226,-179098 51220,-179127 51229,-179136 51277,-179147 51286,-179137 51301,-179113 51301,-179095 51285,-179075 51263,-179069
AK 51339,-178954 51333,-178954 51323,-178965 51314,-178979 51311,-178987 51312,-178991 51381,-178992 51399,-178978 51402,-178964 51384,-178927 51364,-178914 51341,-178909 51339,-178954
AK 51633,178786 51635,178804 51623,178865 51615,178904 51606,178919 51595,178918 51588,178919 51586,178921 51552,179003 51499,179077 51485,179101 51469,179144 51465,179165 51465,179178 51463,179191 51439,179218 51424,179227 51413,179230 51410,179236 51406,179264 51405,179335 51404,179386 51401,179401 51376,179463 51372,179468 51365,179450 51359,179399 51361,179390 51364,179385 51372,179367 51358,179262 51377,179220 51387,179218 51393,179207 51441,179097 51455,179060 51479,179035 51497,179014 51531,178969 51542,178952 51579,178844 51581,178832 51575,178795 51572,178785 51576,178768 51593,178706 51624,178634 51626,178632 51637,178626 51658,178646 51662,178664 51659,178676 51650,178682 51644,178690 51633,178738 51633,178786
AK 51868,-176762 51909,-176798 51927,-176810 51957,-176790 51966,-176774 51970,-176737 51970,-176721 51964,-176699 51970,-176631 51978,-176627 51997,-176604 52003,-176590 52003,-176580 51997,-176561 51991,-176554 51927,-176545 51910,-176555 51909,-176558 51915,-176566 51921,-176569 51926,-176566 51951,-176570 51953,-176576 51951,-176579 51948,-176583 51903,-176616 51896,-176620 51883,-176623 51860,-176625 51842,-176576 51839,-176543 51840,-176518 51846,-176508 51868,-176398 51872,-176312 51872,-176291 51870,-176287 51864,-176282 51818,-176266 51785,-176268 51772,-176274 51742,-176290 51732,-176344 51747,-176474 51761,-176497 51763,-176510 51758,-176519 51692,-176583 51693,-176608 51685,-176703 51683,-176713 51662,-176736 51635,-176752 51613,-176802 51616,-176809 51634,-176824 51641,-176826 51660,-176814 51683,-176838 51685,-176863 51636,-176903 51592,-176931 51591,-176939 51593,-176954 51602,-176984 51607,-176987 51629,-176991 51657,-176984 51666,-176976 51687,-176950 51697,-176931 51697,-176907 51700,-176897 51724,-176874 51729,-176871 51732,-176871 51767,-176882 51772,-176905 51788,-176918 51797,-176917 51808,-176911 51812,-176904 51818,-176856 51817,-176790 51868,-176762
AK 51778,-177801 51771,-177796 51754,-177814 51732,-177842 51723,-177842 51717,-177838 51712,-177828 51706,-177827 51690,-177841 51681,-177856 51679,-177868 51681,-177877 51689,-177888 51693,-177899 51692,-177903 51674,-177919 51655,-177929 51651,-177929 51642,-177926 51631,-177915 51606,-177903 51598,-177906 51597,-177909 51601,-177930 51612,-177945 51620,-177951 51638,-177953 51647,-177957 51650,-177964 51671,-178070 51664,-178086 51670,-178109 51678,-178118 51702,-178104 51707,-178022 51720,-177962 51723,-177956 51740,-177948 51753,-177947 51766,-177950 51773,-177957 51778,-177965 51782,-177995 51779,-178039 51787,-178059 51799,-178081 51808,-178086 51840,-178173 51858,-178215 51865,-178224 51874,-178228 51881,-178225 51885,-178221 51905,-178197 51912,-178175 51917,-178145 51920,-178125 51919,-178091 51917,-178071 51913,-178061 51910,-178002 51918,-177964 51915,-177952 51880,-177913 51858,-177924 51854,-177922 51827,-177860 51826,-177852 51831,-177760 51844,-177692 51855,-177615 51853,-177615 51838,-177625 51821,-177649 51813,-177686 51814,-177692 51808,-177736 51793,-177798 51778,-177801
AK 51728,-177360 51734,-177391 51731,-177418 51725,-177445 51714,-177464 51705,-177490 51699,-177540 51698,-177571 51705,-177608 51704,-177617 51697,-177632 51672,-177641 51660,-177636 51654,-177651 51664,-177671 51703,-177708 51707,-177705 51713,-177698 51736,-177640 51726,-177597 51721,-177555 51721,-177537 51725,-177516 51739,-177498 51751,-177461 51784,-177281 51799,-177238 51812,-177212 51821,-177206 51845,-177201 51883,-177199 51925,-177200 51931,-177198 51938,-177191 51943,-177181 51944,-177155 51936,-177099 51909,-177055 51899,-177045 51855,-177081 51840,-177120 51834,-177129 51814,-177137 51763,-177131 51740,-177121 51729,-177123 51707,-177146 51681,-177262 51681,-177275 51684,-177296 51690,-177317 51693,-177318 51697,-177318 51701,-177316 51711,-177323 51721,-177343 51728,-177360
AK 51746,-178792 51747,-178808 51749,-178816 51783,-178873 51795,-178870 51821,-178858 51836,-178829 51840,-178819 51839,-178811 51833,-178789 51823,-178768 51810,-178748 51784,-178733 51758,-178750 51749,-178777 51746,-178792
AK 51764,178381 51773,178367 51774,178364 51772,178339 51770,178336 51772,178319 51776,178309 51777,178305 51817,178246 51828,178237 51822,178306 51820,178310 51816,178319 51809,178332 51807,178336 51774,178372 51764,178381
AK 51889,-175972 51893,-175958 51881,-175953 51868,-175954 51846,-175963 51852,-175984 51846,-176048 51811,-176101 51803,-176124 51802,-176140 51807,-176183 51813,-176217 51823,-176236 51826,-176236 51875,-176218 51883,-176206 51882,-176174 51880,-176170 51877,-176169 51870,-176161 51860,-176141 51856,-176099 51859,-176080 51868,-176072 51870,-176073 51875,-176079 51887,-176115 51890,-176111 51903,-176065 51911,-176020 51913,-175993 51908,-175985 51889,-175972
AK 52016,177602 52005,177577 52002,177572 51979,177538 51970,177533 51959,177540 51956,177544 51952,177572 51951,177580 51955,177608 51951,177612 51937,177611 51925,177607 51922,177601 51916,177561 51923,177484 51931,177410 51920,177374 51904,177349 51874,177327 51871,177327 51867,177334 51844,177334 51829,177322 51826,177312 51829,177303 51837,177294 51840,177296 51846,177293 51857,177273 51873,177236 51876,177212 51881,177204 51895,177200 51897,177203 51910,177234 51920,177273 51919,177291 51955,177342 51963,177346 51980,177413 51985,177484 51993,177497 52009,177503 52016,177506 52039,177505 52101,177546 52122,177563 52137,177603 52113,177662 52092,177676 52076,177667 52069,177659 52070,177654 52068,177642 52065,177633 52029,177609 52016,177602
AK 51947,179759 51924,179752 51912,179743 51908,179735 51874,179649 51872,179639 51872,179614 51897,179522 51921,179485 51937,179476 51983,179482 51984,179487 51984,179515 51981,179527 51985,179539 52011,179571 52017,179583 52025,179622 52026,179648 52023,179663 52005,179704 51971,179774 51962,179778 51959,179777 51948,179767 51947,179759
AK 51978,178447 51988,178463 51988,178479 51974,178553 51968,178571 51953,178592 51945,178590 51926,178567 51903,178539 51900,178519 51900,178502 51910,178485 51932,178468 51961,178455 51978,178447
AK 51969,-175680 51972,-175673 51972,-175670 51967,-175655 51965,-175652 51962,-175653 51934,-175717 51934,-175730 51946,-175747 51951,-175748 51967,-175743 51973,-175735 51976,-175726 51969,-175680
AK 52020,-176018 52009,-176044 51994,-176032 51992,-176028 51985,-176022 51981,-176023 51975,-176028 51968,-176057 51969,-176079 52000,-176180 52006,-176185 52040,-176202 52066,-176212 52076,-176205 52102,-176173 52116,-176144 52106,-176058 52036,-175989 52025,-175999 52020,-176018
AK 52049,178118 52052,178119 52051,178142 52037,178176 52033,178180 52004,178191 51992,178174 51987,178133 51998,178106 52004,178103 52033,178095 52046,178107 52049,178118
AK 52279,-174302 52284,-174323 52285,-174346 52281,-174349 52280,-174369 52290,-174408 52306,-174452 52314,-174456 52319,-174454 52326,-174443 52328,-174433 52321,-174384 52314,-174367 52314,-174359 52322,-174341 52328,-174331 52345,-174318 52356,-174321 52366,-174330 52374,-174330 52378,-174325 52418,-174185 52416,-174156 52390,-174068 52349,-174017 52325,-173989 52318,-173985 52299,-173986 52295,-173988 52245,-174036 52225,-174060 52224,-174084 52228,-174107 52234,-174178 52233,-174183 52219,-174199 52212,-174200 52196,-174197 52190,-174190 52182,-174175 52169,-174135 52139,-174090 52132,-174083 52128,-174081 52107,-174089 52104,-174094 52105,-174102 52113,-174109 52117,-174114 52125,-174142 52117,-174206 52105,-174218 52111,-174303 52115,-174334 52109,-174348 52097,-174366 52082,-174383 52049,-174411 52061,-174453 52055,-174508 52049,-174509 52037,-174556 52040,-174581 52045,-174594 52033,-174616 52010,-174715 52007,-174737 52032,-174783 52043,-174886 52037,-174968 52028,-175001 52021,-175015 52007,-175015 52001,-175096 52004,-175105 52012,-175156 52019,-175275 52019,-175293 52015,-175301 52011,-175303 52007,-175323 52022,-175342 52027,-175327 52051,-175196 52058,-175157 52059,-175133 52054,-175117 52053,-175118 52046,-175114 52035,-175093 52058,-175044 52061,-174995 52059,-174992 52061,-174980 52078,-174937 52092,-174922 52101,-174928 52109,-174920 52117,-174905 52103,-174867 52091,-174840 52091,-174787 52108,-174656 52122,-174605 52138,-174568 52154,-174557 52160,-174555 52175,-174527 52179,-174497 52181,-174465 52177,-174456 52169,-174424 52169,-174415 52181,-174405 52184,-174405 52203,-174458 52213,-174463 52219,-174454 52219,-174400 52213,-174361 52212,-174329 52215,-174299 52244,-174250 52274,-174256 52279,-174302
AK 52154,-173602 52145,-173591 52108,-173514 52104,-173497 52116,-173468 52108,-173375 52106,-173376 52103,-173373 52096,-173357 52100,-173238 52109,-173173 52109,-173125 52108,-173119 52099,-173107 52096,-173066 52098,-173020 52094,-172959 52087,-172961 52075,-173033 52073,-173048 52079,-173108 52064,-173207 52059,-173314 52046,-173424 52031,-173512 52029,-173548 52051,-173612 52063,-173718 52054,-173800 52049,-173817 52043,-173821 52041,-173832 52049,-173901 52058,-173937 52065,-173936 52099,-173971 52101,-173992 52098,-174002 52099,-174011 52113,-174035 52122,-174047 52130,-174052 52133,-174048 52136,-174037 52128,-173984 52125,-173891 52110,-173831 52106,-173824 52105,-173818 52106,-173802 52130,-173721 52146,-173654 52152,-173625 52154,-173602
AK 52071,177355 52075,177333 52080,177321 52090,177305 52102,177291 52114,177283 52128,177280 52135,177282 52144,177289 52156,177306 52167,177329 52170,177341 52175,177367 52174,177384 52168,177409 52157,177426 52147,177438 52135,177446 52114,177447 52105,177443 52097,177436 52092,177429 52080,177402 52075,177387 52071,177355
AK 52266,-172633 52299,-172620 52345,-172574 52349,-172568 52384,-172475 52391,-172448 52389,-172405 52366,-172326 52356,-172311 52342,-172302 52330,-172301 52321,-172313 52277,-172414 52254,-172528 52253,-172609 52255,-172617 52266,-172633
AK 52335,175911 52337,175903 52345,175891 52361,175873 52371,175874 52376,175907 52368,175951 52360,175967 52336,175944 52335,175911
AK 52477,173588 52507,173624 52513,173681 52512,173736 52512,173770 52510,173773 52507,173772 52496,173755 52493,173739 52477,173708 52459,173696 52446,173692 52439,173694 52435,173702 52432,173704 52421,173712 52398,173719 52357,173726 52356,173651 52358,173645 52359,173641 52378,173607 52392,173595 52401,173589 52401,173560 52393,173544 52385,173512 52383,173484 52385,173465 52390,173456 52403,173395 52404,173386 52404,173357 52406,173356 52432,173380 52454,173440 52455,173446 52444,173468 52442,173476 52441,173501 52448,173525 52450,173530 52467,173550 52470,173550 52476,173545 52479,173556 52477,173588
AK 52451,-171295 52449,-171299 52450,-171304 52473,-171313 52494,-171313 52502,-171308 52515,-171291 52523,-171277 52530,-171252 52500,-171196 52498,-171195 52469,-171209 52463,-171215 52451,-171237 52449,-171252 52451,-171295
AK 52558,-170842 52600,-170833 52633,-170821 52636,-170818 52680,-170728 52698,-170672 52697,-170634 52682,-170580 52675,-170563 52668,-170560 52652,-170557 52641,-170564 52602,-170604 52596,-170635 52594,-170659 52595,-170665 52601,-170668 52603,-170674 52602,-170684 52598,-170696 52581,-170736 52558,-170767 52547,-170777 52540,-170788 52558,-170842
AK 52735,174069 52742,174092 52743,174097 52734,174133 52729,174145 52715,174156 52707,174159 52706,174158 52709,174109 52718,174072 52731,174066 52735,174069
AK 52785,-170171 52787,-170129 52774,-170062 52769,-170053 52759,-170053 52746,-170055 52724,-170070 52720,-170078 52716,-170114 52717,-170171 52722,-170185 52723,-170186 52785,-170171
AK 52824,172763 52848,172767 52863,172767 52877,172754 52925,172640 52921,172585 52914,172549 52905,172513 52911,172469 52927,172462 53001,172629 53005,172643 53011,172747 52993,173107 52990,173122 52988,173132 52974,173160 52961,173172 52939,173212 52944,173235 52944,173251 52927,173295 52845,173422 52831,173428 52829,173424 52828,173413 52823,173302 52828,173284 52856,173229 52856,173224 52849,173205 52831,173188 52804,173174 52795,173167 52786,173143 52784,173135 52784,173119 52797,172998 52762,172904 52789,172809 52824,172763
AK 52861,-169944 52853,-169906 52858,-169860 52878,-169818 52894,-169774 52893,-169749 52886,-169705 52864,-169667 52827,-169683 52794,-169704 52791,-169750 52817,-169838 52816,-169880 52809,-169887 52802,-169897 52793,-169927 52789,-169951 52790,-169963 52805,-169995 52831,-170012 52847,-170004 52856,-169990 52859,-169975 52861,-169944
AK 53256,-168212 53255,-168227 53243,-168271 53227,-168296 53215,-168312 53186,-168342 53155,-168344 53129,-168373 53124,-168392 53111,-168413 53094,-168434 53086,-168443 53075,-168451 53056,-168457 53035,-168497 53029,-168527 53030,-168546 53033,-168553 53030,-168579 53027,-168588 53009,-168614 52998,-168625 52966,-168688 52951,-168742 52926,-168809 52884,-168907 52839,-169041 52824,-169102 52863,-169054 52870,-169039 52873,-168992 52878,-168972 52886,-168959 52968,-168861 53045,-168785 53071,-168764 53081,-168760 53094,-168769 53098,-168776 53101,-168789 53108,-168802 53120,-168805 53144,-168799 53156,-168792 53161,-168789 53183,-168763 53261,-168617 53252,-168539 53252,-168525 53257,-168501 53264,-168491 53265,-168445 53258,-168413 53252,-168367 53252,-168362 53262,-168344 53309,-168365 53317,-168371 53318,-168376 53346,-168407 53431,-168387 53476,-168342 53482,-168316 53489,-168296 53518,-168240 53522,-168238 53534,-168200 53545,-168145 53566,-168005 53562,-167981 53554,-167963 53553,-167961 53543,-167966 53539,-167965 53527,-167939 53521,-167902 53520,-167889 53518,-167817 53521,-167797 53521,-167791 53519,-167789 53514,-167786 53501,-167784 53492,-167788 53474,-167808 53454,-167844 53445,-167853 53438,-167858 53429,-167857 53421,-167852 53417,-167845 53410,-167840 53394,-167840 53386,-167842 53378,-167852 53367,-167873 53367,-167878 53342,-167959 53330,-167988 53317,-168009 53304,-168040 53268,-168159 53256,-168212
AK 52891,-169997 52884,-169999 52880,-170002 52870,-170016 52857,-170050 52871,-170095 52891,-170113 52902,-170113 52919,-170092 52924,-170084 52924,-170047 52917,-170020 52910,-170002 52902,-169996 52891,-169997
AK 52947,-169722 52952,-169741 52967,-169758 52972,-169761 52978,-169763 53021,-169746 53024,-169743 53034,-169698 53035,-169680 53024,-169665 53021,-169664 52997,-169666 52958,-169698 52947,-169722
AK 54003,-166729 54017,-166677 54014,-166645 54012,-166637 54001,-166620 53984,-166600 53960,-166587 53955,-166605 53954,-166622 53924,-166647 53913,-166640 53894,-166619 53884,-166597 53879,-166575 53879,-166561 53895,-166488 53910,-166444 53916,-166437 53920,-166435 53956,-166437 54010,-166374 54009,-166367 54002,-166357 53999,-166355 53996,-166354 53977,-166360 53960,-166320 53983,-166279 53978,-166265 53934,-166211 53929,-166209 53912,-166211 53881,-166237 53877,-166251 53870,-166320 53859,-166352 53832,-166389 53809,-166405 53798,-166435 53749,-166547 53728,-166552 53716,-166541 53736,-166469 53746,-166460 53762,-166420 53787,-166337 53792,-166303 53817,-166213 53820,-166214 53828,-166212 53836,-166199 53855,-166120 53854,-166113 53844,-166098 53839,-166094 53777,-166111 53733,-166167 53727,-166199 53704,-166263 53698,-166265 53687,-166275 53684,-166283 53641,-166445 53647,-166468 53631,-166533 53623,-166554 53530,-166581 53487,-166656 53485,-166662 53486,-166668 53498,-166712 53507,-166735 53515,-166743 53496,-166773 53453,-166789 53444,-166863 53430,-166878 53441,-166923 53456,-166959 53429,-166994 53449,-167036 53449,-167048 53433,-167050 53425,-167075 53417,-167112 53426,-167124 53426,-167134 53398,-167201 53364,-167292 53337,-167303 53334,-167308 53333,-167349 53341,-167387 53321,-167443 53296,-167466 53269,-167488 53268,-167515 53276,-167531 53278,-167539 53289,-167589 53288,-167598 53285,-167610 53250,-167622 53251,-167644 53285,-167799 53300,-167835 53309,-167852 53316,-167852 53336,-167791 53381,-167710 53388,-167694 53392,-167653 53385,-167622 53420,-167488 53432,-167474 53438,-167473 53443,-167457 53440,-167394 53433,-167374 53424,-167356 53433,-167333 53451,-167319 53466,-167301 53479,-167279 53478,-167268 53469,-167226 53465,-167218 53463,-167200 53467,-167194 53504,-167159 53515,-167102 53541,-167106 53547,-167131 53551,-167136 53606,-167162 53614,-167163 53617,-167160 53627,-167140 53633,-167108 53633,-167091 53627,-167085 53620,-167070 53620,-167062 53635,-167010 53642,-167009 53649,-167018 53654,-167030 53666,-167072 53687,-167068 53699,-167058 53708,-167041 53715,-167022 53719,-166999 53720,-166923 53718,-166895 53674,-166859 53659,-166862 53657,-166833 53666,-166806 53719,-166780 53735,-166787 53747,-166856 53770,-166943 53777,-166961 53775,-166976 53771,-166983 53763,-166993 53755,-167006 53755,-167017 53757,-167025 53786,-167076 53827,-167142 53867,-167141 53930,-167058 53945,-167031 53976,-166930 53989,-166879 53993,-166819 54016,-166752 54017,-166746 54016,-166743 54003,-166729
AK 56609,-169554 56612,-169529 56611,-169507 56602,-169473 56599,-169472 56583,-169490 56541,-169569 56537,-169583 56542,-169641 56544,-169650 56547,-169658 56555,-169668 56561,-169673 56567,-169671 56578,-169675 56583,-169684 56592,-169756 56613,-169786 56618,-169790 56621,-169764 56612,-169679 56607,-169612 56609,-169554
AK 57128,-170286 57145,-170291 57155,-170304 57157,-170325 57156,-170360 57161,-170422 57169,-170424 57192,-170420 57193,-170419 57202,-170403 57206,-170390 57217,-170332 57219,-170312 57212,-170292 57211,-170268 57215,-170240 57230,-170162 57223,-170151 57181,-170171 57128,-170286
AK 55908,-155621 55908,-155568 55897,-155561 55883,-155560 55848,-155584 55809,-155564 55789,-155566 55762,-155589 55760,-155611 55776,-155649 55772,-155719 55779,-155728 55822,-155750 55831,-155743 55860,-155663 55894,-155638 55908,-155621
AK 56572,-154404 56562,-154394 56558,-154391 56554,-154392 56535,-154437 56503,-154530 56494,-154572 56472,-154634 56453,-154669 56437,-154691 56424,-154704 56404,-154737 56402,-154743 56401,-154765 56404,-154776 56411,-154789 56419,-154800 56427,-154805 56434,-154806 56462,-154778 56496,-154740 56521,-154706 56601,-154535 56604,-154525 56604,-154514 56600,-154450 56587,-154413 56581,-154402 56576,-154399 56572,-154404
AK 56558,-153941 56565,-153915 56566,-153879 56558,-153871 56551,-153868 56534,-153888 56507,-153953 56502,-153994 56502,-154120 56506,-154144 56508,-154164 56502,-154197 56491,-154232 56502,-154304 56510,-154343 56512,-154347 56526,-154361 56543,-154362 56564,-154341 56585,-154311 56595,-154290 56609,-154244 56613,-154224 56610,-154210 56607,-154206 56604,-154185 56609,-154137 56617,-154113 56618,-154103 56618,-154096 56615,-154090 56604,-154082 56590,-154079 56584,-154075 56556,-154042 56552,-154025 56551,-154009 56558,-153941
AK 57815,-152417 57829,-152364 57835,-152351 57824,-152324 57783,-152311 57772,-152317 57768,-152322 57762,-152343 57764,-152349 57768,-152349 57774,-152357 57777,-152381 57776,-152444 57767,-152466 57763,-152471 57739,-152497 57734,-152497 57681,-152468 57668,-152443 57687,-152401 57687,-152399 57685,-152394 57642,-152429 57606,-152461 57601,-152468 57598,-152468 57594,-152460 57590,-152440 57593,-152426 57608,-152402 57612,-152387 57619,-152362 57623,-152323 57626,-152265 57625,-152180 57623,-152162 57619,-152152 57594,-152160 57585,-152164 57527,-152260 57517,-152291 57486,-152315 57468,-152324 57442,-152326 57428,-152362 57435,-152416 57452,-152495 57432,-152517 57449,-152571 57469,-152600 57466,-152646 57464,-152663 57467,-152684 57478,-152717 57482,-152720 57488,-152719 57494,-152723 57506,-152743 57504,-152770 57494,-152799 57495,-152809 57497,-152826 57502,-152839 57511,-152886 57520,-152940 57520,-152955 57512,-152966 57510,-152967 57498,-152949 57498,-152940 57501,-152922 57487,-152890 57458,-152763 57448,-152743 57433,-152723 57413,-152673 57406,-152630 57402,-152620 57382,-152601 57364,-152607 57323,-152630 57304,-152658 57281,-152696 57276,-152708 57278,-152712 57290,-152774 57280,-152788 57265,-152818 57291,-152886 57303,-152901 57324,-152909 57340,-152985 57340,-153009 57329,-153056 57322,-153079 57311,-153099 57297,-153116 57287,-153101 57287,-153096 57293,-153039 57298,-153018 57300,-153016 57299,-153013 57283,-152971 57259,-152944 57257,-152943 57249,-152951 57231,-152998 57215,-153057 57211,-153078 57212,-153125 57217,-153163 57220,-153170 57222,-153202 57219,-153210 57213,-153215 57209,-153216 57205,-153214 57181,-153166 57175,-153124 57183,-153097 57187,-153074 57187,-152949 57165,-152880 57161,-152875 57151,-152870 57132,-152901 57127,-152911 57120,-152951 57119,-152997 57091,-153119 57093,-153129 57095,-153133 57099,-153134 57101,-153146 57095,-153180 57076,-153215 57068,-153221 57062,-153222 57060,-153221 57056,-153213 57056,-153205 57042,-153200 57034,-153204 57007,-153235 56991,-153301 56991,-153313 57008,-153349 57011,-153349 57037,-153321 57043,-153324 57072,-153365 57060,-153397 57070,-153403 57081,-153404 57115,-153385 57120,-153380 57140,-153346 57142,-153328 57174,-153284 57176,-153283 57184,-153286 57194,-153310 57192,-153350 57185,-153368 57181,-153369 57177,-153367 57086,-153487 57075,-153490 57065,-153499 57078,-153536 57090,-153564 57093,-153577 57085,-153654 57070,-153676 57055,-153676 57054,-153664 57057,-153601 57056,-153596 57049,-153581 56995,-153543 56969,-153557 56943,-153601 56937,-153627 56933,-153671 56926,-153701 56894,-153731 56878,-153715 56878,-153705 56881,-153696 56872,-153689 56862,-153697 56853,-153715 56834,-153778 56843,-153796 56847,-153801 56849,-153807 56849,-153818 56839,-153849 56836,-153854 56793,-153904 56767,-153924 56748,-153963 56745,-153972 56743,-153990 56743,-154016 56756,-154023 56763,-154037 56764,-154051 56760,-154064 56751,-154085 56746,-154107 56742,-154129 56742,-154137 56746,-154149 56783,-154125 56841,-154073 56845,-154067 56850,-154055 56854,-154041 56855,-154031 56890,-153985 56916,-153936 56927,-153895 56944,-153863 56957,-153850 56963,-153873 56968,-153903 56965,-153914 56962,-153918 56959,-153935 56955,-153977 56962,-153980 56997,-153977 57063,-153932 57087,-153887 57090,-153875 57089,-153859 57113,-153805 57132,-153783 57143,-153777 57159,-153779 57161,-153789 57157,-153806 57142,-153823 57140,-153824 57119,-153862 57066,-153983 57051,-153994 57017,-154024 56987,-154056 56971,-154077 56956,-154123 56945,-154145 56945,-154159 56943,-154165 56910,-154212 56896,-154224 56883,-154227 56876,-154226 56872,-154232 56854,-154277 56846,-154299 56847,-154306 56852,-154300 56863,-154298 56892,-154300 56912,-154307 56919,-154313 56960,-154385 56968,-154407 56984,-154476 56989,-154512 56992,-154525 57002,-154529 57030,-154517 57078,-154515 57169,-154530 57184,-154534 57196,-154540 57240,-154574 57257,-154595 57268,-154614 57284,-154692 57284,-154698 57277,-154740 57280,-154777 57287,-154792 57289,-154794 57308,-154752 57315,-154743 57401,-154701 57413,-154700 57421,-154703 57446,-154693 57510,-154630 57515,-154619 57519,-154603 57519,-154592 57540,-154541 57578,-154522 57579,-154511 57574,-154500 57570,-154468 57585,-154432 57598,-154411 57631,-154344 57661,-154226 57665,-154197 57659,-154187 57649,-154086 57652,-154056 57661,-154032 57657,-153995 57650,-153983 57648,-153983 57605,-153985 57553,-153982 57539,-153971 57540,-153948 57538,-153939 57533,-153929 57529,-153926 57520,-153923 57499,-153922 57485,-153920 57442,-153909 57422,-153896 57351,-153803 57349,-153795 57360,-153774 57372,-153773 57412,-153812 57446,-153873 57448,-153874 57505,-153889 57543,-153876 57552,-153869 57561,-153848 57578,-153825 57589,-153813 57598,-153824 57613,-153847 57614,-153853 57630,-153878 57634,-153880 57646,-153874 57650,-153868 57651,-153859 57646,-153749 57641,-153705 57639,-153667 57640,-153663 57654,-153649 57661,-153658 57670,-153677 57697,-153798 57707,-153863 57705,-153888 57696,-153918 57697,-153930 57704,-153933 57813,-153935 57865,-153823 57884,-153755 57891,-153721 57880,-153649 57832,-153571 57787,-153551 57763,-153551 57760,-153553 57735,-153558 57722,-153554 57718,-153550 57717,-153515 57728,-153493 57767,-153470 57795,-153462 57815,-153480 57834,-153487 57842,-153479 57839,-153452 57829,-153407 57810,-153354 57811,-153343 57831,-153325 57836,-153323 57848,-153325 57850,-153328 57859,-153396 57875,-153446 57881,-153462 57909,-153512 57922,-153529 57931,-153537 57941,-153533 57963,-153520 57969,-153513 57977,-153485 57977,-153469 57973,-153461 57964,-153453 57890,-153274 57889,-153268 57892,-153237 57857,-153127 57857,-153123 57862,-153093 57865,-153089 57930,-153199 57941,-153233 57959,-153270 57986,-153299 57992,-153302 57996,-153298 57998,-153277 57997,-153235 57989,-153222 57984,-153217 57947,-153129 57934,-153070 57937,-153053 57940,-153051 57957,-153024 57932,-152876 57933,-152872 57947,-152856 57975,-152853 57995,-152855 57997,-152841 57992,-152723 57987,-152723 57945,-152740 57933,-152752 57899,-152805 57891,-152823 57843,-152893 57830,-152903 57810,-152910 57771,-152916 57751,-152904 57742,-152893 57738,-152882 57738,-152874 57740,-152850 57747,-152848 57752,-152852 57770,-152855 57821,-152850 57830,-152841 57843,-152823 57858,-152790 57840,-152758 57834,-152753 57835,-152725 57864,-152650 57881,-152626 57890,-152626 57900,-152640 57902,-152642 57914,-152639 57919,-152635 57927,-152588 57908,-152586 57900,-152567 57900,-152550 57913,-152526 57942,-152488 57962,-152470 57976,-152433 57976,-152421 57973,-152415 57969,-152412 57949,-152423 57940,-152438 57937,-152437 57931,-152426 57924,-152389 57926,-152362 57917,-152324 57903,-152333 57884,-152365 57887,-152377 57891,-152386 57895,-152395 57901,-152404 57902,-152415 57903,-152448 57889,-152469 57824,-152434 57820,-152429 57815,-152417
AK 58241,-152243 58242,-152281 58221,-152311 58136,-152265 58126,-152274 58119,-152344 58121,-152402 58128,-152425 58130,-152483 58114,-152515 58094,-152529 58088,-152530 58084,-152542 58085,-152554 58086,-152557 58115,-152570 58161,-152557 58171,-152560 58178,-152563 58187,-152584 58180,-152598 58116,-152615 58082,-152631 58061,-152657 58051,-152707 58047,-152771 58050,-152778 58065,-152779 58073,-152792 58079,-152809 58096,-152882 58116,-152959 58125,-152973 58134,-152984 58134,-152997 58100,-153076 58096,-153076 58074,-153057 58056,-153036 58045,-153021 58035,-152965 58002,-152877 57999,-152872 57997,-152871 57984,-152948 57985,-152982 58005,-153097 58030,-153203 58035,-153210 58042,-153215 58044,-153218 58050,-153290 58041,-153345 58039,-153366 58060,-153420 58064,-153418 58070,-153413 58140,-153316 58148,-153282 58148,-153274 58145,-153263 58123,-153228 58102,-153199 58088,-153169 58090,-153156 58106,-153149 58128,-153168 58150,-153210 58162,-153224 58208,-153203 58217,-153170 58195,-153074 58195,-153061 58199,-153037 58212,-153001 58214,-152998 58222,-153007 58236,-153062 58244,-153083 58258,-153102 58260,-153102 58264,-153099 58306,-153044 58300,-153004 58296,-152993 58287,-152982 58280,-152941 58283,-152888 58289,-152879 58305,-152870 58307,-152884 58307,-152912 58313,-152921 58331,-152937 58335,-152936 58340,-152926 58345,-152895 58336,-152871 58329,-152822 58340,-152805 58367,-152774 58369,-152787 58372,-152839 58400,-152883 58409,-152889 58411,-152886 58404,-152865 58403,-152844 58403,-152812 58411,-152788 58420,-152775 58430,-152771 58461,-152734 58462,-152723 58460,-152690 58476,-152611 58490,-152602 58495,-152601 58496,-152609 58494,-152619 58494,-152623 58507,-152654 58544,-152666 58564,-152666 58587,-152639 58602,-152616 58621,-152568 58620,-152560 58611,-152550 58601,-152550 58594,-152545 58593,-152503 58619,-152454 58638,-152355 58637,-152338 58632,-152330 58589,-152337 58531,-152372 58523,-152388 58515,-152418 58477,-152467 58450,-152499 58442,-152506 58427,-152512 58355,-152494 58351,-152477 58359,-152387 58365,-152365 58392,-152345 58402,-152348 58413,-152355 58416,-152359 58423,-152356 58434,-152328 58434,-152321 58429,-152302 58416,-152280 58376,-152228 58362,-152235 58357,-152225 58355,-152201 58396,-152129 58396,-152125 58373,-152090 58368,-152089 58330,-152120 58296,-152138 58267,-152147 58249,-152147 58249,-152117 58261,-152108 58280,-152108 58310,-152082 58350,-151986 58348,-151982 58333,-151966 58329,-151964 58269,-151964 58231,-151972 58214,-151986 58154,-152081 58149,-152112 58174,-152195 58195,-152223 58202,-152224 58206,-152220 58206,-152207 58212,-152204 58243,-152234 58241,-152243
AK 56440,-132977 56449,-132957 56457,-132928 56458,-132896 56457,-132872 56445,-132843 56440,-132819 56441,-132808 56449,-132792 56452,-132783 56459,-132734 56455,-132716 56440,-132668 56422,-132634 56416,-132629 56391,-132621 56376,-132652 56369,-132662 56354,-132679 56346,-132684 56333,-132677 56320,-132662 56304,-132655 56296,-132656 56275,-132662 56258,-132721 56255,-132776 56239,-132844 56240,-132878 56309,-133011 56321,-133045 56334,-133068 56354,-133071 56356,-133069 56358,-133060 56371,-133046 56416,-133007 56418,-133006 56421,-133011 56424,-133011 56431,-133002 56440,-132977
AK 58400,-135447 58400,-135461 58394,-135466 58386,-135512 58391,-135521 58408,-135556 58428,-135622 58429,-135630 58397,-135728 58390,-135826 58381,-135907 58381,-135918 58386,-135921 58389,-135920 58416,-135897 58450,-135897 58464,-135916 58463,-135923 58452,-135935 58452,-135940 58464,-135988 58470,-135997 58480,-136000 58487,-135991 58495,-135968 58493,-135956 58495,-135945 58506,-135907 58514,-135893 58534,-135895 58541,-135914 58573,-135929 58619,-135912 58712,-136012 58723,-136016 58732,-136009 58743,-136012 58782,-136046 58808,-136083 58816,-136090 58825,-136077 58836,-136045 58913,-136050 58928,-136061 58968,-136120 58977,-136145 58977,-136163 58973,-136164 58962,-136160 58947,-136150 58925,-136124 58864,-136107 58757,-136151 58752,-136162 58751,-136214 58753,-136247 58813,-136397 58818,-136431 58831,-136475 58839,-136494 58928,-136528 58955,-136527 58967,-136545 58963,-136560 58957,-136572 58947,-136576 58929,-136576 58909,-136586 58890,-136630 58893,-136670 58895,-136677 58904,-136695 58914,-136705 58924,-136725 58930,-136750 58937,-136783 58936,-136789 58923,-136803 58920,-136841 58932,-136860 58943,-136858 58962,-136878 58947,-136919 58938,-136916 58916,-136932 58916,-136935 58909,-136933 58900,-136929 58885,-136868 58871,-136768 58877,-136745 58856,-136676 58846,-136613 58839,-136583 58820,-136538 58782,-136463 58693,-136357 58684,-136354 58667,-136373 58654,-136396 58649,-136410 58647,-136422 58638,-136450 58617,-136482 58608,-136459 58630,-136383 58645,-136343 58664,-136331 58671,-136317 58663,-136246 58677,-136232 58675,-136223 58665,-136214 58582,-136194 58535,-136182 58527,-136170 58501,-136100 58478,-136104 58447,-136084 58436,-136062 58417,-136053 58380,-136042 58349,-136093 58343,-136112 58314,-136266 58314,-136277 58316,-136288 58318,-136296 58323,-136304 58329,-136305 58336,-136303 58343,-136299 58351,-136290 58353,-136282 58363,-136274 58367,-136283 58370,-136289 58378,-136337 58363,-136382 58347,-136365 58344,-136360 58329,-136357 58302,-136371 58299,-136376 58297,-136390 58306,-136472 58334,-136533 58340,-136550 58350,-136593 58348,-136613 58341,-136630 58328,-136639 58321,-136626 58278,-136577 58269,-136570 58245,-136568 58218,-136592 58215,-136597 58210,-136620 58207,-136659 58219,-136701 58245,-136723 58256,-136731 58274,-136717 58286,-136730 58287,-136762 58290,-136784 58316,-136858 58329,-136849 58393,-136947 58404,-136986 58409,-137009 58409,-137018 58397,-137078 58393,-137112 58407,-137134 58430,-137180 58453,-137239 58456,-137253 58459,-137279 58466,-137296 58516,-137409 58558,-137497 58588,-137568 58601,-137609 58600,-137633 58616,-137672 58622,-137681 58647,-137677 58660,-137684 58665,-137688 58725,-137795 58757,-137875 58765,-137902 58781,-137928 58794,-137942 58802,-137944 58805,-137945 58814,-137939 58820,-137932 58827,-137928 58844,-137925 58868,-137933 58886,-137952 58910,-137985 58957,-138066 58989,-138136 59003,-138131 59012,-138118 59021,-138119 59028,-138145 59047,-138251 59131,-138637 59163,-138706 59191,-138763 59225,-138847 59249,-138920 59280,-139045 59337,-139271 59357,-139343 59380,-139420 59423,-139541 59445,-139595 59503,-139746 59537,-139856 59544,-139863 59547,-139861 59557,-139847 59562,-139838 59554,-139807 59564,-139785 59598,-139769 59633,-139737 59637,-139732 59641,-139719 59643,-139708 59639,-139667 59633,-139655 59621,-139656 59616,-139671 59611,-139676 59603,-139672 59598,-139655 59596,-139623 59597,-139615 59606,-139587 59609,-139581 59614,-139583 59619,-139589 59624,-139593 59643,-139586 59688,-139518 59713,-139524 59707,-139553 59712,-139579 59716,-139587 59722,-139593 59725,-139592 59735,-139582 59738,-139576 59743,-139559 59753,-139546 59775,-139562 59789,-139577 59810,-139590 59864,-139617 59884,-139625 59907,-139621 59912,-139617 59914,-139611 59914,-139597 59918,-139577 59935,-139536 59940,-139527 59995,-139489 60012,-139486 60039,-139505 60039,-139555 60015,-139577 59960,-139602 59956,-139606 59945,-139657 59944,-139682 59941,-139693 59935,-139705 59878,-139770 59851,-139769 59845,-139776 59833,-139801 59829,-139811 59806,-139910 59755,-140103 59748,-140141 59742,-140165 59736,-140178 59725,-140189 59716,-140211 59703,-140256 59701,-140272 59699,-140286 59698,-140314 59699,-140385 59713,-140602 59711,-140637 59719,-140722 59738,-140884 59746,-140927 59773,-141013 59814,-141156 59827,-141216 59867,-141424 59873,-141442 59890,-141451 59971,-141468 59978,-141530 59963,-141631 59949,-141709 59999,-141870 60010,-141912 60019,-141966 60023,-141999 60024,-142062 60027,-142100 60030,-142130 60050,-142245 60084,-142538 60088,-142590 60093,-142698 60095,-142810 60092,-142875 60090,-142909 60069,-143069 60062,-143136 60062,-143194 60052,-143413 60037,-143624 60028,-143699 59997,-143885 59996,-143891 59998,-143931 60006,-143979 60009,-143989 60014,-143989 60018,-143991 60021,-144001 60024,-144014 60025,-144044 60037,-144055 60047,-144052 60060,-144033 60114,-144141 60137,-144205 60143,-144230 60166,-144254 60183,-144254 60189,-144319 60188,-144359 60186,-144369 60169,-144379 60163,-144442 60166,-144454 60182,-144478 60190,-144501 60189,-144535 60187,-144545 60182,-144554 60178,-144555 60178,-144558 60182,-144596 60205,-144655 60223,-144667 60229,-144663 60239,-144662 60244,-144666 60271,-144715 60284,-144753 60292,-144783 60293,-144893 60281,-144914 60290,-144942 60363,-144913 60407,-144871 60417,-144855 60444,-144834 60455,-144849 60457,-144874 60456,-144887 60443,-144903 60444,-144964 60447,-144984 60448,-145012 60429,-145126 60422,-145152 60408,-145181 60395,-145191 60375,-145203 60330,-145170 60296,-145112 60290,-145122 60298,-145223 60336,-145364 60388,-145503 60409,-145510 60411,-145504 60417,-145502 60421,-145502 60431,-145537 60443,-145562 60452,-145594 60465,-145669 60475,-145736 60462,-145799 60446,-145853 60445,-145882 60455,-145947 60461,-145957 60465,-145961 60468,-145961 60492,-145914 60502,-145863 60520,-145802 60583,-145713 60595,-145736 60592,-145764 60579,-145781 60562,-145799 60550,-145821 60550,-145829 60514,-145965 60493,-146039 60480,-146074 60470,-146110 60450,-146217 60451,-146247 60457,-146313 60461,-146317 60454,-146351 60449,-146355 60426,-146356 60408,-146350 60407,-146330 60414,-146309 60418,-146284 60432,-146134 60431,-146127 60428,-146124 60424,-146126 60410,-146094 60384,-146133 60360,-146199 60348,-146268 60349,-146302 60327,-146393 60307,-146458 60295,-146490 60271,-146540 60241,-146607 60240,-146628 60241,-146641 60243,-146650 60271,-146689 60280,-146694 60285,-146693 60292,-146681 60305,-146650 60321,-146595 60322,-146572 60339,-146540 60351,-146524 60358,-146543 60357,-146575 60352,-146607 60341,-146624 60340,-146656 60350,-146717 60360,-146725 60388,-146724 60396,-146721 60467,-146637 60486,-146610 60491,-146591 60492,-146529 60487,-146524 60477,-146505 60465,-146455 60481,-146368 60497,-146316 60516,-146290 60526,-146156 60543,-146080 60577,-145951 60586,-145887 60585,-145873 60587,-145844 60594,-145800 60601,-145795 60603,-145795 60612,-145816 60615,-145832 60611,-145856 60610,-145888 60612,-145896 60614,-145898 60629,-145896 60629,-145895 60651,-145897 60658,-145884 60667,-145868 60686,-145841 60690,-145841 60690,-145845 60690,-145852 60688,-145858 60683,-145876 60674,-145894 60671,-145899 60652,-145922 60649,-145925 60632,-145937 60630,-145937 60623,-145966 60615,-146003 60616,-146005 60617,-146006 60620,-146008 60625,-146008 60641,-145999 60668,-145969 60683,-145937 60685,-145931 60697,-145912 60706,-145899 60715,-145901 60715,-145905 60685,-145978 60667,-146016 60665,-146025 60659,-146056 60652,-146086 60643,-146117 60639,-146131 60634,-146143 60631,-146147 60625,-146188 60622,-146253 60626,-146258 60632,-146263 60641,-146269 60645,-146270 60648,-146270 60652,-146263 60687,-146188 60691,-146179 60708,-146141 60712,-146124 60719,-146101 60744,-146044 60754,-146045 60764,-146049 60777,-146065 60774,-146067 60771,-146071 60761,-146085 60758,-146090 60742,-146120 60726,-146160 60725,-146168 60732,-146191 60734,-146199 60736,-146202 60743,-146200 60744,-146209 60742,-146217 60736,-146228 60722,-146231 60717,-146240 60713,-146258 60713,-146303 60718,-146314 60721,-146317 60724,-146318 60734,-146312 60736,-146347 60715,-146387 60693,-146403 60690,-146413 60682,-146474 60680,-146500 60688,-146518 60690,-146532 60690,-146579 60686,-146607 60680,-146623 60683,-146649 60693,-146668 60732,-146699 60742,-146704 60759,-146605 60751,-146567 60772,-146501 60771,-146465 60786,-146359 60798,-146304 60810,-146255 60847,-146183 60863,-146172 60866,-146173 60869,-146188 60868,-146263 60864,-146269 60843,-146290 60828,-146314 60822,-146333 60812,-146394 60809,-146551 60810,-146556 60869,-146620 60871,-146664 60848,-146701 60836,-146718 60830,-146720 60820,-146715 60814,-146720 60812,-146725 60808,-146755 60805,-146801 60816,-146819 60842,-146819 60856,-146816 60866,-146787 60876,-146774 60878,-146757 60866,-146727 60873,-146698 60896,-146711 60910,-146736 60935,-146747 60958,-146746 60987,-146701 61048,-146653 61061,-146662 61064,-146691 61043,-146784 61001,-146848 60983,-146863 60976,-146862 60971,-146869 60965,-146880 60944,-146930 60935,-146973 60942,-147039 60945,-147056 60963,-147071 60974,-147063 60991,-147047 61004,-147063 61010,-147095 61003,-147113 60981,-147137 60963,-147145 60946,-147136 60940,-147143 60933,-147172 60933,-147181 60943,-147205 60948,-147215 60953,-147221 60962,-147226 60970,-147220 60982,-147220 60984,-147222 60980,-147253 60975,-147274 60961,-147278 60917,-147280 60878,-147378 60894,-147452 60897,-147453 60926,-147452 60941,-147453 60958,-147473 60958,-147492 60927,-147507 60921,-147506 60920,-147502 60912,-147494 60895,-147517 60896,-147525 60903,-147543 60908,-147550 61019,-147537 61031,-147534 61061,-147516 61072,-147502 61096,-147514 61101,-147525 61100,-147558 61092,-147554 61081,-147557 61017,-147591 60970,-147619 60951,-147614 60914,-147598 60874,-147587 60850,-147602 60845,-147627 60842,-147669 60845,-147672 60870,-147677 60875,-147663 60884,-147666 60911,-147730 60913,-147761 60874,-147787 60863,-147780 60854,-147767 60852,-147750 60825,-147732 60818,-147729 60817,-147733 60814,-147743 60811,-147777 60816,-147829 60821,-147856 60825,-147913 60819,-147915 60812,-147920 60783,-148034 60787,-148098 60791,-148134 60797,-148144 60818,-148152 60829,-148148 60899,-148102 60919,-148085 60938,-148065 60972,-148017 61029,-147951 61041,-147948 61060,-147962 61067,-147973 61070,-147983 61070,-147991 61060,-148002 61054,-148003 61004,-148066 61005,-148090 61011,-148095 61035,-148105 61071,-148125 61077,-148149 61069,-148166 61043,-148164 61000,-148178 60972,-148199 60954,-148219 60938,-148242 60936,-148266 60918,-148281 60863,-148294 60838,-148310 60809,-148341 60804,-148350 60803,-148375 60806,-148390 60814,-148397 60827,-148427 60809,-148446 60796,-148450 60789,-148451 60778,-148442 60772,-148431 60780,-148406 60780,-148396 60776,-148382 60766,-148366 60741,-148365 60688,-148384 60673,-148374 60680,-148348 60710,-148326 60753,-148280 60757,-148270 60764,-148230 60759,-148148 60749,-148120 60740,-148107 60676,-148091 60662,-148094 60623,-148143 60595,-148230 60600,-148238 60595,-148255 60565,-148293 60551,-148306 60532,-148328 60530,-148333 60503,-148346 60489,-148346 60476,-148329 60483,-148294 60493,-148255 60501,-148248 60508,-148250 60521,-148239 60557,-148192 60596,-148115 60598,-148103 60596,-148086 60519,-147979 60503,-147964 60486,-147971 60481,-147977 60444,-147942 60353,-147993 60279,-148026 60276,-148064 60280,-148116 60296,-148150 60303,-148153 60312,-148154 60321,-148150 60324,-148150 60335,-148171 60339,-148193 60332,-148217 60318,-148216 60307,-148211 60301,-148215 60271,-148285 60263,-148313 60262,-148326 60222,-148362 60213,-148339 60214,-148333 60218,-148321 60249,-148276 60260,-148217 60259,-148208 60252,-148192 60249,-148188 60242,-148193 60237,-148201 60236,-148229 60224,-148234 60207,-148191 60206,-148165 60212,-148159 60226,-148154 60236,-148153 60241,-148140 60216,-148090 60191,-148117 60188,-148134 60185,-148135 60170,-148131 60167,-148126 60169,-148091 60172,-148080 60184,-148080 60190,-148086 60192,-148083 60200,-148062 60202,-148052 60176,-148003 60168,-148007 60157,-148018 60151,-148029 60148,-148032 60149,-148064 60120,-148097 60074,-148122 60066,-148096 60073,-148079 60091,-148053 60112,-148040 60125,-148012 60141,-147962 60133,-147913 60120,-147892 60110,-147888 60101,-147893 60065,-147973 60062,-147999 60038,-148014 60007,-148024 59999,-148016 59999,-147986 60036,-147924 60063,-147892 60070,-147880 60076,-147861 60079,-147848 60067,-147822 60062,-147816 60059,-147815 60045,-147824 60007,-147864 59986,-147918 59962,-148006 59956,-148032 59957,-148037 59969,-148051 59977,-148050 59990,-148056 59989,-148070 59978,-148086 59969,-148105 59959,-148135 59955,-148154 59950,-148225 59952,-148251 59956,-148253 59995,-148213 59999,-148194 59997,-148180 59995,-148148 59998,-148132 60003,-148129 60012,-148139 60026,-148176 60018,-148213 60013,-148274 60029,-148318 60054,-148306 60060,-148290 60151,-148293 60162,-148306 60165,-148317 60162,-148347 60157,-148358 60121,-148369 60063,-148382 59998,-148401 59969,-148429 59964,-148446 59974,-148470 59980,-148480 59983,-148483 59990,-148477 59999,-148480 60003,-148509 60003,-148544 59985,-148556 59981,-148555 59951,-148599 59940,-148636 59945,-148674 59947,-148676 59952,-148675 59965,-148664 59967,-148662 59970,-148661 59972,-148663 59973,-148668 59973,-148675 59968,-148689 59962,-148716 59964,-148726 59965,-148728 59972,-148730 59981,-148737 59985,-148743 59988,-148750 59989,-148755 59989,-148760 59988,-148764 59987,-148767 59983,-148770 59977,-148798 59976,-148801 59963,-148811 59950,-148838 59950,-148872 59955,-148884 59966,-148889 59973,-148902 59983,-148913 59987,-148915 59993,-148913 59996,-148918 59999,-148938 59998,-148958 59990,-148978 59981,-148990 59976,-149017 59979,-149028 59984,-149029 59992,-149027 59998,-149031 59999,-149043 59982,-149068 59983,-149095 59986,-149101 59991,-149102 59993,-149102 59994,-149102 59996,-149099 59997,-149095 59999,-149090 60005,-149089 60020,-149073 60031,-149042 60041,-149037 60049,-149040 60059,-149049 60061,-149059 60045,-149097 60045,-149133 60009,-149205 59983,-149224 59939,-149235 59907,-149288 59987,-149327 60001,-149326 60077,-149342 60102,-149360 60100,-149393 60089,-149417 59998,-149417 59996,-149428 59991,-149435 59950,-149463 59953,-149476 59965,-149507 59920,-149550 59867,-149584 59823,-149542 59807,-149511 59750,-149528 59756,-149599 59800,-149641 59851,-149666 59911,-149706 59861,-149754 59732,-149739 59718,-149752 59698,-149759 59686,-149778 59678,-149798 59701,-149843 59752,-149839 59785,-149890 59801,-149977 59789,-150028 59772,-150043 59754,-150016 59745,-149979 59718,-149948 59698,-149963 59683,-150003 59656,-150023 59614,-150032 59638,-150068 59649,-150096 59603,-150108 59561,-150168 59539,-150223 59521,-150254 59508,-150310 59512,-150343 59541,-150334 59563,-150316 59599,-150318 59601,-150348 59598,-150355 59555,-150412 59514,-150432 59458,-150479 59456,-150499 59462,-150516 59468,-150522 59475,-150522 59477,-150518 59482,-150516 59487,-150516 59495,-150523 59498,-150536 59510,-150544 59527,-150550 59539,-150550 59563,-150533 59581,-150537 59587,-150542 59590,-150548 59590,-150556 59579,-150576 59565,-150589 59553,-150595 59546,-150602 59545,-150615 59549,-150631 59547,-150640 59532,-150639 59522,-150632 59510,-150615 59500,-150595 59500,-150590 59495,-150585 59480,-150580 59476,-150580 59468,-150584 59450,-150586 59445,-150581 59426,-150601 59421,-150650 59422,-150652 59445,-150654 59454,-150656 59458,-150667 59459,-150683 59451,-150717 59442,-150729 59425,-150740 59401,-150745 59373,-150770 59363,-150795 59357,-150820 59352,-150835 59318,-150877 59312,-150912 59305,-150913 59286,-150896 59274,-150888 59268,-150888 59256,-150898 59233,-150942 59233,-150960 59236,-150975 59231,-150988 59224,-150995 59224,-151001 59233,-151007 59246,-151009 59252,-151007 59258,-150997 59271,-150999 59269,-151023 59276,-151032 59294,-151044 59299,-151046 59302,-151058 59288,-151070 59284,-151068 59281,-151072 59269,-151087 59269,-151092 59263,-151106 59241,-151101 59229,-151102 59218,-151108 59210,-151126 59203,-151163 59203,-151186 59207,-151191 59211,-151193 59219,-151206 59224,-151224 59220,-151262 59230,-151274 59230,-151281 59228,-151285 59225,-151287 59219,-151288 59214,-151293 59210,-151306 59222,-151342 59242,-151380 59250,-151387 59265,-151391 59276,-151400 59279,-151407 59269,-151429 59254,-151438 59248,-151449 59238,-151489 59234,-151510 59230,-151518 59225,-151525 59217,-151520 59213,-151505 59208,-151500 59204,-151498 59200,-151499 59195,-151503 59195,-151521 59200,-151558 59195,-151575 59188,-151579 59173,-151576 59165,-151580 59162,-151591 59163,-151699 59158,-151711 59156,-151721 59156,-151739 59159,-151748 59176,-151765 59205,-151761 59216,-151759 59221,-151761 59209,-151838 59212,-151874 59228,-151916 59231,-151917 59237,-151911 59238,-151906 59247,-151905 59254,-151925 59250,-151953 59248,-151959 59254,-151979 59314,-151992 59345,-151963 59349,-151953 59354,-151924 59360,-151903 59373,-151891 59383,-151887 59395,-151908 59401,-151905 59421,-151887 59439,-151826 59448,-151771 59447,-151751 59438,-151741 59440,-151728 59443,-151720 59463,-151706 59468,-151695 59482,-151634 59469,-151570 59467,-151542 59472,-151528 59477,-151506 59475,-151486 59472,-151471 59484,-151466 59503,-151470 59530,-151436 59538,-151421 59541,-151366 59551,-151324 59556,-151272 59563,-151267 59569,-151265 59576,-151272 59589,-151279 59593,-151279 59597,-151275 59592,-151202 59578,-151204 59574,-151209 59562,-151208 59562,-151193 59587,-151164 59594,-151158 59601,-151165 59609,-151188 59630,-151205 59641,-151208 59646,-151203 59652,-151174 59668,-151126 59675,-151121 59678,-151123 59696,-151116 59709,-151098 59757,-151019 59793,-150927 59792,-150948 59784,-150983 59788,-151002 59793,-151007 59796,-151028 59793,-151064 59777,-151114 59751,-151172 59730,-151215 59684,-151330 59681,-151377 59671,-151425 59666,-151437 59663,-151439 59654,-151441 59648,-151449 59643,-151461 59634,-151504 59647,-151643 59661,-151686 59686,-151747 59704,-151796 59720,-151829 59739,-151850 59750,-151859 59769,-151869 59778,-151868 59791,-151857 59814,-151833 59844,-151814 59879,-151803 59889,-151793 59897,-151778 59918,-151758 59945,-151743 60009,-151718 60032,-151703 60057,-151661 60088,-151624 60100,-151607 60128,-151546 60145,-151518 60168,-151489 60213,-151422 60228,-151407 60267,-151388 60297,-151382 60326,-151383 60359,-151382 60366,-151377 60373,-151367 60387,-151306 60385,-151302 60385,-151300 60416,-151293 60435,-151287 60452,-151284 60513,-151281 60520,-151279 60543,-151264 60549,-151268 60561,-151303 60574,-151324 60581,-151330 60594,-151339 60613,-151344 60623,-151346 60635,-151350 60654,-151362 60675,-151388 60695,-151404 60711,-151410 60721,-151409 60730,-151385 60734,-151371 60741,-151309 60748,-151280 60751,-151271 60758,-151261 60763,-151259 60770,-151261 60774,-151253 60780,-151212 60784,-151106 60787,-151063 60794,-151037 60797,-151026 60802,-151025 60809,-151012 60853,-150896 60858,-150887 60862,-150884 60878,-150846 60891,-150808 60911,-150771 60938,-150706 60958,-150678 60974,-150603 60982,-150582 60999,-150515 61005,-150511 61008,-150502 61017,-150455 61024,-150432 61036,-150402 61039,-150377 61032,-150354 61024,-150342 60990,-150310 60967,-150286 60948,-150262 60939,-150244 60930,-150217 60925,-150188 60914,-150085 60914,-150070 60910,-150046 60916,-150049 60919,-150047 60921,-150040 60930,-149953 60938,-149912 60960,-149875 60967,-149854 60969,-149836 60967,-149817 60968,-149770 60963,-149765 60962,-149753 60988,-149735 60995,-149736 61017,-149740 61024,-149752 61038,-149784 61041,-149785 61059,-149806 61076,-149832 61079,-149857 61101,-149916 61115,-149960 61144,-150039 61151,-150066 61156,-150075 61166,-150068 61204,-150010 61223,-149987 61228,-149987 61238,-149986 61254,-150075 61258,-150133 61260,-150205 61255,-150254 61251,-150266 61252,-150274 61257,-150287 61257,-150304 61256,-150304 61254,-150312 61251,-150335 61249,-150394 61246,-150425 61245,-150469 61247,-150484 61251,-150496 61281,-150562 61281,-150590 61279,-150592 61278,-150607 61284,-150628 61297,-150646 61298,-150656 61295,-150663 61274,-150671 61266,-150680 61259,-150690 61251,-150711 61228,-150827 61224,-150842 61221,-150849 61209,-150896 61206,-150927 61210,-150939 61210,-150942 61209,-150946 61206,-150947 61203,-150947 61199,-150951 61194,-150960 61192,-150972 61189,-150990 61183,-151013 61178,-151025 61142,-151073 61133,-151078 61091,-151120 61084,-151122 61077,-151127 61063,-151143 61046,-151167 61043,-151190 61040,-151252 61036,-151294 61031,-151308 61026,-151313 61015,-151331 61010,-151349 61009,-151362 61013,-151425 61012,-151468 61011,-151480 60992,-151538 60976,-151574 60957,-151621 60947,-151637 60942,-151641 60922,-151680 60918,-151693 60917,-151714 60904,-151721 60892,-151736 60869,-151783 60863,-151792 60854,-151800 60839,-151797 60822,-151787 60810,-151777 60789,-151752 60732,-151704 60728,-151703 60718,-151706 60713,-151710 60710,-151716 60712,-151744 60714,-151749 60721,-151760 60727,-151784 60729,-151804 60732,-151811 60742,-151823 60747,-151831 60754,-151852 60753,-151860 60750,-151865 60738,-151850 60736,-151848 60734,-151849 60727,-151870 60718,-151917 60723,-151918 60730,-151916 60732,-151919 60734,-151923 60733,-151944 60728,-151945 60722,-151948 60721,-151962 60728,-151968 60693,-152079 60634,-152114 60578,-152136 60576,-152148 60577,-152164 60570,-152195 60538,-152261 60506,-152309 60500,-152315 60474,-152331 60461,-152333 60443,-152330 60435,-152326 60420,-152312 60414,-152302 60394,-152234 60370,-152301 60366,-152308 60359,-152316 60356,-152352 60353,-152366 60350,-152371 60346,-152377 60328,-152386 60316,-152386 60302,-152392 60288,-152411 60285,-152421 60286,-152444 60284,-152456 60275,-152482 60251,-152528 60242,-152540 60228,-152549 60224,-152557 60219,-152625 60221,-152626 60223,-152627 60226,-152628 60229,-152642 60242,-152660 60244,-152670 60241,-152699 60241,-152716 60233,-152747 60224,-152743 60211,-152755 60203,-152755 60190,-152750 60175,-152734 60165,-152700 60166,-152688 60164,-152678 60152,-152674 60140,-152687 60138,-152686 60122,-152658 60116,-152635 60101,-152597 60082,-152575 60072,-152569 60048,-152575 60036,-152590 60025,-152609 60015,-152613 60009,-152612 59988,-152649 59968,-152679 59933,-152694 59920,-152701 59915,-152706 59904,-152745 59897,-152794 59888,-152807 59878,-152810 59875,-152861 59877,-152875 59882,-152883 59882,-152900 59878,-152920 59877,-152951 59881,-152967 59887,-153003 59886,-153020 59882,-153047 59871,-153079 59860,-153145 59863,-153213 59858,-153226 59853,-153229 59836,-153257 59828,-153279 59821,-153286 59817,-153285 59811,-153279 59811,-153258 59822,-153237 59825,-153217 59825,-153197 59822,-153182 59808,-153144 59816,-153114 59833,-153089 59834,-153022 59831,-153009 59827,-153004 59810,-152992 59791,-152994 59724,-153031 59692,-153052 59678,-153109 59678,-153122 59654,-153155 59634,-153214 59632,-153240 59638,-153253 59643,-153263 59667,-153275 59670,-153287 59669,-153302 59666,-153314 59665,-153315 59662,-153315 59654,-153307 59636,-153298 59633,-153298 59628,-153303 59626,-153309 59621,-153343 59634,-153367 59638,-153382 59639,-153392 59636,-153409 59639,-153415 59642,-153418 59651,-153416 59659,-153394 59667,-153385 59689,-153378 59732,-153375 59785,-153440 59792,-153455 59764,-153459 59744,-153450 59729,-153445 59717,-153442 59701,-153441 59690,-153444 59652,-153465 59643,-153476 59630,-153542 59639,-153564 59652,-153587 59639,-153605 59628,-153611 59622,-153609 59611,-153592 59606,-153558 59597,-153553 59588,-153555 59556,-153578 59551,-153585 59553,-153618 59556,-153635 59555,-153651 59550,-153719 59543,-153761 59522,-153766 59506,-153734 59478,-153706 59464,-153699 59435,-153728 59430,-153747 59419,-153807 59418,-153823 59424,-153862 59418,-153897 59414,-153911 59405,-153925 59386,-153946 59387,-153951 59393,-153955 59397,-153960 59397,-153990 59394,-153994 59391,-153996 59385,-153999 59383,-154007 59382,-154026 59386,-154036 59388,-154045 59387,-154052 59383,-154062 59368,-154088 59366,-154101 59366,-154118 59361,-154122 59353,-154121 59343,-154103 59344,-154034 59337,-154029 59327,-154031 59313,-154078 59300,-154114 59288,-154123 59263,-154137 59217,-154141 59211,-154131 59172,-154173 59152,-154215 59144,-154244 59143,-154260 59138,-154263 59118,-154257 59111,-154251 59115,-154244 59119,-154240 59125,-154227 59123,-154181 59120,-154174 59101,-154167 59091,-154166 59083,-154172 59069,-154195 59061,-154197 59044,-154190 59022,-154171 59011,-154160 59018,-154158 59025,-154132 59037,-154108 59072,-154063 59074,-154032 59073,-154009 59067,-153950 59063,-153933 59053,-153850 59055,-153838 59065,-153816 59071,-153810 59072,-153803 59071,-153794 59053,-153751 59059,-153749 59065,-153746 59076,-153704 59074,-153696 59029,-153648 59007,-153616 58984,-153547 58979,-153524 58982,-153506 58995,-153480 58987,-153463 58976,-153451 58970,-153438 58971,-153422 58966,-153398 58951,-153393 58945,-153389 58928,-153365 58922,-153352 58921,-153335 58908,-153323 58879,-153305 58875,-153305 58871,-153302 58865,-153295 58863,-153286 58867,-153267 58862,-153255 58856,-153252 58856,-153253 58847,-153318 58849,-153326 58849,-153337 58847,-153345 58844,-153351 58837,-153359 58821,-153369 58799,-153371 58766,-153385 58743,-153402 58721,-153427 58709,-153445 58709,-153459 58712,-153469 58713,-153478 58687,-153553 58671,-153578 58652,-153588 58640,-153592 58635,-153601 58612,-153678 58606,-153772 58607,-153806 58612,-153833 58612,-153851 58606,-153897 58597,-153903 58517,-153919 58515,-153910 58497,-153930 58494,-153935 58488,-153960 58488,-153974 58492,-153978 58492,-154002 58489,-154057 58486,-154065 58478,-154073 58472,-154075 58458,-154075 58447,-154074 58440,-154071 58419,-154056 58404,-154040 58403,-154034 58404,-154024 58402,-154007 58391,-153985 58376,-153999 58345,-154097 58351,-154134 58354,-154139 58358,-154150 58358,-154168 58345,-154175 58321,-154177 58320,-154175 58321,-154167 58315,-154149 58280,-154103 58211,-154145 58190,-154178 58185,-154220 58156,-154242 58143,-154216 58136,-154210 58133,-154222 58129,-154269 58136,-154291 58091,-154340 58121,-154384 58145,-154427 58148,-154437 58146,-154460 58142,-154466 58129,-154459 58122,-154452 58093,-154449 58058,-154463 58052,-154478 58050,-154501 58056,-154539 58026,-154569 58019,-154582 58033,-154644 58045,-154651 58056,-154645 58060,-154646 58064,-154653 58065,-154669 58065,-154676 58055,-154716 58051,-154722 58038,-154729 58028,-154731 58022,-154731 58012,-154746 58004,-154765 58002,-154775 58001,-154808 58003,-154820 58009,-154824 58017,-154825 58019,-154828 58028,-154877 58028,-154892 58013,-154990 57999,-155026 57954,-155119 57929,-155095 57912,-155073 57909,-155064 57904,-155062 57884,-155068 57872,-155082 57865,-155097 57855,-155152 57827,-155238 57824,-155273 57826,-155298 57828,-155303 57831,-155326 57825,-155338 57820,-155341 57781,-155335 57765,-155311 57762,-155303 57759,-155285 57757,-155285 57736,-155292 57724,-155306 57711,-155379 57745,-155468 57761,-155507 57777,-155534 57784,-155540 57787,-155546 57790,-155568 57787,-155585 57784,-155597 57778,-155609 57770,-155617 57715,-155635 57705,-155635 57694,-155626 57688,-155615 57656,-155630 57642,-155700 57633,-155724 57594,-155736 57589,-155731 57556,-155731 57550,-155733 57547,-155787 57547,-155878 57535,-155915 57539,-155946 57544,-155968 57554,-155986 57558,-155988 57571,-156011 57570,-156034 57564,-156044 57501,-156049 57487,-156045 57471,-156037 57455,-156014 57451,-156013 57440,-156022 57440,-156092 57444,-156099 57472,-156137 57482,-156184 57480,-156196 57474,-156211 57459,-156211 57445,-156220 57441,-156227 57439,-156254 57418,-156339 57400,-156362 57391,-156377 57339,-156482 57335,-156511 57329,-156534 57320,-156540 57291,-156551 57283,-156539 57281,-156507 57311,-156421 57336,-156336 57293,-156322 57265,-156333 57248,-156343 57252,-156358 57252,-156377 57242,-156399 57233,-156401 57215,-156399 57207,-156389 57193,-156356 57192,-156341 57190,-156338 57182,-156334 57160,-156355 57158,-156357 57150,-156369 57127,-156435 57106,-156456 57100,-156445 57095,-156442 57085,-156442 57055,-156509 57048,-156536 57020,-156563 57005,-156548 56986,-156547 56985,-156551 56984,-156555 56994,-156638 56991,-156754 56986,-156763 56972,-156781 56965,-156787 56961,-156788 56941,-156787 56912,-156797 56906,-156804 56898,-156826 56902,-156839 56943,-156876 56953,-156885 56958,-156886 56960,-156882 56963,-156883 56965,-156886 56966,-156894 56966,-156910 56964,-156919 56955,-156936 56920,-156936 56911,-156986 56904,-157006 56898,-157016 56884,-157035 56838,-157073 56833,-157159 56826,-157164 56824,-157163 56802,-157141 56791,-157140 56774,-157161 56769,-157184 56768,-157202 56801,-157284 56805,-157291 56811,-157291 56819,-157298 56838,-157333 56862,-157379 56864,-157395 56864,-157406 56859,-157437 56848,-157458 56833,-157472 56825,-157470 56810,-157462 56804,-157458 56801,-157448 56804,-157436 56802,-157421 56800,-157419 56778,-157411 56769,-157413 56761,-157517 56754,-157531 56739,-157545 56730,-157551 56703,-157564 56681,-157551 56675,-157542 56667,-157508 56667,-157499 56671,-157481 56670,-157479 56643,-157452 56639,-157452 56635,-157455 56626,-157462 56623,-157466 56617,-157497 56615,-157536 56619,-157546 56622,-157589 56621,-157605 56620,-157615 56613,-157636 56610,-157675 56629,-157705 56641,-157714 56648,-157716 56653,-157719 56676,-157737 56679,-157754 56679,-157764 56659,-157920 56655,-157934 56597,-158042 56582,-158043 56575,-158039 56572,-158001 56586,-157975 56588,-157959 56591,-157907 56561,-157838 56546,-157828 56514,-157818 56502,-157823 56484,-157860 56483,-157866 56488,-157886 56516,-157955 56512,-158028 56521,-158112 56518,-158120 56502,-158132 56496,-158123 56493,-158114 56490,-158112 56467,-158119 56461,-158127 56466,-158246 56481,-158285 56484,-158329 56455,-158403 56380,-158499 56376,-158502 56365,-158502 56342,-158490 56344,-158433 56329,-158397 56324,-158338 56326,-158330 56325,-158323 56294,-158207 56284,-158203 56269,-158217 56253,-158253 56249,-158277 56233,-158335 56218,-158340 56214,-158331 56210,-158265 56226,-158191 56236,-158175 56242,-158119 56242,-158115 56240,-158113 56231,-158118 56187,-158237 56164,-158314 56135,-158374 56110,-158396 56092,-158394 56065,-158395 56063,-158398 56069,-158424 56094,-158439 56096,-158438 56100,-158431 56103,-158432 56108,-158440 56109,-158455 56107,-158462 56093,-158475 56088,-158473 56055,-158448 56037,-158418 56015,-158408 56005,-158414 55994,-158431 55994,-158439 55998,-158446 56027,-158467 56028,-158476 56025,-158502 56016,-158505 56011,-158496 56007,-158494 55989,-158495 55982,-158499 55980,-158510 56045,-158596 56049,-158598 56110,-158594 56116,-158584 56119,-158575 56121,-158575 56130,-158600 56121,-158628 56114,-158640 56099,-158660 56078,-158667 56035,-158661 56031,-158652 56023,-158643 56016,-158639 56005,-158637 55986,-158639 55959,-158653 55951,-158673 55953,-158737 55959,-158749 55964,-158751 55996,-158735 56003,-158730 56010,-158747 56003,-158854 55951,-158898 55935,-158909 55927,-159000 55909,-159139 55891,-159272 55878,-159348 55872,-159375 55857,-159396 55852,-159400 55832,-159406 55810,-159409 55797,-159404 55789,-159412 55789,-159423 55793,-159435 55829,-159470 55839,-159473 55844,-159472 55853,-159465 55897,-159454 55902,-159482 55900,-159494 55888,-159528 55881,-159534 55855,-159498 55766,-159494 55748,-159504 55736,-159522 55728,-159537 55712,-159551 55705,-159552 55690,-159536 55665,-159530 55647,-159545 55633,-159564 55596,-159618 55573,-159697 55570,-159729 55570,-159734 55600,-159744 55604,-159743 55611,-159735 55615,-159724 55617,-159673 55615,-159668 55618,-159640 55629,-159627 55644,-159636 55652,-159645 55656,-159679 55681,-159681 55737,-159677 55751,-159673 55803,-159627 55805,-159625 55805,-159602 55813,-159608 55830,-159644 55846,-159713 55857,-159811 55852,-159839 55847,-159853 55842,-159858 55824,-159851 55803,-159847 55788,-159862 55785,-159876 55785,-159892 55803,-159937 55797,-160010 55792,-160026 55772,-160049 55766,-160053 55761,-160052 55758,-160049 55722,-160058 55681,-160130 55659,-160186 55641,-160280 55644,-160325 55650,-160353 55665,-160411 55665,-160416 55663,-160422 55658,-160430 55649,-160434 55640,-160433 55603,-160393 55574,-160436 55559,-160448 55533,-160464 55527,-160465 55515,-160460 55507,-160463 55489,-160482 55479,-160501 55474,-160521 55475,-160537 55502,-160544 55523,-160554 55564,-160580 55576,-160596 55576,-160615 55557,-160638 55549,-160653 55544,-160667 55556,-160707 55555,-160737 55553,-160751 55548,-160766 55539,-160773 55529,-160771 55524,-160732 55518,-160660 55513,-160654 55501,-160647 55493,-160646 55474,-160652 55460,-160667 55452,-160781 55455,-160796 55473,-160837 55490,-160843 55497,-160836 55506,-160822 55508,-160821 55516,-160828 55524,-160849 55527,-160865 55524,-160910 55519,-160923 55508,-160944 55473,-160977 55466,-160979 55461,-160977 55454,-160983 55440,-160997 55431,-161014 55357,-161232 55354,-161281 55360,-161325 55363,-161318 55373,-161312 55379,-161315 55386,-161346 55384,-161365 55368,-161445 55359,-161460 55359,-161486 55363,-161508 55385,-161514 55391,-161509 55397,-161496 55418,-161485 55441,-161478 55479,-161471 55485,-161477 55497,-161469 55570,-161376 55579,-161367 55606,-161356 55613,-161358 55618,-161363 55628,-161393 55632,-161416 55634,-161482 55630,-161526 55620,-161587 55614,-161603 55606,-161613 55519,-161699 55514,-161700 55423,-161697 55416,-161688 55408,-161686 55377,-161720 55288,-161828 55284,-161834 55281,-161845 55278,-161853 55267,-161863 55250,-161876 55241,-161880 55233,-161876 55227,-161875 55224,-161878 55205,-161903 55208,-161920 55228,-161957 55236,-161979 55239,-162030 55237,-162041 55233,-162046 55226,-162046 55169,-162002 55155,-161967 55127,-161950 55112,-161957 55107,-161961 55074,-162053 55103,-162119 55123,-162132 55141,-162119 55153,-162126 55157,-162141 55154,-162177 55119,-162218 55109,-162224 55102,-162224 55082,-162207 55067,-162190 55060,-162189 55029,-162219 55020,-162248 55020,-162254 55022,-162268 55026,-162281 55033,-162293 55040,-162300 55043,-162300 55043,-162362 55037,-162414 55052,-162471 55065,-162490 55086,-162512 55104,-162522 55115,-162521 55119,-162507 55126,-162461 55124,-162453 55118,-162443 55112,-162437 55105,-162425 55104,-162417 55106,-162411 55120,-162406 55152,-162445 55161,-162481 55184,-162494 55199,-162498 55214,-162499 55250,-162510 55252,-162513 55298,-162585 55304,-162626 55299,-162649 55294,-162662 55276,-162682 55253,-162703 55232,-162715 55220,-162718 55211,-162711 55197,-162692 55193,-162668 55197,-162645 55195,-162639 55175,-162614 55137,-162580 55130,-162583 55129,-162586 55125,-162596 55126,-162604 55097,-162619 55055,-162600 55016,-162569 54971,-162569 54972,-162588 54988,-162615 54997,-162646 54996,-162688 54991,-162707 54987,-162716 54980,-162720 54972,-162707 54966,-162705 54958,-162708 54933,-162771 54927,-162834 54927,-162845 54935,-162882 54950,-162914 55001,-162971 55017,-162966 55020,-162959 55032,-162958 55042,-162965 55080,-163002 55103,-163052 55110,-163071 55112,-163079 55110,-163112 55099,-163165 55091,-163188 55067,-163213 55050,-163225 55043,-163226 55030,-163219 55026,-163213 55017,-163189 55013,-163175 55014,-163149 54979,-163067 54969,-163050 54943,-163036 54926,-163066 54886,-163150 54847,-163214 54829,-163300 54810,-163353 54801,-163373 54791,-163373 54765,-163343 54750,-163323 54754,-163228 54755,-163220 54774,-163189 54775,-163184 54761,-163144 54733,-163108 54688,-163057 54672,-163051 54661,-163059 54662,-163097 54668,-163126 54695,-163141 54700,-163185 54699,-163195 54693,-163209 54695,-163281 54720,-163318 54743,-163327 54748,-163332 54751,-163345 54749,-163365 54746,-163381 54742,-163392 54720,-163423 54715,-163428 54710,-163425 54656,-163439 54656,-163472 54655,-163489 54623,-163572 54617,-163581 54612,-163586 54628,-163671 54635,-163747 54636,-163804 54633,-163861 54630,-163952 54632,-163966 54620,-164085 54599,-164180 54585,-164232 54573,-164258 54530,-164331 54524,-164338 54495,-164341 54485,-164336 54481,-164337 54465,-164353 54432,-164417 54420,-164457 54414,-164499 54415,-164520 54406,-164583 54402,-164602 54391,-164640 54394,-164744 54402,-164789 54418,-164845 54443,-164876 54450,-164877 54499,-164904 54508,-164910 54521,-164936 54533,-164945 54576,-164950 54580,-164949 54599,-164932 54605,-164919 54629,-164832 54641,-164761 54645,-164742 54651,-164728 54662,-164709 54756,-164630 54825,-164577 54851,-164562 54876,-164564 54889,-164550 54922,-164487 54933,-164435 54933,-164427 54915,-164373 54907,-164362 54898,-164353 54894,-164344 54902,-164295 54928,-164207 54931,-164205 54954,-164164 54969,-164119 54964,-164109 54963,-164087 54965,-164061 54970,-164031 54983,-163994 54997,-163965 55018,-163930 55032,-163909 55039,-163895 55040,-163885 55037,-163872 55038,-163854 55045,-163816 55053,-163791 55056,-163774 55048,-163741 55044,-163647 55049,-163568 55049,-163533 55041,-163527 55025,-163535 55017,-163530 54983,-163462 54970,-163443 54955,-163430 54938,-163418 54902,-163398 54894,-163399 54885,-163408 54860,-163416 54856,-163415 54855,-163411 54855,-163391 54873,-163334 54880,-163319 54899,-163319 54903,-163320 54917,-163337 54919,-163344 54925,-163348 54950,-163344 54956,-163338 54960,-163323 54959,-163315 54946,-163291 54945,-163280 54955,-163240 54959,-163237 54963,-163240 55007,-163293 55058,-163298 55106,-163311 55105,-163314 55111,-163319 55120,-163320 55126,-163315 55145,-163269 55166,-163201 55176,-163158 55184,-163105 55180,-163082 55177,-163081 55174,-163070 55172,-163032 55171,-162957 55183,-162882 55198,-162862 55224,-162840 55243,-162843 55247,-162852 55249,-162857 55248,-162869 55240,-162881 55243,-162894 55246,-162900 55248,-162902 55252,-162900 55270,-162888 55274,-162882 55308,-162750 55308,-162732 55320,-162705 55337,-162680 55364,-162650 55409,-162620 55447,-162581 55447,-162576 55468,-162533 55483,-162504 55495,-162484 55557,-162404 55614,-162326 55649,-162286 55680,-162247 55702,-162193 55718,-162147 55753,-162091 55763,-162080 55801,-161973 55833,-161899 55865,-161858 55889,-161816 55892,-161808 55897,-161773 55904,-161712 55920,-161640 55937,-161586 55954,-161450 55966,-161381 55983,-161291 55979,-161280 55975,-161278 55959,-161263 55947,-161230 55952,-161211 55955,-161097 55942,-161076 55945,-161049 55955,-161028 55959,-161023 55999,-160899 56001,-160873 55996,-160863 55954,-160814 55951,-160813 55931,-160814 55911,-160818 55916,-160835 55916,-160850 55901,-160924 55853,-160952 55835,-160946 55823,-160941 55814,-160931 55738,-160806 55757,-160765 55748,-160731 55724,-160668 55723,-160661 55730,-160656 55740,-160655 55745,-160663 55751,-160676 55755,-160695 55779,-160751 55786,-160758 55858,-160769 55871,-160734 55862,-160698 55858,-160639 55864,-160564 55868,-160550 55870,-160533 55869,-160508 55864,-160495 55841,-160478 55822,-160479 55790,-160439 55796,-160386 55778,-160343 55766,-160294 55766,-160277 55776,-160265 55784,-160269 55802,-160293 55815,-160316 55819,-160318 55832,-160273 55857,-160273 55868,-160326 55889,-160381 55909,-160421 55924,-160487 55940,-160536 55960,-160534 55973,-160527 55982,-160526 55986,-160529 55989,-160535 55997,-160560 55992,-160568 55989,-160571 55987,-160574 55985,-160577 55984,-160581 55986,-160583 56004,-160568 56077,-160489 56085,-160482 56126,-160451 56194,-160411 56232,-160396 56251,-160383 56280,-160357 56291,-160340 56302,-160316 56317,-160275 56347,-160223 56358,-160208 56373,-160196 56400,-160146 56411,-160083 56442,-160001 56454,-159977 56474,-159938 56544,-159828 56549,-159815 56597,-159636 56627,-159535 56641,-159439 56657,-159369 56670,-159324 56703,-159265 56716,-159280 56723,-159263 56763,-159156 56781,-159107 56784,-159093 56806,-159038 56815,-159018 56851,-158957 56850,-158955 56843,-158954 56828,-158934 56815,-158911 56806,-158893 56797,-158869 56793,-158853 56781,-158784 56789,-158660 56813,-158642 56837,-158643 56847,-158647 56857,-158664 56927,-158700 56989,-158679 57035,-158660 57061,-158637 57161,-158518 57212,-158454 57266,-158376 57275,-158355 57322,-158230 57345,-158150 57383,-158067 57387,-158060 57390,-158050 57390,-158034 57401,-158011 57414,-157995 57449,-157956 57472,-157937 57476,-157932 57542,-157786 57547,-157772 57563,-157704 57564,-157679 57558,-157685 57538,-157680 57500,-157649 57489,-157615 57487,-157587 57515,-157573 57523,-157573 57582,-157588 57608,-157600 57613,-157607 57615,-157652 57610,-157684 57611,-157691 57640,-157711 57722,-157704 57773,-157671 57869,-157642 57961,-157624 58034,-157612 58089,-157597 58124,-157584 58128,-157581 58148,-157557 58160,-157533 58163,-157514 58162,-157494 58173,-157397 58185,-157383 58219,-157352 58233,-157367 58232,-157375 58228,-157389 58212,-157408 58211,-157423 58219,-157443 58256,-157515 58272,-157542 58278,-157547 58304,-157556 58331,-157557 58392,-157536 58415,-157524 58472,-157488 58481,-157481 58500,-157461 58506,-157452 58527,-157397 58524,-157380 58534,-157358 58552,-157331 58565,-157314 58600,-157281 58610,-157267 58621,-157251 58660,-157179 58708,-157078 58726,-157062 58817,-157008 58837,-157003 58839,-157004 58848,-157011 58863,-157016 58876,-157012 58889,-156986 58891,-156981 58904,-156967 58941,-156976 58956,-157030 58946,-157039 58913,-157041 58888,-157071 58868,-157117 58848,-157190 58845,-157201 58842,-157216 58838,-157241 58836,-157260 58836,-157275 58818,-157353 58791,-157430 58786,-157484 58773,-157533 58769,-157538 58761,-157542 58755,-157551 58730,-157696 58723,-157722 58712,-157754 58696,-157800 58678,-157855 58643,-158001 58634,-158037 58621,-158102 58615,-158140 58614,-158190 58616,-158214 58620,-158232 58633,-158273 58643,-158297 58660,-158327 58665,-158332 58669,-158333 58675,-158330 58687,-158332 58714,-158344 58728,-158351 58748,-158377 58761,-158400 58770,-158424 58777,-158455 58783,-158513 58788,-158539 58793,-158551 58803,-158565 58807,-158566 58815,-158566 58842,-158559 58861,-158559 58876,-158566 58901,-158599 58911,-158620 58872,-158717 58871,-158730 58874,-158745 58864,-158768 58814,-158790 58808,-158791 58805,-158790 58791,-158782 58779,-158775 58774,-158770 58765,-158771 58748,-158785 58733,-158801 58728,-158812 58724,-158827 58723,-158848 58696,-158861 58626,-158828 58549,-158769 58498,-158721 58483,-158704 58408,-158795 58397,-158831 58391,-158881 58390,-158896 58397,-158944 58417,-159046 58423,-159063 58444,-159080 58556,-159187 58619,-159242 58735,-159358 58762,-159391 58798,-159451 58824,-159502 58834,-159532 58837,-159556 58841,-159580 58845,-159644 58885,-159602 58890,-159590 58900,-159587 58912,-159595 58921,-159603 58932,-159616 58939,-159642 58939,-159657 58932,-159691 58929,-159712 58932,-159723 58931,-159733 58856,-159754 58862,-159809 58824,-159793 58806,-159806 58780,-159908 58848,-159996 58870,-159985 58887,-160054 58861,-160093 58866,-160151 58917,-160154 58901,-160233 58945,-160286 58954,-160323 58994,-160257 59070,-160318 59026,-160477 58964,-160642 58910,-160753 58823,-160835 58883,-160855 58857,-161000 58844,-161035 58822,-161094 58789,-161183 58743,-161338 58735,-161345 58708,-161373 58666,-161372 58633,-161521 58611,-161551 58603,-161626 58565,-161683 58552,-161752 58599,-161766 58637,-161871 58621,-162066 58648,-162172 58689,-161995 58656,-161939 58666,-161877 58709,-161859 58775,-161770 58826,-161757 58969,-161784 59063,-161828 59151,-161982 59254,-162049 59292,-162019 59264,-161943 59362,-161957 59387,-161904 59424,-161838 59428,-161828 59468,-161790 59467,-161738 59491,-161703 59557,-161758 59646,-161855 59742,-161911 59829,-162017 59881,-162092 59945,-162101 59954,-162109 59965,-162121 59968,-162143 59984,-162172 60002,-162191 60022,-162207 60056,-162228 60077,-162235 60091,-162234 60095,-162231 60101,-162220 60116,-162202 60150,-162186 60157,-162188 60174,-162216 60180,-162239 60179,-162253 60173,-162258 60163,-162257 60158,-162258 60122,-162287 60117,-162294 60112,-162301 60108,-162317 60108,-162321 60147,-162360 60169,-162371 60173,-162372 60179,-162371 60186,-162402 60185,-162426 60176,-162446 60170,-162448 60153,-162463 60146,-162476 60138,-162484 60122,-162492 60111,-162494 60088,-162481 60048,-162477 59999,-162504 59990,-162530 59977,-162586 59972,-162623 59973,-162644 59979,-162683 59976,-162739 59969,-162740 59963,-162749 59958,-162760 59939,-162829 59924,-162907 59906,-162975 59884,-163033 59862,-163110 59845,-163173 59820,-163349 59816,-163388 59801,-163559 59796,-163663 59795,-163705 59796,-163772 59804,-163931 59828,-164080 59837,-164115 59846,-164133 59865,-164160 59916,-164202 59934,-164208 59943,-164210 59949,-164208 59955,-164199 59962,-164179 59964,-164161 59965,-164125 59973,-164115 59991,-164132 60024,-164192 60054,-164303 60056,-164336 60077,-164385 60138,-164461 60171,-164499 60177,-164494 60185,-164494 60194,-164506 60199,-164518 60205,-164542 60207,-164558 60223,-164596 60235,-164620 60243,-164634 60253,-164646 60263,-164652 60268,-164653 60296,-164699 60291,-164727 60294,-164777 60304,-164850 60317,-164899 60340,-164963 60360,-165006 60386,-165058 60434,-165129 60439,-165133 60449,-165125 60451,-165121 60461,-165070 60462,-165049 60471,-165015 60480,-164998 60508,-164961 60528,-164957 60534,-164961 60537,-164965 60540,-164971 60542,-164987 60545,-165057 60498,-165190 60496,-165244 60507,-165363 60513,-165378 60535,-165405 60551,-165420 60552,-165420 60558,-165415 60578,-165381 60581,-165368 60581,-165347 60576,-165313 60576,-165290 60579,-165269 60624,-165179 60629,-165170 60651,-165147 60689,-165063 60690,-165053 60687,-165043 60686,-165028 60699,-164992 60711,-164971 60717,-164967 60724,-164965 60730,-164972 60745,-165010 60753,-165024 60760,-165032 60773,-165041 60784,-165043 60789,-165038 60787,-165033 60786,-165020 60790,-164978 60800,-164945 60809,-164924 60823,-164939 60815,-165010 60815,-165021 60826,-165030 60838,-165030 60876,-165004 60921,-164946 60925,-164939 60925,-164926 60928,-164918 60942,-164904 60947,-164921 60945,-164940 60922,-165007 60904,-165032 60891,-165017 60860,-165081 60850,-165132 60847,-165177 60859,-165178 60896,-165223 60914,-165217 60917,-165157 60929,-165155 60940,-165172 60974,-165195 60980,-165195 60983,-165190 61011,-165134 61016,-165116 61017,-165097 61015,-165097 61013,-165083 61011,-165020 61014,-164998 61024,-164962 61031,-164951 61048,-164951 61084,-164928 61078,-164902 61080,-164870 61096,-164868 61106,-164883 61108,-164891 61111,-164941 61110,-164982 61107,-164991 61104,-164998 61079,-164999 61076,-164994 61072,-164991 61058,-164996 61052,-165011 61054,-165030 61060,-165058 61079,-165120 61114,-165168 61121,-165175 61125,-165177 61133,-165167 61137,-165166 61145,-165169 61147,-165173 61150,-165204 61182,-165290 61182,-165308 61169,-165326 61124,-165344 61105,-165350 61097,-165350 61085,-165347 61080,-165342 61078,-165337 61073,-165338 61071,-165343 61067,-165371 61067,-165403 61079,-165499 61088,-165550 61100,-165578 61111,-165591 61221,-165632 61238,-165634 61258,-165628 61269,-165621 61278,-165623 61285,-165636 61295,-165663 61310,-165787 61307,-165809 61303,-165816 61307,-165831 61319,-165859 61335,-165880 61388,-165915 61403,-165921 61410,-165922 61419,-165919 61441,-165845 61450,-165801 61450,-165791 61457,-165767 61476,-165749 61489,-165746 61499,-165754 61529,-165808 61556,-165912 61556,-165964 61551,-165982 61547,-165986 61540,-166000 61535,-166035 61533,-166076 61523,-166089 61513,-166080 61500,-166058 61493,-166075 61492,-166108 61505,-166124 61542,-166158 61551,-166165 61575,-166179 61581,-166182 61588,-166183 61700,-166159 61715,-166153 61724,-166144 61724,-166134 61722,-166133 61709,-166134 61667,-166139 61640,-166140 61632,-166139 61632,-166132 61638,-166054 61641,-166032 61646,-166015 61654,-165968 61664,-165904 61671,-165822 61673,-165810 61689,-165810 61691,-165857 61706,-165935 61723,-165994 61730,-166007 61801,-166092 61805,-166094 61814,-166094 61816,-166085 61832,-165955 61826,-165871 61825,-165758 61828,-165747 61833,-165737 61839,-165736 61842,-165730 61847,-165696 61848,-165640 61856,-165608 61860,-165600 61872,-165612 61900,-165668 61922,-165703 61947,-165726 61971,-165741 62006,-165757 62014,-165756 62047,-165749 62062,-165744 62077,-165734 62108,-165706 62140,-165672 62173,-165621 62255,-165500 62338,-165374 62359,-165338 62379,-165312 62403,-165295 62427,-165269 62470,-165200 62522,-165096 62540,-165046 62571,-164868 62592,-164770 62609,-164777 62611,-164796 62605,-164843 62600,-164894 62603,-164914 62609,-164929 62613,-164936 62618,-164940 62625,-164942 62651,-164932 62657,-164913 62646,-164866 62636,-164857 62631,-164837 62637,-164817 62769,-164857 62773,-164864 62774,-164870 62784,-164877 62798,-164878 62806,-164876 62840,-164851 62852,-164836 62858,-164795 62871,-164768 62893,-164752 62920,-164742 62945,-164746 62955,-164766 62958,-164766 63006,-164717 63022,-164685 63058,-164584 63070,-164580 63078,-164612 63073,-164641 63075,-164644 63079,-164645 63091,-164640 63098,-164634 63178,-164493 63212,-164423 63226,-164364 63251,-164209 63259,-164140 63262,-164067 63261,-164037 63248,-163970 63233,-163909 63222,-163885 63217,-163789 63217,-163755 63213,-163733 63211,-163726 63207,-163724 63188,-163704 63158,-163650 63141,-163616 63146,-163590 63135,-163530 63123,-163521 63114,-163507 63099,-163475 63089,-163434 63084,-163418 63056,-163365 63038,-163316 63049,-163131 63058,-163054 63062,-163041 63089,-162998 63120,-162920 63126,-162902 63154,-162845 63159,-162838 63165,-162835 63188,-162840 63193,-162839 63198,-162834 63206,-162821 63217,-162770 63217,-162759 63214,-162748 63215,-162724 63221,-162688 63230,-162663 63276,-162588 63286,-162572 63378,-162437 63383,-162432 63394,-162426 63401,-162429 63409,-162422 63436,-162385 63454,-162352 63473,-162302 63488,-162271 63491,-162268 63495,-162268 63526,-162289 63537,-162301 63540,-162297 63542,-162252 63530,-162190 63518,-162152 63513,-162123 63512,-162109 63514,-162073 63490,-162042 63475,-162046 63473,-162050 63471,-162051 63459,-162039 63448,-162026 63445,-161931 63447,-161840 63454,-161766 63464,-161706 63465,-161677 63454,-161592 63448,-161584 63449,-161553 63457,-161450 63471,-161310 63490,-161191 63505,-161137 63507,-161134 63533,-161120 63548,-161103 63580,-161036 63645,-160925 63658,-160904 63731,-160809 63753,-160783 63774,-160766 63793,-160762 63835,-160766 63869,-160788 63905,-160811 63954,-160852 63977,-160878 63986,-160892 64050,-160934 64090,-160952 64138,-160955 64192,-160956 64198,-160954 64204,-160947 64236,-160976 64371,-161229 64398,-161264 64401,-161314 64422,-161410 64420,-161463 64419,-161470 64408,-161493 64423,-161505 64486,-161479 64507,-161469 64533,-161389 64535,-161374 64527,-161363 64521,-161351 64514,-161321 64500,-161234 64497,-161198 64495,-161156 64494,-161078 64500,-161024 64502,-161015 64508,-161013 64517,-161017 64522,-161038 64525,-161046 64529,-161053 64532,-161056 64537,-161052 64541,-161049 64541,-160993 64544,-160971 64550,-160940 64610,-160802 64619,-160793 64623,-160792 64681,-160784 64717,-160783 64784,-160870 64822,-160936 64834,-160986 64870,-161080 64881,-161103 64898,-161133 64912,-161150 64917,-161149 64921,-161146 64927,-161176 64921,-161192 64918,-161195 64906,-161201 64899,-161201 64894,-161199 64883,-161214 64862,-161264 64853,-161293 64830,-161328 64806,-161358 64794,-161367 64782,-161364 64779,-161367 64773,-161377 64763,-161413 64759,-161430 64753,-161518 64764,-161596 64771,-161630 64776,-161646 64789,-161667 64709,-161878 64704,-161902 64699,-161939 64691,-162097 64686,-162139 64680,-162169 64672,-162188 64656,-162217 64644,-162220 64619,-162234 64609,-162270 64605,-162291 64592,-162342 64531,-162540 64520,-162555 64471,-162614 64467,-162615 64457,-162602 64449,-162603 64386,-162632 64380,-162645 64375,-162668 64360,-162719 64334,-162768 64325,-162790 64328,-162796 64336,-162805 64353,-162810 64365,-162807 64375,-162800 64395,-162802 64406,-162807 64437,-162837 64475,-162859 64500,-162858 64542,-162941 64547,-162969 64542,-163031 64540,-163043 64526,-163032 64512,-163029 64478,-163027 64438,-163091 64409,-163107 64404,-163119 64397,-163151 64399,-163175 64430,-163229 64456,-163249 64470,-163253 64506,-163351 64525,-163413 64535,-163451 64563,-163598 64567,-163652 64575,-163830 64573,-163876 64564,-163896 64551,-163974 64552,-163995 64559,-164045 64561,-164072 64565,-164147 64564,-164260 64561,-164307 64545,-164422 64530,-164491 64517,-164548 64449,-164808 64445,-164836 64441,-164874 64434,-165002 64434,-165017 64470,-165214 64498,-165413 64512,-165551 64536,-165751 64540,-165820 64549,-165920 64576,-166190 64584,-166237 64638,-166392 64651,-166414 64692,-166452 64719,-166475 64733,-166484 64786,-166481 64797,-166479 64808,-166431 64819,-166417 64828,-166410 64834,-166407 64852,-166407 64860,-166409 64872,-166416 64883,-166432 64937,-166531 64956,-166586 64964,-166615 64968,-166637 64985,-166691 64997,-166705 65000,-166705 65005,-166695 65018,-166689 65030,-166692 65036,-166696 65053,-166733 65077,-166821 65091,-166860 65106,-166885 65126,-166912 65134,-166910 65136,-166907 65139,-166898 65139,-166887 65137,-166873 65128,-166837 65120,-166827 65117,-166817 65111,-166756 65110,-166670 65114,-166638 65126,-166634 65136,-166606 65149,-166522 65153,-166510 65167,-166480 65177,-166464 65183,-166460 65190,-166460 65195,-166465 65218,-166475 65224,-166475 65236,-166452 65254,-166386 65276,-166347 65289,-166361 65298,-166378 65319,-166439 65331,-166486 65336,-166519 65338,-166551 65338,-166573 65336,-166597 65325,-166626 65325,-166655 65327,-166680 65337,-166796 65348,-166852 65361,-166900 65382,-167027 65388,-167102 65389,-167170 65400,-167398 65413,-167474 65445,-167575 65463,-167620 65467,-167621 65499,-167711 65530,-167842 65538,-167851 65551,-167910 65559,-167967 65559,-167997 65569,-168048 65576,-168075 65592,-168099 65599,-168099 65601,-168096 65611,-168100 65627,-168127 65641,-168135 65656,-168129 65686,-168104 65728,-167980 65754,-167857 65776,-167736 65821,-167540 65885,-167315 65911,-167246 65948,-167140 65996,-166978 66008,-166956 66051,-166828 66119,-166597 66142,-166526 66190,-166331 66180,-166308 66177,-166282 66170,-166246 66171,-166223 66167,-166191 66165,-166182 66159,-166144 66155,-166127 66153,-166122 66149,-166122 66147,-166139 66141,-166150 66138,-166149 66132,-166138 66125,-166102 66120,-166087 66115,-166085 66113,-166080 66108,-166046 66111,-166010 66109,-165960 66111,-165925 66116,-165893 66115,-165877 66108,-165845 66101,-165799 66099,-165764 66093,-165759 66096,-165734 66104,-165698 66103,-165693 66118,-165662 66120,-165649 66118,-165647 66115,-165650 66113,-165648 66118,-165631 66119,-165607 66118,-165600 66120,-165589 66129,-165584 66143,-165545 66152,-165545 66162,-165552 66163,-165579 66168,-165594 66181,-165621 66192,-165654 66202,-165691 66210,-165761 66207,-165813 66211,-165848 66213,-165853 66221,-165867 66228,-165874 66240,-165878 66247,-165866 66263,-165854 66274,-165860 66284,-165872 66295,-165880 66300,-165882 66312,-165882 66316,-165869 66333,-165805 66362,-165669 66420,-165407 66465,-165187 66473,-165124 66543,-164711 66581,-164401 66581,-164345 66592,-164095 66594,-163980 66593,-163978 66591,-163978 66576,-163986 66556,-163908 66558,-163875 66563,-163850 66551,-163754 66516,-163727 66499,-163728 66491,-163730 66455,-163762 66437,-163799 66419,-163844 66409,-163856 66389,-163873 66329,-163873 66308,-163849 66304,-163840 66280,-163830 66272,-163830 66260,-163843 66230,-163905 66217,-163956 66209,-164047 66202,-164079 66185,-164093 66182,-164089 66181,-164079 66179,-164008 66190,-163917 66160,-163878 66137,-163861 66122,-163847 66100,-163804 66082,-163772 66074,-163768 66061,-163768 66058,-163624 66070,-163540 66081,-163503 66085,-163496 66085,-163345 66075,-163314 66069,-163288 66059,-163169 66059,-163147 66063,-163093 66068,-163047 66077,-162997 66083,-162876 66089,-162791 66090,-162751 66062,-162681 66058,-162680 66054,-162674 66040,-162636 66040,-162622 66045,-162531 66059,-162458 66049,-162424 66035,-162413 66029,-162392 66028,-162372 66031,-162331 66042,-162270 66057,-162206 66079,-162140 66079,-162137 66069,-162130 66067,-162122 66063,-162026 66040,-161950 66023,-161838 66033,-161817 66042,-161812 66055,-161799 66074,-161776 66112,-161681 66122,-161665 66153,-161627 66162,-161624 66177,-161614 66240,-161548 66262,-161485 66259,-161368 66255,-161341 66243,-161337 66236,-161332 66224,-161321 66221,-161313 66214,-161264 66211,-161199 66220,-161145 66234,-161087 66235,-161068 66231,-161053 66229,-161036 66233,-161000 66234,-160994 66237,-160991 66240,-160990 66252,-160996 66255,-160999 66284,-161061 66307,-161079 66315,-161089 66328,-161108 66336,-161130 66342,-161163 66349,-161220 66376,-161361 66397,-161526 66396,-161694 66361,-161818 66344,-161913 66349,-161916 66399,-161881 66414,-161872 66441,-161863 66488,-161864 66511,-161875 66587,-162029 66606,-162091 66610,-162098 66623,-162106 66640,-162113 66651,-162124 66665,-162140 66688,-162175 66710,-162229 66718,-162269 66727,-162350 66732,-162422 66743,-162501 66750,-162501 66759,-162503 66778,-162513 66805,-162544 66825,-162572 66838,-162594 66846,-162615 66851,-162622 66855,-162625 66860,-162627 66874,-162623 66886,-162615 66898,-162601 66904,-162583 66920,-162497 66935,-162346 66916,-162281 66904,-162272 66867,-162229 66798,-162117 66788,-162097 66783,-162074 66781,-162049 66779,-162014 66759,-162011 66735,-162030 66724,-162041 66716,-162059 66710,-162068 66704,-162075 66693,-162082 66664,-162078 66651,-162074 66646,-162069 66632,-162033 66603,-161969 66592,-161953 66573,-161933 66561,-161925 66551,-161916 66537,-161877 66497,-161765 66450,-161624 66439,-161574 66442,-161516 66454,-161435 66478,-161326 66505,-161280 66521,-161293 66524,-161399 66522,-161454 66523,-161469 66526,-161484 66531,-161494 66534,-161495 66538,-161486 66544,-161483 66561,-161490 66581,-161542 66593,-161599 66610,-161665 66621,-161693 66705,-161866 66717,-161882 66797,-161862 66814,-161846 66818,-161824 66833,-161796 66847,-161785 66860,-161782 66917,-161720 66945,-161692 66956,-161686 66960,-161689 66961,-161686 66962,-161674 66935,-161567 66937,-161489 66946,-161485 66961,-161485 66974,-161506 66985,-161531 67008,-161622 67011,-161697 67001,-161712 67031,-161760 67048,-161799 67050,-161810 67052,-161836 67052,-161850 67049,-161894 67026,-162123 67007,-162212 67000,-162234 66995,-162234 66994,-162239 66995,-162354 66991,-162385 66985,-162416 66985,-162433 66988,-162449 66994,-162463 66999,-162467 67004,-162462 67027,-162466 67038,-162473 67043,-162481 67043,-162491 67040,-162505 67031,-162515 67017,-162519 67010,-162604 67011,-162640 67013,-162654 67019,-162662 67027,-162661 67030,-162659 67034,-162661 67047,-162677 67055,-162699 67044,-162782 67036,-162830 67033,-162839 67018,-162851 67013,-162866 67007,-162901 67041,-163098 67061,-163299 67074,-163399 67081,-163441 67088,-163495 67092,-163577 67099,-163625 67114,-163699 67124,-163731 67129,-163741 67137,-163738 67163,-163737 67185,-163737 67210,-163741 67256,-163759 67350,-163822 67388,-163854 67416,-163879 67536,-164007 67586,-164080 67602,-164109 67617,-164144 67639,-164210 67726,-164534 67821,-164778 67868,-164907 67922,-165058 67942,-165130 67966,-165191 67985,-165227 67995,-165232 67999,-165241 68028,-165360 68045,-165430 68059,-165494 68076,-165662 68078,-165750 68081,-165792 68093,-165863 68122,-165966 68126,-165974 68143,-165988 68147,-165994 68245,-166245 68265,-166308 68282,-166369 68305,-166475 68323,-166567 68341,-166681 68340,-166785 68336,-166830 68333,-166846 68333,-166851 68340,-166838 68348,-166812 68372,-166706 68422,-166378 68426,-166362 68434,-166342 68442,-166328 68462,-166306 68465,-166303 68470,-166302 68511,-166295 68554,-166244 68564,-166234 68576,-166226 68579,-166226 68587,-166231 68614,-166230 68664,-166214 68679,-166200 68690,-166197 68779,-166188 68790,-166190 68804,-166195 68818,-166204 68860,-166222 68873,-166224 68880,-166214 68864,-165815 68855,-165667 68853,-165572 68856,-165522 68858,-165327 68883,-164968 68892,-164884 68894,-164813 68909,-164655 68918,-164527 68928,-164299 68931,-164253 68945,-164161 68951,-164131 68970,-164069 68985,-163974 69012,-163894 69029,-163858 69041,-163827 69067,-163724 69091,-163656 69124,-163574 69142,-163535 69195,-163453 69275,-163298 69283,-163236 69284,-163231 69352,-163138 69375,-163110 69392,-163103 69401,-163104 69414,-163101 69460,-163070 69482,-163052 69483,-163047 69489,-163036 69507,-163026 69538,-163016 69545,-163020 69557,-163030 69570,-163074 69589,-163118 69593,-163117 69597,-163112 69609,-163025 69693,-162917 69700,-162922 69717,-162961 69728,-163011 69729,-163018 69727,-163035 69757,-163013 69783,-162960 69799,-162912 69804,-162877 69812,-162841 69852,-162767 69879,-162710 69917,-162616 69919,-162606 69915,-162601 69914,-162594 69916,-162588 69975,-162481 69983,-162472 70002,-162462 70016,-162468 70042,-162463 70044,-162455 70045,-162395 70059,-162351 70065,-162355 70076,-162356 70109,-162312 70162,-162158 70187,-162098 70224,-162019 70248,-161985 70269,-161960 70292,-161923 70308,-161860 70309,-161850 70309,-161844 70304,-161842 70300,-161845 70296,-161847 70282,-161849 70273,-161835 70261,-161802 70255,-161780 70262,-161769 70268,-161768 70272,-161759 70267,-161692 70258,-161676 70246,-161664 70241,-161634 70237,-161523 70241,-161397 70248,-161309 70257,-161255 70307,-161080 70328,-161016 70316,-160993 70318,-160979 70345,-160840 70374,-160733 70441,-160530 70454,-160490 70457,-160486 70466,-160480 70559,-160215 70633,-160057 70691,-159914 70731,-159799 70794,-159648 70809,-159586 70821,-159529 70870,-159209 70875,-159172 70877,-159148 70859,-159157 70850,-159152 70828,-159132 70818,-159161 70811,-159291 70807,-159331 70800,-159336 70783,-159343 70760,-159299 70760,-159276 70759,-159138 70764,-159001 70767,-158977 70773,-158955 70787,-158966 70790,-158976 70796,-158977 70788,-158656 70789,-158607 70800,-158389 70811,-158386 70822,-158389 70826,-158386 70818,-158250 70821,-158158 70832,-158032 70853,-157884 70861,-157841 70876,-157768 70891,-157709 70949,-157502 70977,-157421 70988,-157393 71053,-157249 71129,-157120 71155,-157072 71212,-156963 71287,-156810 71300,-156774 71338,-156646 71344,-156620 71353,-156569 71334,-156566 71317,-156562 71312,-156556 71296,-156531 71294,-156524 71268,-156403 71261,-156357 71259,-156321 71261,-156302 71259,-156214 71242,-156074 71203,-156029 71197,-156038 71187,-156045 71185,-156045 71172,-156019 71186,-155958 71207,-155920 71194,-155895 71190,-155884 71192,-155829 71196,-155804 71195,-155761 71182,-155657 71173,-155588 71165,-155567 71141,-155568 71128,-155562 71102,-155521 71097,-155514 71090,-155511 71081,-155511 71068,-155533 71061,-155548 71042,-155639 71020,-155705 71012,-155712 70986,-155762 70966,-155831 70968,-155879 70965,-155952 70962,-155978 70948,-155996 70903,-156015 70899,-156014 70896,-156014 70863,-155969 70828,-155969 70826,-155978 70817,-155981 70809,-155979 70807,-155972 70806,-155928 70810,-155907 70822,-155882 70829,-155875 70831,-155732 70824,-155644 70847,-155543 70860,-155504 70872,-155490 70875,-155488 70886,-155486 70903,-155488 70917,-155493 70944,-155476 70947,-155455 70967,-155404 70979,-155383 70994,-155364 71004,-155344 71015,-155260 71011,-155260 71005,-155256 70978,-155211 70974,-155201 70974,-155192 70978,-155183 70988,-155169 70996,-155162 71003,-155160 71014,-155164 71027,-155177 71065,-155274 71067,-155276 71070,-155276 71079,-155263 71081,-155257 71112,-155151 71111,-155147 71103,-155147 71097,-155143 71077,-155126 71073,-155120 71070,-155109 71072,-155075 71084,-155064 71092,-155061 71108,-155065 71128,-155086 71145,-155061 71146,-155032 71126,-154943 71083,-154777 71026,-154616 71022,-154604 71007,-154581 70990,-154568 70977,-154594 70962,-154608 70903,-154654 70869,-154646 70835,-154577 70823,-154519 70822,-154502 70825,-154486 70831,-154430 70835,-154353 70815,-154261 70802,-154229 70795,-154223 70777,-154239 70768,-154182 70769,-154170 70778,-154127 70794,-154070 70822,-153996 70834,-153976 70854,-153951 70870,-153935 70874,-153933 70877,-153934 70879,-153933 70886,-153890 70895,-153774 70895,-153747 70885,-153526 70886,-153486 70890,-153426 70898,-153359 70904,-153326 70921,-153253 70922,-153238 70925,-153137 70913,-153049 70904,-153017 70885,-152774 70885,-152736 70887,-152590 70872,-152457 70843,-152260 70831,-152226 70802,-152187 70798,-152189 70795,-152192 70793,-152239 70791,-152263 70786,-152284 70730,-152371 70715,-152377 70689,-152472 70684,-152473 70646,-152461 70617,-152434 70609,-152421 70601,-152366 70604,-152356 70612,-152342 70613,-152333 70593,-152264 70586,-152201 70585,-152170 70587,-152146 70575,-152061 70569,-152065 70563,-152066 70559,-152026 70563,-151976 70555,-151880 70546,-151817 70548,-151775 70554,-151745 70555,-151718 70553,-151701 70550,-151695 70548,-151697 70546,-151709 70542,-151723 70524,-151752 70517,-151760 70503,-151734 70495,-151729 70485,-151776 70484,-151824 70473,-151919 70464,-151937 70453,-151946 70434,-151900 70431,-151876 70435,-151844 70437,-151786 70435,-151653 70437,-151606 70436,-151555 70425,-151445 70409,-151343 70401,-151298 70380,-151230 70385,-151187 70402,-151189 70418,-151187 70430,-151180 70439,-151123 70438,-151119 70433,-151114 70422,-151116 70419,-151060 70441,-151026 70453,-150958 70458,-150895 70455,-150877 70460,-150835 70477,-150787 70486,-150780 70497,-150762 70495,-150720 70495,-150651 70498,-150615 70498,-150430 70494,-150357 70493,-150354 70471,-150339 70448,-150370 70436,-150351 70441,-150296 70442,-150245 70435,-150185 70431,-150113 70432,-150104 70439,-150074 70511,-149867 70491,-149820 70490,-149811 70491,-149790 70498,-149740 70503,-149728 70505,-149716 70509,-149661 70509,-149657 70505,-149650 70496,-149581 70496,-149565 70499,-149537 70502,-149524 70509,-149510 70518,-149462 70504,-149432 70492,-149419 70490,-149401 70495,-149314 70486,-149179 70465,-149082 70424,-148959 70427,-148929 70423,-148858 70403,-148790 70413,-148728 70426,-148699 70429,-148697 70430,-148667 70423,-148611 70417,-148590 70413,-148580 70359,-148477 70340,-148465 70321,-148477 70314,-148466 70308,-148451 70303,-148411 70303,-148363 70304,-148351 70330,-148270 70337,-148258 70348,-148203 70347,-148153 70343,-148107 70337,-148091 70335,-148090 70333,-148090 70331,-148089 70328,-148077 70314,-147962 70293,-147864 70277,-147818 70248,-147789 70220,-147765 70200,-147682 70203,-147648 70203,-147586 70200,-147505 70189,-147432 70185,-147402 70185,-147385 70188,-147350 70219,-147244 70208,-147233 70195,-147231 70179,-147219 70160,-147182 70156,-147162 70148,-146991 70152,-146973 70173,-146910 70186,-146886 70175,-146734 70175,-146713 70182,-146625 70186,-146508 70183,-146449 70178,-146413 70176,-146335 70179,-146310 70177,-146273 70166,-146173 70159,-146130 70155,-146114 70145,-146097 70140,-146006 70140,-145955 70143,-145918 70149,-145873 70166,-145858 70164,-145843 70149,-145790 70139,-145783 70129,-145767 70126,-145760 70084,-145623 70077,-145580 70077,-145522 70075,-145506 70059,-145470 70048,-145469 70037,-145435 70032,-145408 70023,-145332 70018,-145247 70007,-145219 69995,-145197 69992,-145175 69981,-145012 69978,-144990 69964,-144967 69959,-144954 69965,-144902 69972,-144868 69974,-144863 69986,-144857 69986,-144855 69980,-144793 69970,-144739 69967,-144672 69969,-144619 69978,-144589 70004,-144512 70026,-144463 70034,-144344 70033,-144328 70036,-144231 70042,-144178 70058,-144130 70059,-144123 70059,-144080 70073,-144054 70130,-143911 70131,-143888 70126,-143840 70125,-143782 70135,-143769 70137,-143753 70143,-143662 70140,-143617 70143,-143595 70147,-143598 70153,-143594 70155,-143575 70150,-143543 70140,-143498 70137,-143498 70125,-143512 70116,-143516 70104,-143517 70096,-143510 70093,-143503 70093,-143455 70095,-143358 70103,-143327 70111,-143318 70119,-143266 70119,-143256 70110,-143200 70099,-143160 70093,-143140 70078,-143113 70078,-143051 70094,-143038 70074,-142940 70043,-142747 69974,-142498 69958,-142453 69934,-142410 69917,-142404 69907,-142272 69897,-142240 69862,-142113 69855,-142082 69853,-142076 69847,-142073 69835,-142059 69801,-142009 69800,-141961 69805,-141937 69811,-141920 69813,-141867 69812,-141843 69789,-141713 69762,-141606 69736,-141528 69695,-141431 69675,-141435 69663,-141429 69641,-141394 69635,-141378 69631,-141281 69632,-141259 69637,-141255 69652,-141244 69684,-141210 69674,-141119 69646,-141003 68498,-141003 65840,-141002 65839,-141002 61902,-141002 60392,-141002 60306,-141002 60224,-140535 60311,-140472 60185,-139989 60340,-139698 60358,-139087 60324,-139082 60091,-139200 59998,-139046 59929,-138796 59910,-138702 59814,-138663 59810,-138663 59771,-138621 59741,-138560 59452,-138001 59243,-137604 58987,-137499 58907,-137526 58907,-137525 58910,-137447 59002,-137265 59138,-136864 59158,-136827 59165,-136582 59261,-136487 59284,-136467 59422,-136473 59448,-136366 59450,-136358 59464,-136302 59525,-136234 59559,-136237 59605,-136226 59640,-136190 59658,-136005 59692,-135854 59730,-135722 59800,-135477 59715,-135285 59632,-135167 59625,-135153 59623,-135115 59564,-135027 59482,-135030 59445,-135040 59407,-135030 59357,-135005 59331,-134992 59280,-134962 59231,-134766 59191,-134682 59128,-134567 59128,-134481 59033,-134390 59002,-134384 58972,-134370 58964,-134364 58920,-134329 58858,-134251 58775,-133992 58728,-133840 58626,-133724 58607,-133700 58522,-133560 58442,-133443 58391,-133436 58358,-133438 58285,-133360 58271,-133344 58186,-133223 58150,-133176 58000,-133076 57843,-132869 57705,-132757 57619,-132658 57504,-132559 57349,-132368 57216,-132252 57108,-132214 57046,-132115 56924,-132080 56843,-132005 56817,-131937 56776,-131887 56665,-131819 56613,-131736 56613,-131581 56537,-131428 56448,-131168 56407,-131087 56407,-131086 56368,-130782 56343,-130741 56268,-130622 56248,-130541 56240,-130467 56141,-130426 56097,-130246 56117,-130103 56037,-130032 56017,-130017 55993,-130004 55916,-130013 55824,-130085 55807,-130124 55802,-130129 55767,-130151 55746,-130152 55727,-130150 55715,-130148 55700,-130130 55682,-130112 55581,-130127 55564,-130120 55492,-130085 55452,-130044 55368,-130030 55338,-130024 55302,-129982 55296,-129980 55284,-129980 55278,-129985 55265,-130002 55247,-130030 55198,-130097 55176,-130119 55146,-130145 55117,-130158 55065,-130188 55026,-130222 54988,-130259 54973,-130276 54921,-130340 54838,-130475 54791,-130569 54778,-130637 54762,-130658 54739,-130628 54737,-130644 54720,-130685 54717,-130686 54719,-130696 54754,-130737 54773,-130747 54780,-130733 54783,-130732 54795,-130736 54802,-130742 54821,-130774 54823,-130787 54795,-130789 54785,-130792 54777,-130807 54765,-130837 54766,-130855 54769,-130867 54781,-130902 54790,-130916 54807,-130932 54826,-130947 54842,-130941 54887,-130947 54919,-130960 54934,-130960 54968,-130949 54972,-130954 54975,-130975 54991,-131008 54996,-131012 55030,-131004 55065,-130987 55069,-130984 55084,-130984 55090,-131013 55099,-131030 55118,-131052 55138,-131071 55146,-131077 55158,-131086 55163,-131087 55191,-131094 55193,-131093 55247,-130985 55273,-130953 55292,-130952 55301,-130925 55300,-130910 55294,-130871 55298,-130865 55309,-130865 55314,-130872 55359,-130882 55429,-130921 55435,-130923 55446,-130920 55460,-130911 55470,-130898 55496,-130881 55534,-130871 55599,-130880 55697,-130902 55755,-130939 55799,-130985 55896,-131094 55943,-131171 55956,-131187 55984,-131216 55984,-131230 55982,-131237 55974,-131243 55966,-131246 55955,-131242 55901,-131157 55829,-131070 55800,-131053 55767,-131044 55763,-131041 55724,-130999 55689,-130966 55651,-130947 55577,-130928 55558,-130945 55551,-130979 55540,-130987 55472,-130994 55393,-130970 55381,-130947 55339,-130928 55332,-130933 55322,-130947 55316,-130960 55317,-130968 55333,-130964 55398,-131001 55405,-131009 55408,-131029 55393,-131033 55379,-131034 55377,-131031 55371,-131027 55348,-131020 55285,-131031 55254,-131072 55197,-131160 55193,-131189 55192,-131211 55198,-131236 55208,-131263 55235,-131297 55250,-131303 55260,-131278 55287,-131240 55298,-131230 55361,-131192 55368,-131192 55391,-131197 55393,-131202 55388,-131272 55384,-131292 55379,-131293 55358,-131287 55346,-131265 55330,-131254 55322,-131255 55286,-131285 55282,-131291 55266,-131327 55238,-131403 55239,-131425 55239,-131428 55248,-131438 55264,-131445 55283,-131464 55303,-131476 55313,-131463 55323,-131472 55332,-131494 55332,-131510 55328,-131515 55295,-131528 55292,-131537 55293,-131550 55306,-131567 55310,-131585 55339,-131639 55355,-131699 55378,-131732 55382,-131736 55392,-131737 55398,-131742 55445,-131828 55457,-131844 55522,-131846 55527,-131842 55542,-131794 55540,-131766 55549,-131733 55582,-131665 55592,-131654 55607,-131671 55610,-131683 55614,-131701 55633,-131724 55636,-131726 55641,-131727 55650,-131720 55666,-131712 55697,-131701 55706,-131707 55721,-131726 55731,-131733 55749,-131719 55756,-131705 55769,-131650 55785,-131640 55789,-131640 55796,-131653 55800,-131678 55798,-131691 55794,-131697 55789,-131701 55790,-131705 55807,-131710 55853,-131714 55861,-131701 55875,-131689 55887,-131687 55890,-131690 55895,-131720 55879,-131777 55877,-131828 55875,-131837 55857,-131831 55837,-131816 55823,-131777 55810,-131771 55792,-131780 55731,-131815 55719,-131826 55681,-131831 55667,-131829 55631,-131865 55604,-131897 55624,-131939 55615,-131963 55609,-131963 55572,-131945 55535,-131937 55498,-131972 55501,-131986 55515,-132015 55536,-132044 55543,-132061 55550,-132099 55551,-132115 55559,-132141 55562,-132148 55588,-132183 55616,-132199 55626,-132202 55634,-132198 55639,-132200 55682,-132215 55702,-132224 55711,-132238 55732,-132260 55762,-132284 55766,-132280 55762,-132265 55756,-132252 55740,-132230 55737,-132207 55743,-132190 55753,-132185 55779,-132185 55786,-132187 55801,-132183 55811,-132130 55813,-132113 55832,-132086 55875,-132067 55959,-132042 56047,-132070 56091,-132038 56096,-132033 56077,-132011 56114,-131970 56177,-131936 56193,-131943 56195,-131959 56193,-131994 56183,-132018 56133,-132035 56129,-132061 56108,-132104 56056,-132177 55958,-132130 55942,-132135 55923,-132159 55919,-132170 55922,-132192 55930,-132224 55925,-132280 55888,-132320 55874,-132320 55865,-132309 55862,-132310 55852,-132323 55850,-132372 55853,-132377 55879,-132397 55884,-132398 55906,-132397 55950,-132401 56019,-132446 56066,-132493 56077,-132522 56071,-132574 56056,-132622 56049,-132621 56037,-132629 56033,-132640 56082,-132685 56112,-132709 56146,-132723 56218,-132718 56239,-132690 56239,-132672 56236,-132664 56233,-132644 56234,-132616 56240,-132601 56279,-132582 56285,-132582 56296,-132575 56332,-132543 56339,-132529 56354,-132442 56352,-132432 56349,-132422 56335,-132404 56311,-132382 56308,-132381 56299,-132383 56287,-132364 56291,-132359 56304,-132349 56342,-132341 56381,-132361 56486,-132394 56491,-132389 56492,-132382 56488,-132363 56450,-132253 56441,-132245 56417,-132234 56414,-132242 56399,-132238 56384,-132223 56372,-132204 56371,-132199 56387,-132181 56391,-132179 56399,-132182 56457,-132209 56477,-132239 56488,-132260 56486,-132280 56487,-132290 56529,-132358 56534,-132361 56575,-132367 56589,-132364 56595,-132358 56607,-132319 56630,-132297 56637,-132284 56652,-132280 56666,-132281 56678,-132299 56677,-132314 56674,-132325 56664,-132349 56672,-132372 56672,-132389 56670,-132404 56672,-132452 56681,-132468 56702,-132528 56716,-132522 56729,-132517 56782,-132432 56816,-132371 56820,-132374 56826,-132390 56826,-132405 56821,-132438 56785,-132506 56775,-132519 56760,-132521 56757,-132532 56757,-132557 56781,-132637 56837,-132770 56856,-132792 56865,-132797 56866,-132794 56872,-132793 56878,-132797 56897,-132818 56904,-132829 56911,-132847 56926,-132870 56967,-132912 56994,-132919 56993,-132892 57005,-132854 57030,-132814 57070,-132832 57080,-132853 57078,-132870 57070,-132875 57040,-132916 57048,-132938 57055,-132984 57032,-132994 57057,-133025 57082,-133076 57089,-133125 57086,-133161 57089,-133188 57110,-133209 57118,-133210 57124,-133207 57137,-133225 57138,-133235 57137,-133247 57113,-133322 57159,-133467 57178,-133517 57243,-133545 57251,-133543 57279,-133523 57305,-133490 57308,-133476 57304,-133456 57298,-133445 57290,-133442 57286,-133426 57287,-133372 57290,-133308 57303,-133287 57331,-133275 57333,-133284 57337,-133342 57333,-133355 57343,-133404 57353,-133443 57356,-133454 57364,-133468 57369,-133472 57380,-133476 57388,-133472 57395,-133461 57454,-133503 57490,-133525 57502,-133526 57544,-133517 57548,-133511 57549,-133496 57551,-133488 57562,-133478 57571,-133481 57578,-133506 57574,-133528 57569,-133532 57567,-133538 57563,-133565 57565,-133579 57579,-133621 57612,-133664 57625,-133676 57648,-133681 57708,-133659 57714,-133655 57715,-133582 57696,-133544 57687,-133531 57684,-133522 57677,-133490 57672,-133441 57664,-133405 57609,-133235 57589,-133189 57587,-133179 57600,-133162 57610,-133174 57650,-133251 57662,-133278 57665,-133291 57666,-133323 57739,-133485 57768,-133545 57777,-133560 57789,-133556 57859,-133570 57860,-133602 57861,-133610 57847,-133631 57838,-133634 57811,-133642 57803,-133639 57800,-133636 57792,-133637 57790,-133640 57786,-133658 57787,-133677 57795,-133697 57792,-133703 57793,-133709 57833,-133815 57999,-133999 58039,-134058 58055,-134072 58083,-134089 58171,-134145 58206,-134587 58277,-134703 58359,-134839 58502,-135074 58908,-135196 58975,-135219 58974,-135176 58998,-135180 59077,-135209 59130,-135238 59193,-135284 59263,-135368 59327,-135430 59316,-135436 59278,-135445 59243,-135430 59223,-135404 59211,-135364 59178,-135342 59153,-135329 59099,-135378 59061,-135382 59033,-135383 59018,-135339 59011,-135327 59008,-135323 58960,-135297 58919,-135299 58901,-135306 58901,-135323 58889,-135340 58818,-135285 58813,-135274 58791,-135249 58783,-135243 58735,-135234 58616,-135142 58588,-135136 58578,-135138 58577,-135142 58578,-135146 58587,-135154 58596,-135159 58598,-135186 58592,-135191 58576,-135189 58547,-135166 58497,-135132 58423,-135089 58349,-135058 58309,-135049 58290,-135053 58289,-135057 58290,-135060 58303,-135070 58297,-135096 58293,-135101 58265,-135108 58245,-135099 58190,-135056 58191,-135073 58200,-135088 58202,-135113 58210,-135159 58236,-135220 58237,-135228 58236,-135247 58234,-135277 58235,-135288 58243,-135307 58271,-135345 58328,-135398 58343,-135408 58400,-135433 58400,-135447
AZ 37001,-112539 37001,-112535 37001,-112369 37001,-112358 37001,-111413 37001,-111406 37001,-111190 37003,-110751 37004,-110495 36998,-110331 36998,-110001 36999,-109381 36999,-109378 36999,-109270 36999,-109268 36999,-109263 36999,-109247 36999,-109234 36999,-109181 36999,-109045 36969,-109045 36875,-109045 36002,-109046 35926,-109046 35889,-109046 35880,-109046 35617,-109046 35614,-109046 35546,-109047 35546,-109046 35175,-109046 34960,-109046 34579,-109046 34523,-109046 34522,-109046 33778,-109047 33373,-109047 33369,-109047 33366,-109047 33365,-109047 33209,-109047 33138,-109047 33093,-109047 33092,-109047 33069,-109047 33068,-109047 32778,-109047 32693,-109048 32690,-109048 32686,-109048 32681,-109048 32426,-109048 32089,-109048 32084,-109048 32028,-109049 32014,-109049 31871,-109049 31861,-109049 31811,-109049 31797,-109049 31500,-109050 31333,-109050 31334,-109427 31333,-110460 31333,-110761 31333,-110977 31340,-111098 31426,-111367 31494,-111580 31704,-112246 31895,-112867 31973,-113126 32039,-113334 32089,-113493 32324,-114251 32494,-114814 32617,-114809 32621,-114807 32625,-114799 32625,-114782 32658,-114753 32664,-114748 32719,-114720 32737,-114679 32736,-114677 32734,-114659 32734,-114658 32728,-114616 32729,-114616 32822,-114497 32822,-114496 32879,-114466 32906,-114463 32972,-114469 33023,-114511 33027,-114517 33031,-114524 33037,-114572 33035,-114578 33028,-114585 33026,-114590 33026,-114606 33029,-114624 33048,-114675 33091,-114708 33105,-114706 33131,-114697 33142,-114687 33160,-114679 33185,-114675 33258,-114672 33341,-114700 33397,-114721 33415,-114665 33434,-114627 33457,-114623 33495,-114595 33532,-114559 33569,-114536 33581,-114540 33591,-114541 33679,-114530 33686,-114524 33688,-114519 33697,-114496 33708,-114494 33756,-114504 33806,-114523 33839,-114526 33918,-114518 33962,-114500 33993,-114464 34023,-114438 34038,-114435 34080,-114435 34088,-114433 34103,-114420 34110,-114412 34112,-114401 34110,-114391 34119,-114367 34138,-114322 34144,-114313 34180,-114244 34202,-114226 34252,-114164 34258,-114133 34260,-114131 34303,-114138 34349,-114177 34361,-114199 34401,-114264 34451,-114340 34653,-114453 34692,-114466 34767,-114553 34870,-114633 34875,-114635 34889,-114637 34907,-114631 34986,-114629 34992,-114629 35002,-114633 35016,-114634 35028,-114635 35095,-114622 35121,-114599 35125,-114584 35129,-114579 35139,-114573 35163,-114570 35183,-114569 35325,-114596 35354,-114604 35410,-114627 35429,-114652 35444,-114662 35490,-114678 35499,-114677 35511,-114675 35521,-114671 35599,-114654 35611,-114653 35618,-114658 35641,-114677 35651,-114689 35700,-114700 35812,-114708 35849,-114706 35852,-114704 35879,-114706 35945,-114731 35984,-114744 36087,-114756 36099,-114745 36104,-114736 36142,-114632 36152,-114572 36151,-114513 36142,-114381 36134,-114366 36106,-114329 36084,-114311 36077,-114307 36066,-114304 36051,-114293 36026,-114263 36020,-114253 36015,-114239 36014,-114233 36016,-114214 36024,-114154 36027,-114149 36041,-114138 36078,-114126 36102,-114120 36187,-114063 36189,-114060 36194,-114047 36251,-114047 36290,-114049 36372,-114046 36473,-114046 36656,-114051 36800,-114051 36843,-114051 37000,-114051 37000,-113966 37000,-112966 37000,-112899 37001,-112610 37001,-112559 37001,-112545 37001,-112540 37001,-112539
AR 33019,-94043 33079,-94043 33093,-94043 33134,-94043 33138,-94043 33143,-94043 33200,-94043 33203,-94043 33215,-94043 33242,-94043 33250,-94043 33261,-94043 33271,-94043 33330,-94043 33347,-94043 33352,-94043 33359,-94043 33371,-94043 33378,-94043 33420,-94043 33431,-94043 33436,-94043 33470,-94043 33491,-94043 33493,-94043 33542,-94043 33551,-94043 33552,-94043 33569,-94067 33576,-94085 33593,-94182 33586,-94253 33583,-94258 33543,-94356 33568,-94409 33599,-94464 33606,-94471 33621,-94478 33638,-94486 33653,-94486 33663,-94486 33688,-94485 33692,-94485 33711,-94484 33717,-94484 33751,-94483 33754,-94483 33756,-94483 33789,-94482 33796,-94482 33803,-94481 33830,-94481 33851,-94480 33881,-94479 33938,-94477 33941,-94477 33954,-94477 33957,-94477 34020,-94475 34022,-94475 34190,-94470 34352,-94466 34360,-94465 34403,-94464 34414,-94464 34420,-94464 34507,-94461 34545,-94460 34548,-94460 34635,-94457 34643,-94458 34729,-94455 34855,-94450 34859,-94450 34861,-94450 34875,-94450 34891,-94449 34894,-94449 34896,-94449 34934,-94448 35120,-94441 35129,-94441 35169,-94440 35172,-94440 35194,-94439 35197,-94439 35209,-94438 35211,-94438 35239,-94438 35242,-94438 35271,-94436 35274,-94436 35276,-94435 35287,-94435 35291,-94435 35306,-94434 35363,-94432 35381,-94433 35386,-94434 35387,-94434 35394,-94431 35398,-94432 35583,-94463 35587,-94464 35589,-94464 35594,-94465 35639,-94473 35726,-94488 35729,-94488 35759,-94493 35762,-94493 35768,-94495 35793,-94499 35797,-94500 35803,-94501 35804,-94501 35806,-94501 35817,-94503 35826,-94504 35834,-94506 35846,-94508 35934,-94523 35935,-94523 35936,-94523 35944,-94524 35946,-94525 35966,-94528 35988,-94532 35997,-94534 36003,-94535 36008,-94536 36077,-94548 36078,-94548 36102,-94552 36152,-94561 36162,-94563 36178,-94566 36184,-94567 36211,-94571 36214,-94572 36230,-94574 36233,-94575 36234,-94575 36240,-94576 36250,-94578 36300,-94586 36346,-94593 36388,-94600 36402,-94602 36405,-94603 36422,-94605 36462,-94612 36476,-94614 36485,-94615 36499,-94618 36499,-94559 36499,-94519 36499,-94111 36499,-94100 36499,-94099 36499,-94077 36499,-93964 36499,-93959 36499,-93922 36499,-93906 36499,-93867 36499,-93728 36499,-93719 36499,-93710 36499,-93700 36499,-93584 36499,-93515 36499,-93507 36499,-93427 36499,-93396 36499,-93395 36498,-93315 36498,-93296 36498,-93089 36498,-93088 36498,-93070 36498,-93068 36498,-93014 36498,-92894 36498,-92854 36498,-92839 36498,-92772 36498,-92529 36498,-92318 36498,-92309 36498,-92216 36498,-92214 36498,-92211 36498,-92199 36499,-92150 36499,-92138 36499,-92120 36499,-92098 36499,-92075 36499,-92057 36499,-92056 36499,-92029 36499,-92019 36498,-91989 36498,-91986 36499,-91866 36499,-91864 36499,-91806 36499,-91802 36499,-91799 36499,-91785 36499,-91766 36499,-91727 36499,-91688 36499,-91686 36499,-91672 36499,-91643 36499,-91631 36499,-91601 36499,-91596 36499,-91549 36499,-91539 36499,-91537 36499,-91530 36498,-91450 36497,-91446 36497,-91437 36497,-91433 36497,-91407 36497,-91405 36498,-91227 36498,-91219 36498,-91217 36498,-91127 36498,-91096 36498,-91018 36498,-91009 36498,-90963 36498,-90961 36498,-90879 36498,-90877 36498,-90874 36499,-90850 36499,-90784 36499,-90782 36498,-90766 36498,-90711 36499,-90693 36498,-90653 36498,-90648 36499,-90613 36498,-90605 36498,-90594 36498,-90585 36498,-90576 36498,-90500 36498,-90495 36498,-90340 36498,-90229 36498,-90221 36498,-90217 36498,-90194 36498,-90152 36497,-90154 36488,-90156 36438,-90134 36393,-90073 36382,-90065 36303,-90064 36281,-90076 36272,-90084 36266,-90115 36201,-90199 36185,-90220 36090,-90319 36014,-90364 35996,-90369 35996,-90343 35996,-90339 35996,-90292 35996,-90289 35997,-90159 35998,-90127 35998,-90126 35999,-89973 35999,-89965 35999,-89961 35999,-89960 35999,-89959 35999,-89901 35999,-89897 36000,-89876 36000,-89875 36000,-89869 36001,-89770 36001,-89738 36001,-89733 35975,-89720 35948,-89687 35905,-89688 35897,-89688 35906,-89715 35905,-89734 35897,-89756 35891,-89766 35880,-89772 35872,-89774 35865,-89772 35862,-89769 35853,-89749 35848,-89730 35839,-89709 35834,-89703 35828,-89701 35820,-89704 35757,-89821 35747,-89866 35751,-89889 35759,-89906 35759,-89910 35738,-89950 35733,-89956 35724,-89959 35691,-89956 35666,-89937 35655,-89923 35651,-89906 35652,-89891 35655,-89885 35538,-89910 35533,-89934 35529,-89957 35556,-90017 35555,-90029 35553,-90033 35548,-90040 35481,-90035 35469,-90034 35459,-90048 35458,-90059 35466,-90068 35471,-90072 35473,-90074 35477,-90108 35437,-90152 35422,-90169 35385,-90179 35382,-90178 35375,-90166 35375,-90144 35377,-90136 35393,-90094 35380,-90090 35370,-90087 35304,-90115 35303,-90153 35301,-90159 35296,-90164 35282,-90169 35275,-90167 35263,-90159 35256,-90152 35252,-90140 35256,-90116 35254,-90105 35250,-90098 35225,-90077 35218,-90074 35211,-90073 35141,-90065 35138,-90065 35122,-90083 35118,-90091 35117,-90101 35119,-90109 35135,-90143 35129,-90160 35117,-90175 35062,-90194 35040,-90296 35010,-90310 34996,-90309 34955,-90254 34938,-90244 34907,-90250 34861,-90294 34846,-90307 34833,-90408 34832,-90415 34835,-90424 34855,-90436 34857,-90461 34853,-90474 34833,-90478 34783,-90467 34769,-90480 34767,-90495 34770,-90501 34783,-90520 34784,-90537 34763,-90550 34727,-90555 34707,-90533 34690,-90510 34679,-90509 34663,-90521 34659,-90539 34662,-90550 34666,-90564 34657,-90577 34642,-90576 34525,-90570 34435,-90566 34415,-90575 34391,-90614 34376,-90659 34363,-90764 34239,-90856 34228,-90869 34230,-90895 34223,-90911 34210,-90913 34192,-90896 34180,-90881 34169,-90880 34156,-90893 34154,-90918 34130,-90935 34124,-90933 34120,-90932 34108,-90929 34096,-90912 34087,-90888 34066,-90879 34033,-90887 34008,-90965 34003,-91019 33973,-91089 33960,-91088 33915,-91037 33840,-91068 33777,-91140 33750,-91145 33729,-91136 33708,-91127 33696,-91128 33688,-91133 33684,-91140 33679,-91148 33684,-91176 33679,-91186 33669,-91189 33657,-91193 33646,-91187 33626,-91157 33606,-91130 33594,-91134 33583,-91152 33567,-91224 33560,-91228 33553,-91232 33529,-91216 33473,-91125 33449,-91118 33430,-91132 33420,-91184 33298,-91141 33246,-91111 33222,-91086 33145,-91088 33038,-91126 33011,-91158 33004,-91166 33005,-91265 33005,-91284 33005,-91312 33005,-91323 33005,-91325 33005,-91326 33005,-91330 33006,-91333 33006,-91376 33006,-91425 33006,-91436 33006,-91460 33007,-91559 33007,-91572 33006,-91580 33007,-91580 33007,-91609 33007,-91618 33007,-91627 33008,-91950 33007,-91952 33008,-92069 33009,-92223 33010,-92293 33010,-92336 33011,-92363 33011,-92370 33012,-92470 33012,-92501 33012,-92504 33014,-92711 33014,-92716 33014,-92724 33014,-92725 33014,-92733 33016,-92831 33016,-92844 33016,-92854 33016,-92868 33017,-92947 33017,-92971 33017,-92989 33018,-93071 33018,-93073 33018,-93081 33018,-93101 33018,-93154 33018,-93197 33018,-93239 33018,-93308 33018,-93340 33018,-93377 33019,-93467 33018,-93490 33018,-93491 33019,-93521 33019,-93525 33019,-93531 33019,-93805 33019,-93815 33019,-94024 33019,-94028 33019,-94036 33019,-94041 33019,-94043
CA 33999,-120248 34002,-120247 34008,-120239 34010,-120230 34010,-120221 34006,-120208 34004,-120196 34008,-120167 34018,-120152 34025,-120148 34026,-120140 34026,-120136 34020,-120115 34020,-120090 34024,-120074 34031,-120063 34034,-120062 34037,-120058 34038,-120055 34036,-120043 34025,-120044 34021,-120048 34013,-120050 34010,-120049 34000,-120047 33995,-120041 33986,-120026 33980,-120011 33980,-120004 33984,-119984 33983,-119979 33970,-119980 33957,-119977 33950,-119971 33944,-119970 33942,-119974 33942,-120001 33936,-120018 33920,-120047 33918,-120048 33916,-120049 33915,-120050 33909,-120078 33908,-120099 33904,-120105 33899,-120109 33896,-120122 33919,-120169 33928,-120179 33948,-120190 33950,-120192 33952,-120199 33957,-120200 33972,-120209 33989,-120224 33999,-120248
CA 34057,-119790 34055,-119771 34055,-119766 34057,-119764 34057,-119756 34049,-119739 34048,-119726 34043,-119713 34038,-119705 34020,-119687 34013,-119638 34016,-119619 34021,-119612 34032,-119604 34035,-119609 34037,-119609 34050,-119593 34050,-119573 34053,-119567 34041,-119530 34034,-119521 34032,-119522 34025,-119532 34024,-119539 34021,-119542 34010,-119548 34005,-119547 33998,-119554 33996,-119560 33996,-119576 33990,-119590 33989,-119597 33987,-119619 33989,-119621 33988,-119648 33986,-119663 33972,-119690 33969,-119707 33965,-119712 33961,-119715 33960,-119721 33964,-119743 33964,-119750 33959,-119758 33963,-119796 33970,-119843 33980,-119873 33986,-119877 34001,-119883 34009,-119885 34012,-119883 34024,-119877 34032,-119876 34046,-119893 34058,-119916 34069,-119923 34077,-119919 34078,-119913 34073,-119891 34071,-119857 34060,-119826 34053,-119819 34052,-119808 34057,-119790
CA 34043,-120463 34037,-120440 34052,-120419 34055,-120415 34053,-120411 34050,-120404 34050,-120396 34052,-120391 34063,-120374 34068,-120369 34071,-120369 34075,-120370 34076,-120368 34073,-120362 34059,-120355 34056,-120360 34050,-120359 34047,-120347 34049,-120331 34042,-120319 34037,-120313 34024,-120302 34021,-120305 34019,-120317 34020,-120348 34018,-120355 34015,-120358 34019,-120375 34032,-120409 34032,-120415 34029,-120419 34025,-120427 34028,-120454 34032,-120460 34038,-120465 34043,-120463
CA 33280,-119544 33285,-119533 33285,-119528 33273,-119505 33264,-119483 33259,-119466 33255,-119458 33228,-119430 33219,-119444 33215,-119465 33216,-119476 33221,-119501 33223,-119512 33227,-119518 33233,-119546 33247,-119565 33250,-119566 33253,-119566 33258,-119571 33279,-119579 33271,-119562 33273,-119555 33280,-119548 33280,-119544
CA 32895,-118525 32906,-118536 32945,-118551 32958,-118561 32969,-118574 33008,-118587 33015,-118596 33015,-118607 33031,-118606 33036,-118594 33034,-118575 33029,-118569 33025,-118564 33019,-118565 33006,-118559 32981,-118540 32971,-118529 32934,-118497 32924,-118485 32920,-118479 32910,-118461 32895,-118447 32839,-118370 32822,-118354 32817,-118357 32820,-118361 32825,-118380 32825,-118387 32824,-118395 32820,-118401 32801,-118426 32805,-118429 32807,-118428 32821,-118445 32842,-118476 32845,-118488 32852,-118496 32869,-118507 32871,-118508 32876,-118507 32893,-118525 32895,-118525
CA 33450,-118500 33448,-118500 33446,-118486 33448,-118478 33429,-118446 33427,-118424 33410,-118382 33409,-118370 33407,-118368 33388,-118365 33349,-118324 33343,-118316 33336,-118310 33320,-118303 33310,-118305 33301,-118317 33299,-118325 33305,-118343 33315,-118360 33320,-118375 33321,-118403 33319,-118440 33322,-118456 33326,-118465 33344,-118482 33357,-118489 33370,-118483 33386,-118478 33412,-118485 33420,-118489 33424,-118504 33422,-118516 33425,-118516 33431,-118523 33435,-118537 33433,-118559 33434,-118563 33439,-118571 33448,-118576 33467,-118594 33470,-118601 33477,-118604 33478,-118603 33478,-118599 33474,-118586 33474,-118545 33468,-118531 33450,-118500
CA 41465,-124066 41470,-124066 41502,-124076 41511,-124081 41548,-124082 41554,-124092 41569,-124101 41579,-124101 41585,-124097 41602,-124101 41617,-124114 41629,-124116 41640,-124120 41657,-124136 41672,-124139 41679,-124138 41709,-124143 41718,-124147 41729,-124154 41740,-124165 41746,-124177 41739,-124185 41736,-124191 41737,-124195 41747,-124204 41771,-124240 41772,-124242 41771,-124249 41783,-124256 41792,-124245 41819,-124231 41846,-124220 41888,-124208 41941,-124203 41983,-124205 41998,-124212 41997,-124101 41997,-124100 41997,-124088 41997,-124087 41995,-123821 42000,-123625 42000,-123518 42001,-123502 42000,-123499 42001,-123499 41999,-123348 42004,-123231 42008,-123155 42003,-123045 42003,-123001 42005,-122635 42008,-122501 42010,-122378 42008,-122290 42008,-122161 42008,-122160 42007,-122157 42007,-122155 42004,-122001 42001,-121708 42001,-121705 42001,-121689 42000,-121675 41999,-121581 41998,-121520 41997,-121448 41997,-121440 41997,-121435 41997,-121376 41997,-121360 41996,-121341 41997,-121336 41997,-121334 41996,-121154 41993,-121035 41994,-120879 41994,-120694 41994,-120692 41993,-120326 41993,-120286 41995,-119999 41184,-120000 40873,-119999 40867,-119999 40866,-119999 40500,-119996 40322,-119996 40321,-119996 40264,-119996 40262,-119996 40126,-119997 40092,-119997 40077,-119997 40072,-119997 39781,-120001 39780,-120001 39722,-120001 39445,-120003 39316,-120005 39314,-120005 39313,-120005 39229,-120006 39225,-120006 39166,-120005 39113,-120003 39067,-120002 39000,-120001 38933,-119904 38715,-119588 38714,-119587 38713,-119585 38650,-119494 38620,-119451 38535,-119328 38415,-119157 38393,-119126 38125,-118747 37896,-118429 37615,-118040 37465,-117833 37220,-117501 36971,-117166 36848,-117001 36459,-116488 36158,-116097 36156,-116094 36015,-115913 36000,-115893 35964,-115846 35842,-115689 35810,-115648 35809,-115648 35809,-115647 35619,-115406 35618,-115405 35609,-115394 35607,-115392 35605,-115389 35538,-115304 35513,-115271 35476,-115225 35424,-115161 35424,-115160 35414,-115147 35413,-115146 35237,-114925 35140,-114805 35140,-114804 35002,-114633 34992,-114629 34986,-114629 34907,-114631 34889,-114637 34875,-114635 34870,-114633 34767,-114553 34692,-114466 34653,-114453 34451,-114340 34401,-114264 34361,-114199 34349,-114177 34303,-114138 34260,-114131 34258,-114133 34252,-114164 34202,-114226 34180,-114244 34144,-114313 34138,-114322 34119,-114367 34110,-114391 34112,-114401 34110,-114412 34103,-114420 34088,-114433 34080,-114435 34038,-114435 34023,-114438 33993,-114464 33962,-114500 33918,-114518 33839,-114526 33806,-114523 33756,-114504 33708,-114494 33697,-114496 33688,-114519 33686,-114524 33679,-114530 33591,-114541 33581,-114540 33569,-114536 33532,-114559 33495,-114595 33457,-114623 33434,-114627 33415,-114665 33397,-114721 33341,-114700 33258,-114672 33185,-114675 33160,-114679 33142,-114687 33131,-114697 33105,-114706 33091,-114708 33048,-114675 33029,-114624 33026,-114606 33026,-114590 33028,-114585 33035,-114578 33037,-114572 33031,-114524 33027,-114517 33023,-114511 32972,-114469 32906,-114463 32879,-114466 32822,-114496 32822,-114497 32729,-114616 32728,-114616 32734,-114658 32734,-114659 32736,-114677 32737,-114679 32719,-114720 32667,-115465 32636,-115876 32618,-116106 32596,-116390 32535,-117119 32534,-117125 32576,-117133 32597,-117133 32619,-117137 32627,-117139 32661,-117160 32672,-117169 32682,-117180 32688,-117193 32689,-117197 32688,-117213 32683,-117224 32671,-117236 32669,-117246 32700,-117255 32726,-117258 32745,-117255 32753,-117253 32787,-117255 32803,-117261 32822,-117281 32840,-117282 32843,-117281 32851,-117274 32849,-117265 32853,-117261 32859,-117256 32874,-117252 32900,-117254 32931,-117260 32940,-117263 33012,-117281 33035,-117293 33075,-117310 33094,-117315 33122,-117328 33164,-117359 33168,-117363 33203,-117391 33214,-117402 33269,-117446 33296,-117470 33334,-117506 33365,-117548 33379,-117572 33387,-117596 33406,-117608 33431,-117632 33441,-117646 33462,-117685 33460,-117689 33457,-117692 33454,-117691 33461,-117715 33483,-117726 33516,-117761 33542,-117785 33546,-117801 33552,-117814 33574,-117840 33592,-117877 33600,-117900 33606,-117927 33620,-117941 33629,-117957 33654,-118001 33676,-118030 33711,-118065 33730,-118089 33734,-118101 33744,-118117 33753,-118133 33760,-118157 33764,-118175 33763,-118181 33749,-118188 33736,-118184 33717,-118181 33717,-118207 33704,-118259 33707,-118277 33708,-118297 33713,-118317 33732,-118355 33737,-118361 33741,-118385 33736,-118397 33742,-118411 33775,-118428 33782,-118423 33800,-118405 33804,-118394 33815,-118392 33841,-118392 33884,-118413 33940,-118442 33969,-118461 33996,-118483 33998,-118484 34016,-118503 34028,-118520 34039,-118543 34042,-118569 34039,-118604 34036,-118610 34039,-118668 34037,-118675 34033,-118679 34029,-118706 34033,-118732 34032,-118745 34022,-118783 34020,-118787 34001,-118805 34014,-118822 34028,-118840 34034,-118855 34039,-118896 34046,-118928 34043,-118938 34045,-118945 34048,-118955 34060,-118978 34066,-118997 34066,-119005 34083,-119037 34090,-119070 34098,-119089 34099,-119098 34095,-119110 34100,-119130 34120,-119160 34139,-119189 34145,-119203 34145,-119211 34146,-119216 34162,-119228 34176,-119237 34213,-119257 34235,-119266 34253,-119270 34267,-119279 34275,-119291 34273,-119302 34276,-119313 34291,-119337 34304,-119349 34319,-119370 34321,-119376 34317,-119388 34318,-119390 34353,-119428 34355,-119431 34356,-119436 34374,-119461 34376,-119473 34377,-119478 34386,-119511 34395,-119537 34413,-119559 34421,-119617 34416,-119639 34417,-119649 34416,-119672 34412,-119688 34408,-119685 34403,-119692 34395,-119709 34396,-119729 34403,-119745 34416,-119786 34418,-119795 34416,-119836 34408,-119854 34409,-119874 34434,-119925 34435,-119956 34445,-119972 34460,-120008 34463,-120039 34462,-120051 34460,-120089 34462,-120097 34470,-120118 34473,-120141 34470,-120184 34471,-120225 34468,-120238 34467,-120258 34468,-120283 34471,-120295 34470,-120299 34467,-120302 34459,-120341 34452,-120442 34447,-120451 34448,-120471 34475,-120477 34481,-120480 34490,-120491 34523,-120511 34531,-120525 34557,-120581 34557,-120608 34554,-120612 34554,-120623 34566,-120638 34581,-120646 34604,-120640 34634,-120625 34692,-120602 34705,-120600 34710,-120602 34731,-120615 34738,-120626 34756,-120637 34793,-120623 34816,-120616 34843,-120610 34858,-120610 34867,-120616 34880,-120639 34894,-120642 34901,-120647 34901,-120663 34904,-120671 34974,-120649 35003,-120640 35033,-120634 35062,-120630 35078,-120630 35102,-120631 35124,-120636 35140,-120644 35148,-120651 35153,-120662 35152,-120668 35153,-120675 35161,-120687 35171,-120699 35173,-120704 35176,-120714 35178,-120734 35178,-120749 35175,-120755 35169,-120757 35160,-120756 35160,-120760 35169,-120779 35178,-120786 35185,-120805 35204,-120847 35206,-120856 35226,-120873 35248,-120897 35254,-120897 35278,-120889 35294,-120880 35327,-120867 35347,-120863 35361,-120862 35393,-120866 35403,-120869 35430,-120885 35442,-120897 35449,-120908 35447,-120947 35448,-120951 35454,-120956 35460,-120969 35459,-120976 35461,-121003 35485,-121026 35508,-121053 35510,-121060 35549,-121102 35593,-121126 35600,-121134 35606,-121144 35635,-121167 35643,-121189 35641,-121195 35657,-121251 35667,-121272 35674,-121285 35689,-121290 35697,-121296 35702,-121305 35713,-121315 35753,-121316 35769,-121325 35783,-121332 35795,-121346 35804,-121357 35823,-121388 35845,-121407 35855,-121413 35860,-121427 35867,-121440 35886,-121462 35897,-121461 35904,-121463 35920,-121472 35970,-121486 36000,-121503 36007,-121512 36014,-121532 36020,-121554 36022,-121570 36025,-121575 36050,-121590 36054,-121589 36065,-121593 36072,-121607 36088,-121619 36100,-121622 36114,-121630 36166,-121680 36195,-121717 36227,-121780 36234,-121797 36233,-121807 36234,-121814 36242,-121826 36251,-121836 36260,-121839 36278,-121852 36289,-121875 36303,-121888 36318,-121895 36340,-121893 36358,-121905 36364,-121903 36382,-121902 36394,-121903 36398,-121906 36404,-121914 36415,-121917 36426,-121915 36454,-121925 36472,-121937 36486,-121942 36497,-121939 36506,-121939 36512,-121944 36522,-121945 36523,-121929 36525,-121926 36560,-121933 36566,-121943 36568,-121950 36564,-121951 36564,-121957 36573,-121973 36580,-121979 36583,-121970 36618,-121942 36634,-121939 36637,-121936 36637,-121930 36635,-121924 36609,-121890 36602,-121889 36601,-121887 36605,-121871 36611,-121861 36630,-121842 36645,-121832 36657,-121825 36683,-121814 36714,-121807 36750,-121806 36804,-121788 36815,-121792 36849,-121809 36851,-121811 36879,-121828 36932,-121862 36950,-121880 36962,-121895 36969,-121906 36978,-121930 36978,-121939 36971,-121952 36954,-121973 36954,-121976 36959,-121984 36965,-122012 36962,-122023 36951,-122027 36949,-122050 36948,-122066 36951,-122079 36956,-122106 36975,-122141 36981,-122155 37003,-122187 37014,-122206 37059,-122252 37073,-122260 37102,-122285 37107,-122293 37116,-122306 37118,-122314 37115,-122323 37115,-122330 37117,-122337 37121,-122339 37131,-122337 37136,-122338 37144,-122344 37156,-122360 37164,-122362 37173,-122367 37181,-122379 37183,-122391 37187,-122397 37196,-122405 37219,-122407 37225,-122409 37233,-122416 37241,-122419 37249,-122418 37266,-122412 37337,-122401 37359,-122401 37375,-122409 37393,-122423 37436,-122444 37462,-122446 37481,-122452 37498,-122468 37501,-122472 37499,-122476 37496,-122482 37495,-122486 37494,-122487 37492,-122494 37493,-122494 37495,-122499 37521,-122517 37537,-122520 37545,-122517 37546,-122515 37552,-122514 37576,-122518 37591,-122517 37600,-122501 37612,-122497 37644,-122494 37686,-122497 37708,-122502 37724,-122506 37749,-122509 37771,-122512 37781,-122514 37788,-122505 37788,-122493 37791,-122486 37811,-122478 37809,-122470 37805,-122464 37811,-122426 37811,-122407 37806,-122398 37791,-122385 37735,-122376 37732,-122370 37735,-122368 37735,-122365 37730,-122357 37715,-122362 37718,-122370 37708,-122391 37708,-122393 37679,-122388 37662,-122374 37652,-122376 37650,-122378 37648,-122387 37638,-122386 37626,-122365 37616,-122355 37611,-122359 37614,-122370 37614,-122373 37606,-122379 37593,-122360 37591,-122318 37587,-122315 37584,-122316 37575,-122306 37573,-122263 37566,-122252 37558,-122244 37557,-122243 37553,-122236 37546,-122225 37539,-122214 37537,-122197 37522,-122195 37504,-122168 37501,-122156 37503,-122150 37508,-122140 37504,-122131 37500,-122128 37505,-122116 37508,-122111 37529,-122112 37561,-122129 37563,-122134 37567,-122138 37582,-122144 37588,-122147 37601,-122145 37607,-122146 37641,-122153 37668,-122163 37676,-122171 37680,-122179 37693,-122197 37698,-122204 37699,-122214 37706,-122222 37722,-122247 37736,-122256 37740,-122258 37745,-122257 37748,-122252 37750,-122245 37754,-122243 37761,-122254 37765,-122264 37767,-122275 37769,-122286 37770,-122294 37775,-122304 37779,-122319 37783,-122329 37784,-122331 37786,-122331 37796,-122332 37800,-122336 37810,-122334 37823,-122324 37827,-122318 37827,-122306 37830,-122304 37848,-122301 37874,-122310 37893,-122310 37897,-122313 37906,-122324 37909,-122335 37909,-122357 37904,-122362 37904,-122368 37905,-122379 37908,-122386 37910,-122389 37923,-122390 37927,-122395 37928,-122401 37937,-122414 37944,-122417 37963,-122430 37965,-122430 37963,-122415 37960,-122412 37958,-122408 37956,-122400 37978,-122368 37990,-122362 37994,-122363 37998,-122367 38008,-122369 38013,-122368 38014,-122364 38010,-122359 38004,-122340 38005,-122332 38013,-122321 38014,-122316 38011,-122301 38023,-122283 38045,-122263 38051,-122263 38060,-122267 38074,-122273 38083,-122283 38105,-122302 38115,-122315 38141,-122366 38150,-122396 38151,-122404 38136,-122410 38117,-122440 38116,-122450 38119,-122455 38115,-122484 38112,-122490 38110,-122491 38108,-122491 38097,-122490 38090,-122487 38072,-122484 38056,-122492 38032,-122499 38019,-122498 38015,-122495 38008,-122481 38003,-122463 37996,-122453 37988,-122448 37985,-122448 37979,-122457 37981,-122462 37982,-122472 37967,-122489 37965,-122490 37959,-122490 37949,-122488 37945,-122480 37942,-122479 37938,-122486 37939,-122499 37937,-122503 37929,-122503 37922,-122494 37922,-122486 37919,-122478 37910,-122472 37903,-122472 37894,-122459 37893,-122448 37884,-122439 37881,-122438 37871,-122450 37869,-122462 37874,-122474 37873,-122481 37869,-122483 37864,-122483 37833,-122477 37833,-122476 37825,-122479 37826,-122480 37827,-122483 37825,-122492 37822,-122505 37825,-122523 37825,-122524 37830,-122537 37836,-122549 37852,-122561 37859,-122584 37875,-122601 37886,-122627 37897,-122640 37905,-122657 37907,-122678 37906,-122682 37901,-122694 37894,-122703 37905,-122727 37920,-122733 37926,-122737 37936,-122755 37938,-122766 37951,-122783 37969,-122792 37977,-122797 37997,-122821 38017,-122857 38025,-122882 38032,-122940 38029,-122957 38020,-122972 38009,-122982 38004,-122982 38001,-122980 37996,-122977 37992,-122974 37995,-123024 38000,-123021 38002,-123016 38003,-123012 38042,-122992 38113,-122961 38139,-122952 38154,-122949 38164,-122950 38176,-122954 38187,-122965 38199,-122966 38202,-122968 38233,-122992 38238,-122994 38240,-122993 38238,-122987 38243,-122969 38251,-122967 38268,-122977 38273,-122986 38283,-122995 38289,-122997 38296,-123003 38297,-123004 38311,-123024 38314,-123039 38311,-123051 38306,-123053 38302,-123052 38299,-123054 38298,-123058 38302,-123064 38323,-123075 38335,-123068 38360,-123068 38391,-123086 38416,-123104 38437,-123122 38450,-123129 38459,-123145 38475,-123166 38494,-123202 38511,-123250 38540,-123287 38543,-123297 38566,-123332 38590,-123343 38597,-123350 38607,-123372 38622,-123379 38647,-123398 38649,-123403 38657,-123406 38687,-123433 38700,-123442 38717,-123461 38732,-123490 38742,-123515 38754,-123525 38768,-123534 38777,-123542 38798,-123572 38803,-123580 38803,-123586 38814,-123600 38819,-123602 38823,-123605 38844,-123639 38844,-123643 38845,-123647 38855,-123652 38866,-123655 38873,-123660 38894,-123688 38913,-123711 38917,-123725 38929,-123728 38936,-123726 38954,-123739 38955,-123733 38957,-123729 38964,-123721 38977,-123711 39004,-123697 39021,-123691 39031,-123690 39057,-123694 39108,-123713 39125,-123722 39140,-123736 39143,-123738 39165,-123742 39192,-123761 39194,-123766 39212,-123775 39237,-123777 39264,-123788 39271,-123799 39279,-123804 39284,-123802 39292,-123803 39313,-123811 39324,-123809 39339,-123817 39344,-123822 39361,-123825 39369,-123826 39380,-123822 39407,-123822 39447,-123815 39492,-123796 39509,-123784 39521,-123779 39553,-123766 39560,-123767 39605,-123787 39610,-123784 39621,-123782 39660,-123786 39684,-123793 39711,-123808 39718,-123825 39723,-123830 39731,-123832 39739,-123835 39752,-123838 39776,-123837 39796,-123840 39832,-123852 39834,-123854 39845,-123881 39863,-123908 39875,-123915 39881,-123916 39910,-123930 39922,-123955 39938,-123963 39962,-123980 39973,-123996 40001,-124024 40013,-124036 40024,-124056 40025,-124065 40021,-124069 40023,-124073 40030,-124080 40066,-124081 40078,-124087 40104,-124111 40116,-124140 40124,-124171 40131,-124188 40161,-124215 40172,-124231 40184,-124258 40209,-124296 40227,-124321 40237,-124328 40244,-124343 40250,-124353 40261,-124363 40276,-124364 40315,-124348 40331,-124353 40335,-124357 40350,-124363 40375,-124365 40393,-124374 40399,-124379 40407,-124391 40422,-124403 40438,-124410 40443,-124409 40462,-124397 40490,-124385 40500,-124383 40505,-124387 40519,-124383 40523,-124379 40549,-124364 40616,-124329 40640,-124315 40641,-124313 40680,-124289 40735,-124248 40769,-124228 40805,-124202 40844,-124177 40876,-124158 40926,-124137 40989,-124118 41028,-124112 41049,-124125 41052,-124133 41054,-124138 41054,-124143 41053,-124147 41051,-124149 41051,-124151 41054,-124154 41060,-124154 41087,-124155 41099,-124161 41122,-124159 41130,-124165 41139,-124164 41143,-124159 41141,-124150 41145,-124144 41190,-124123 41230,-124107 41241,-124106 41288,-124092 41347,-124079 41375,-124072 41440,-124063 41465,-124066
CO 41003,-107318 41003,-107001 41003,-106858 41002,-106454 41002,-106440 41002,-106437 41002,-106431 41001,-106392 41001,-106386 40999,-106321 40998,-106191 40997,-106061 40997,-105730 40997,-105725 40998,-105277 40998,-105257 40998,-105255 40998,-104943 40998,-104882 41002,-104497 41002,-104215 41002,-104214 41002,-104211 41002,-104124 41002,-104105 41002,-104086 41002,-104067 41001,-104053 41002,-104039 41002,-104023 41002,-104018 41002,-103973 41002,-103971 41002,-103954 41002,-103896 41002,-103878 41002,-103858 41002,-103575 41002,-103497 41002,-103487 41002,-103422 41002,-103382 41002,-103365 41002,-103363 41002,-103078 41002,-103077 41002,-103060 41002,-103058 41002,-103043 41002,-103039 41002,-103002 41002,-103000 41002,-102983 41002,-102981 41002,-102964 41002,-102963 41002,-102961 41002,-102960 41002,-102945 41002,-102943 41002,-102926 41002,-102924 41002,-102907 41002,-102905 41002,-102887 41002,-102886 41002,-102868 41002,-102866 41002,-102849 41002,-102846 41002,-102830 41002,-102827 41002,-102774 41002,-102767 41002,-102755 41002,-102740 41002,-102653 41003,-102621 41002,-102579 41002,-102576 41002,-102575 41002,-102566 41002,-102557 41002,-102488 41002,-102471 41002,-102469 41002,-102380 41002,-102364 41002,-102293 41002,-102291 41002,-102272 41002,-102268 41002,-102232 41002,-102212 41002,-102209 41002,-102191 41002,-102125 41002,-102071 41002,-102052 40750,-102051 40698,-102051 40538,-102052 40520,-102052 40440,-102051 40396,-102052 40393,-102052 40349,-102052 40235,-102052 40229,-102052 40163,-102052 40148,-102052 40003,-102052 39850,-102052 39843,-102051 39833,-102051 39819,-102051 39676,-102051 39592,-102050 39574,-102050 39568,-102050 39539,-102050 39537,-102050 39506,-102050 39423,-102049 39418,-102049 39404,-102049 39374,-102049 39303,-102048 39137,-102047 39133,-102047 39130,-102047 39047,-102047 38813,-102045 38799,-102045 38783,-102045 38770,-102045 38756,-102045 38754,-102045 38698,-102045 38689,-102045 38687,-102045 38675,-102045 38670,-102045 38615,-102045 38582,-102045 38559,-102045 38544,-102045 38524,-102045 38506,-102045 38505,-102045 38384,-102045 38312,-102045 38269,-102045 38262,-102045 38250,-102044 37928,-102044 37926,-102044 37868,-102043 37824,-102043 37804,-102043 37789,-102043 37760,-102042 37739,-102042 37724,-102042 37680,-102042 37666,-102042 37654,-102042 37644,-102042 37608,-102042 37558,-102042 37541,-102042 37535,-102042 37506,-102042 37469,-102042 37435,-102042 37410,-102042 37389,-102042 37353,-102042 37309,-102042 37298,-102042 37258,-102042 37142,-102042 37125,-102042 37112,-102042 37107,-102042 37035,-102042 37034,-102042 37032,-102042 37031,-102042 37025,-102042 36993,-102042 36993,-102055 36994,-102184 36994,-102208 36995,-102355 36995,-102571 37000,-102875 36999,-102980 36999,-102986 36999,-102987 37000,-103002 37000,-103086 36998,-103733 36998,-103734 36996,-104008 36993,-104732 36993,-105001 36995,-105121 36995,-105155 36995,-105221 36996,-105419 36996,-105442 36996,-105447 36996,-105465 36996,-105509 36996,-105512 36996,-105534 36996,-105627 36996,-105665 36996,-105716 36996,-105718 36995,-105996 36995,-105997 36995,-106007 36994,-106248 36994,-106249 36993,-106476 36993,-106617 36993,-106629 36993,-106661 36993,-106676 36992,-106870 37000,-107001 37000,-107421 37000,-107482 37000,-108288 36999,-108320 37000,-108321 36999,-108379 36999,-108620 36999,-108954 36999,-108959 36999,-109045 37073,-109045 37075,-109045 37086,-109045 37096,-109045 37109,-109045 37112,-109045 37375,-109046 37485,-109043 37531,-109042 37604,-109042 37618,-109042 37624,-109042 37711,-109042 37713,-109042 37836,-109042 37842,-109042 37881,-109042 37974,-109043 37997,-109043 37999,-109043 38153,-109042 38155,-109042 38275,-109060 38500,-109060 38720,-109060 38904,-109054 38905,-109054 38942,-109053 38943,-109053 39125,-109052 39367,-109051 39498,-109051 39660,-109051 40059,-109051 40060,-109051 40181,-109051 40223,-109051 40540,-109050 40654,-109048 40663,-109048 41001,-109050 41000,-108251 41002,-107918 41003,-107318
CT 42033,-72397 42031,-72199 42030,-72136 42029,-72102 42027,-72060 42024,-71801 42008,-71799 41929,-71797 41904,-71796 41841,-71794 41840,-71794 41809,-71793 41807,-71793 41725,-71790 41640,-71789 41597,-71789 41417,-71798 41420,-71818 41412,-71840 41410,-71843 41406,-71843 41395,-71842 41385,-71833 41371,-71832 41345,-71831 41341,-71833 41335,-71840 41322,-71860 41331,-71868 41336,-71886 41332,-71917 41335,-71922 41335,-71923 41338,-71936 41338,-71946 41330,-71957 41325,-71971 41330,-71979 41330,-71982 41321,-71988 41317,-72022 41320,-72084 41314,-72094 41307,-72100 41299,-72112 41299,-72134 41310,-72162 41318,-72174 41322,-72178 41324,-72184 41323,-72191 41316,-72201 41313,-72203 41299,-72204 41291,-72213 41299,-72225 41300,-72236 41299,-72248 41299,-72252 41294,-72251 41290,-72251 41283,-72261 41278,-72318 41278,-72328 41283,-72334 41280,-72341 41277,-72349 41270,-72348 41262,-72387 41278,-72399 41278,-72406 41279,-72452 41270,-72473 41271,-72486 41266,-72500 41260,-72507 41261,-72519 41266,-72521 41264,-72529 41263,-72533 41256,-72537 41256,-72538 41251,-72547 41250,-72547 41268,-72571 41272,-72583 41271,-72585 41271,-72586 41271,-72587 41271,-72588 41270,-72590 41270,-72591 41269,-72598 41270,-72608 41271,-72610 41272,-72617 41272,-72618 41269,-72631 41267,-72641 41267,-72642 41267,-72643 41266,-72651 41266,-72654 41266,-72655 41269,-72662 41269,-72663 41268,-72667 41267,-72672 41266,-72674 41258,-72685 41253,-72685 41251,-72686 41248,-72689 41247,-72690 41245,-72693 41245,-72695 41245,-72702 41245,-72706 41245,-72707 41245,-72709 41244,-72711 41245,-72711 41249,-72714 41251,-72711 41254,-72712 41259,-72722 41255,-72733 41267,-72754 41267,-72757 41265,-72786 41252,-72819 41254,-72819 41257,-72827 41257,-72848 41256,-72850 41248,-72854 41245,-72861 41243,-72881 41244,-72895 41246,-72901 41247,-72904 41248,-72905 41253,-72903 41256,-72895 41260,-72894 41264,-72896 41275,-72903 41283,-72908 41282,-72917 41280,-72920 41272,-72921 41271,-72921 41269,-72921 41261,-72932 41260,-72933 41258,-72936 41253,-72957 41252,-72960 41252,-72961 41252,-72962 41235,-72984 41234,-72985 41233,-72986 41223,-72998 41215,-73004 41210,-73008 41205,-73013 41205,-73014 41204,-73015 41204,-73020 41205,-73020 41206,-73020 41207,-73023 41207,-73025 41210,-73046 41210,-73051 41208,-73055 41207,-73059 41195,-73078 41194,-73079 41184,-73091 41184,-73092 41183,-73092 41173,-73104 41172,-73105 41169,-73108 41160,-73110 41157,-73110 41154,-73108 41151,-73111 41147,-73130 41159,-73164 41161,-73170 41165,-73171 41167,-73178 41158,-73203 41143,-73228 41144,-73235 41126,-73248 41117,-73262 41128,-73287 41126,-73296 41116,-73312 41110,-73331 41104,-73372 41088,-73392 41086,-73400 41073,-73414 41057,-73435 41057,-73450 41051,-73468 41036,-73477 41048,-73493 41039,-73517 41029,-73517 41019,-73523 41016,-73529 41022,-73531 41029,-73530 41032,-73533 41032,-73535 41024,-73551 41017,-73562 41011,-73568 41002,-73570 41001,-73584 41011,-73585 41016,-73596 41015,-73604 41002,-73643 40995,-73651 40985,-73657 41012,-73655 41013,-73655 41030,-73670 41042,-73680 41051,-73687 41059,-73694 41101,-73728 41141,-73640 41145,-73632 41153,-73614 41198,-73515 41201,-73509 41213,-73483 41295,-73551 41366,-73545 41377,-73544 41434,-73538 41436,-73537 41441,-73537 41451,-73536 41453,-73536 41455,-73536 41456,-73536 41457,-73536 41476,-73534 41477,-73534 41478,-73534 41479,-73534 41480,-73534 41527,-73530 41616,-73521 41667,-73517 41759,-73510 41824,-73505 42050,-73487 42047,-73294 42047,-73293 42045,-73231 42045,-73230 42042,-73127 42040,-73053 42039,-73009 42038,-72864 42036,-72814 41998,-72817 42002,-72775 42003,-72767 42008,-72766 42021,-72758 42021,-72757 42036,-72756 42037,-72714 42037,-72696 42035,-72509 42033,-72397
DE 39837,-75595 39837,-75594 39837,-75593 39839,-75580 39838,-75539 39833,-75499 39820,-75454 39809,-75428 39802,-75415 39796,-75416 39783,-75438 39781,-75441 39774,-75448 39751,-75466 39744,-75469 39735,-75474 39731,-75475 39698,-75504 39686,-75510 39693,-75530 39657,-75562 39651,-75587 39622,-75612 39621,-75613 39620,-75613 39618,-75614 39616,-75615 39615,-75614 39613,-75613 39613,-75614 39607,-75613 39606,-75614 39598,-75612 39597,-75612 39590,-75605 39589,-75604 39584,-75592 39583,-75592 39581,-75588 39580,-75587 39579,-75587 39578,-75586 39568,-75572 39567,-75571 39562,-75563 39560,-75565 39559,-75566 39541,-75569 39539,-75569 39527,-75570 39520,-75561 39508,-75567 39509,-75576 39496,-75588 39495,-75588 39479,-75593 39478,-75593 39462,-75590 39461,-75589 39451,-75580 39448,-75579 39442,-75571 39439,-75572 39430,-75556 39417,-75539 39409,-75536 39392,-75524 39388,-75522 39366,-75513 39366,-75512 39365,-75512 39359,-75505 39355,-75494 39352,-75492 39347,-75494 39346,-75493 39344,-75492 39343,-75490 39337,-75480 39331,-75469 39328,-75460 39313,-75439 39309,-75437 39298,-75436 39297,-75435 39285,-75428 39265,-75408 39255,-75403 39246,-75405 39244,-75406 39224,-75406 39223,-75405 39216,-75397 39205,-75393 39188,-75395 39187,-75399 39186,-75400 39175,-75408 39156,-75411 39089,-75401 39067,-75402 39066,-75400 39059,-75396 39058,-75396 39051,-75388 39049,-75380 39025,-75346 39020,-75341 38988,-75318 38981,-75315 38968,-75312 38951,-75313 38949,-75313 38946,-75312 38945,-75312 38939,-75303 38925,-75312 38913,-75304 38877,-75263 38844,-75232 38823,-75205 38807,-75191 38791,-75161 38790,-75159 38782,-75134 38783,-75113 38789,-75097 38794,-75094 38803,-75097 38804,-75094 38797,-75089 38772,-75082 38750,-75080 38738,-75079 38661,-75066 38632,-75065 38609,-75062 38609,-75061 38608,-75060 38486,-75050 38451,-75049 38451,-75053 38451,-75066 38451,-75070 38451,-75086 38451,-75088 38451,-75090 38451,-75142 38451,-75185 38451,-75253 38451,-75260 38452,-75341 38452,-75356 38452,-75371 38452,-75394 38452,-75395 38452,-75411 38453,-75425 38453,-75429 38454,-75479 38454,-75500 38454,-75503 38455,-75521 38455,-75523 38455,-75534 38456,-75559 38456,-75560 38456,-75574 38456,-75584 38456,-75589 38456,-75593 38457,-75598 38458,-75630 38459,-75663 38459,-75666 38460,-75694 38492,-75696 38496,-75697 38522,-75699 38543,-75700 38559,-75701 38561,-75702 38585,-75703 38592,-75704 38615,-75706 38616,-75706 38621,-75706 38626,-75707 38635,-75707 38822,-75722 38830,-75723 38833,-75723 38847,-75724 38848,-75724 38868,-75726 38869,-75726 39115,-75746 39120,-75746 39143,-75748 39246,-75756 39297,-75760 39377,-75767 39378,-75767 39535,-75779 39537,-75779 39631,-75787 39637,-75787 39681,-75789 39682,-75789 39700,-75788 39722,-75788 39773,-75740 39792,-75717 39811,-75686 39821,-75663 39828,-75642 39830,-75635 39837,-75596 39837,-75595
DC 38840,-77033 38851,-77032 38871,-77041 38900,-77068 38904,-77090 38911,-77101 38934,-77120 38949,-77101 38985,-77054 38995,-77041 38992,-77036 38976,-77016 38974,-77014 38970,-77008 38966,-77003 38965,-77002 38918,-76942 38893,-76909 38892,-76911 38885,-76919 38884,-76920 38861,-76950 38859,-76954 38822,-77001 38803,-77024 38792,-77039 38840,-77033
FL 25342,-80251 25336,-80255 25325,-80260 25321,-80268 25283,-80288 25258,-80308 25191,-80351 25184,-80354 25169,-80350 25154,-80359 25130,-80377 25109,-80400 25096,-80428 25089,-80431 25076,-80443 25070,-80462 25060,-80474 25039,-80494 25031,-80489 25023,-80495 24990,-80538 24958,-80566 24954,-80572 24951,-80588 24948,-80596 24938,-80612 24913,-80636 24897,-80659 24900,-80661 24905,-80660 24908,-80651 24914,-80641 24931,-80624 24936,-80623 24939,-80624 24944,-80622 24958,-80597 24965,-80581 24963,-80578 24962,-80571 24972,-80559 25000,-80544 25007,-80543 25015,-80546 25017,-80524 25028,-80509 25041,-80501 25047,-80496 25050,-80489 25057,-80481 25079,-80461 25087,-80465 25089,-80470 25092,-80482 25102,-80495 25109,-80484 25107,-80477 25099,-80476 25093,-80464 25089,-80450 25093,-80445 25106,-80434 25115,-80433 25148,-80448 25151,-80446 25137,-80413 25142,-80403 25151,-80395 25171,-80387 25183,-80388 25192,-80392 25198,-80387 25206,-80370 25207,-80359 25211,-80350 25231,-80337 25254,-80334 25262,-80336 25268,-80343 25282,-80368 25287,-80364 25290,-80339 25286,-80335 25287,-80329 25294,-80316 25314,-80293 25325,-80290 25344,-80276 25354,-80265 25361,-80257 25381,-80255 25391,-80251 25399,-80246 25406,-80226 25411,-80219 25417,-80214 25434,-80207 25459,-80199 25473,-80192 25486,-80190 25495,-80192 25508,-80189 25519,-80179 25518,-80175 25483,-80174 25469,-80184 25412,-80204 25397,-80222 25362,-80238 25347,-80240 25343,-80250 25342,-80251
FL 24659,-81583 24669,-81581 24693,-81563 24692,-81558 24681,-81542 24680,-81535 24688,-81519 24700,-81516 24704,-81512 24710,-81491 24711,-81477 24706,-81474 24704,-81469 24707,-81459 24711,-81454 24715,-81452 24736,-81453 24740,-81457 24747,-81451 24735,-81441 24727,-81439 24724,-81436 24723,-81432 24732,-81423 24738,-81422 24746,-81427 24747,-81431 24752,-81431 24753,-81425 24749,-81403 24743,-81393 24738,-81390 24731,-81389 24726,-81386 24709,-81360 24708,-81346 24701,-81319 24692,-81315 24681,-81314 24665,-81310 24657,-81298 24654,-81298 24652,-81303 24640,-81333 24621,-81395 24624,-81402 24640,-81403 24647,-81414 24646,-81432 24640,-81449 24642,-81470 24645,-81481 24647,-81482 24650,-81478 24653,-81476 24660,-81481 24665,-81499 24661,-81503 24655,-81506 24644,-81509 24632,-81509 24625,-81511 24620,-81519 24615,-81546 24586,-81603 24573,-81664 24564,-81675 24559,-81685 24560,-81692 24556,-81733 24552,-81766 24547,-81786 24545,-81810 24546,-81813 24564,-81814 24570,-81811 24571,-81801 24586,-81794 24585,-81774 24590,-81748 24590,-81739 24584,-81735 24582,-81730 24588,-81716 24592,-81715 24598,-81705 24598,-81699 24592,-81694 24593,-81687 24598,-81679 24608,-81669 24616,-81656 24621,-81637 24643,-81615 24651,-81615 24655,-81598 24656,-81588 24659,-81583
FL 24576,-82151 24593,-82143 24597,-82135 24597,-82125 24588,-82104 24585,-82101 24573,-82099 24561,-82104 24549,-82117 24548,-82159 24552,-82165 24563,-82164 24576,-82151
FL 24781,-80910 24770,-80906 24765,-80912 24768,-80939 24720,-81016 24717,-81024 24721,-81029 24727,-81032 24727,-81034 24715,-81065 24712,-81071 24704,-81076 24697,-81079 24692,-81078 24689,-81108 24705,-81124 24708,-81125 24713,-81107 24711,-81105 24712,-81099 24724,-81067 24738,-81051 24743,-81042 24743,-81037 24740,-81035 24733,-81022 24735,-81017 24744,-80994 24753,-80986 24764,-80960 24782,-80910 24781,-80910
FL 26703,-82256 26708,-82255 26706,-82247 26694,-82243 26689,-82246 26683,-82247 26662,-82237 26626,-82218 26603,-82214 26560,-82197 26528,-82187 26502,-82178 26490,-82166 26478,-82149 26477,-82132 26474,-82120 26455,-82088 26466,-82077 26470,-82063 26457,-82038 26455,-82016 26454,-82014 26452,-82014 26425,-82063 26422,-82075 26422,-82083 26425,-82098 26436,-82127 26455,-82149 26468,-82173 26472,-82177 26476,-82181 26489,-82186 26556,-82201 26567,-82206 26590,-82222 26636,-82239 26654,-82249 26673,-82263 26683,-82268 26698,-82264 26703,-82256
FL 29707,-84777 29739,-84730 29749,-84717 29770,-84697 29765,-84694 29762,-84695 29741,-84714 29700,-84765 29692,-84777 29682,-84799 29665,-84854 29652,-84885 29613,-84958 29589,-85036 29587,-85051 29592,-85055 29605,-85069 29622,-85095 29625,-85097 29628,-85095 29610,-85067 29600,-85038 29597,-85024 29604,-85017 29610,-84988 29617,-84968 29637,-84933 29645,-84926 29649,-84920 29657,-84896 29673,-84862 29687,-84813 29699,-84798 29707,-84777
FL 29680,-85156 29684,-85137 29687,-85135 29689,-85114 29685,-85094 29679,-85084 29671,-85077 29649,-85091 29633,-85097 29628,-85125 29635,-85143 29650,-85163 29664,-85185 29673,-85204 29678,-85223 29680,-85220 29682,-85209 29683,-85185 29682,-85169 29680,-85156
FL 30634,-83309 30631,-83256 30627,-83187 30626,-83174 30626,-83163 30626,-83156 30624,-83137 30609,-82879 30609,-82877 30598,-82699 30598,-82690 30598,-82689 30592,-82584 30591,-82569 30591,-82565 30590,-82553 30589,-82545 30589,-82536 30588,-82525 30584,-82460 30582,-82419 30579,-82375 30573,-82287 30572,-82258 30571,-82250 30567,-82215 30567,-82214 30500,-82212 30456,-82206 30425,-82210 30401,-82204 30376,-82190 30360,-82172 30358,-82165 30367,-82125 30362,-82050 30497,-82016 30519,-82017 30563,-82005 30596,-82013 30633,-82038 30655,-82049 30676,-82050 30782,-82023 30788,-82000 30822,-81906 30793,-81869 30786,-81840 30789,-81827 30790,-81807 30771,-81759 30763,-81741 30750,-81733 30745,-81720 30734,-81637 30736,-81624 30718,-81606 30713,-81545 30710,-81444 30703,-81433 30698,-81427 30669,-81431 30601,-81443 30555,-81443 30523,-81434 30510,-81443 30504,-81447 30498,-81440 30497,-81426 30482,-81411 30422,-81407 30401,-81397 30340,-81396 30303,-81392 30274,-81386 30253,-81380 30163,-81356 29969,-81309 29929,-81295 29915,-81289 29900,-81277 29883,-81270 29858,-81265 29821,-81263 29785,-81257 29739,-81241 29715,-81229 29671,-81213 29667,-81212 29555,-81164 29474,-81124 29427,-81102 29308,-81047 29206,-80995 29148,-80966 29111,-80944 29064,-80907 29036,-80894 29011,-80878 28875,-80787 28791,-80732 28762,-80713 28761,-80713 28757,-80710 28755,-80709 28709,-80672 28698,-80663 28679,-80648 28678,-80648 28678,-80647 28676,-80646 28670,-80641 28666,-80639 28655,-80631 28635,-80617 28598,-80584 28585,-80575 28562,-80567 28531,-80561 28479,-80536 28459,-80525 28452,-80527 28438,-80563 28428,-80574 28411,-80588 28391,-80596 28364,-80603 28336,-80607 28311,-80608 28258,-80604 28178,-80590 28096,-80566 28049,-80548 27970,-80509 27862,-80447 27861,-80447 27860,-80447 27740,-80384 27643,-80352 27628,-80351 27616,-80344 27598,-80331 27569,-80325 27557,-80321 27525,-80312 27500,-80301 27500,-80293 27421,-80266 27380,-80254 27341,-80234 27323,-80227 27263,-80199 27250,-80193 27193,-80161 27169,-80153 27163,-80160 27144,-80150 27112,-80139 27072,-80117 27019,-80094 26971,-80080 26928,-80067 26859,-80046 26796,-80031 26772,-80032 26771,-80036 26766,-80037 26715,-80033 26701,-80033 26676,-80036 26612,-80035 26569,-80039 26510,-80050 26445,-80061 26336,-80071 26335,-80072 26321,-80075 26319,-80075 26264,-80080 26249,-80086 26232,-80089 26148,-80101 26096,-80105 26093,-80107 26088,-80109 26087,-80110 26053,-80112 25986,-80118 25975,-80118 25916,-80118 25883,-80121 25841,-80120 25818,-80122 25791,-80127 25772,-80128 25750,-80137 25741,-80144 25703,-80153 25683,-80154 25677,-80152 25665,-80155 25665,-80161 25685,-80177 25711,-80170 25722,-80164 25729,-80166 25738,-80173 25746,-80185 25744,-80198 25733,-80229 25724,-80240 25717,-80245 25688,-80250 25658,-80266 25652,-80267 25637,-80277 25630,-80288 25622,-80297 25613,-80301 25593,-80306 25575,-80306 25568,-80302 25539,-80314 25536,-80325 25533,-80329 25499,-80339 25479,-80339 25466,-80337 25443,-80328 25437,-80320 25423,-80326 25398,-80326 25391,-80320 25390,-80310 25384,-80307 25373,-80310 25339,-80335 25330,-80352 25327,-80362 25317,-80374 25301,-80383 25288,-80386 25263,-80419 25253,-80438 25248,-80447 25236,-80463 25233,-80468 25232,-80468 25230,-80470 25217,-80483 25208,-80488 25207,-80488 25199,-80495 25200,-80496 25200,-80498 25200,-80499 25203,-80503 25206,-80508 25207,-80508 25217,-80513 25218,-80515 25221,-80520 25220,-80523 25219,-80526 25216,-80530 25218,-80541 25222,-80542 25225,-80541 25230,-80541 25237,-80548 25239,-80558 25239,-80571 25224,-80589 25208,-80588 25201,-80585 25193,-80594 25188,-80602 25182,-80610 25177,-80619 25177,-80634 25177,-80640 25176,-80641 25176,-80642 25174,-80646 25170,-80649 25169,-80649 25168,-80657 25168,-80661 25167,-80670 25167,-80674 25167,-80680 25166,-80684 25165,-80688 25158,-80695 25147,-80701 25139,-80704 25141,-80715 25145,-80722 25144,-80729 25144,-80735 25143,-80738 25143,-80743 25149,-80746 25155,-80746 25164,-80752 25167,-80758 25172,-80795 25172,-80796 25165,-80815 25164,-80817 25162,-80823 25161,-80826 25160,-80827 25161,-80827 25162,-80827 25163,-80827 25165,-80828 25168,-80830 25175,-80838 25176,-80844 25177,-80846 25177,-80858 25176,-80859 25174,-80874 25174,-80875 25174,-80876 25173,-80879 25172,-80879 25166,-80892 25162,-80899 25162,-80900 25156,-80901 25154,-80902 25151,-80900 25148,-80899 25140,-80901 25140,-80902 25140,-80907 25141,-80916 25137,-80931 25136,-80937 25135,-80939 25135,-80941 25134,-80943 25135,-80955 25136,-80956 25136,-80957 25136,-80959 25134,-80967 25134,-80968 25134,-80970 25134,-80971 25134,-80972 25133,-80973 25132,-80977 25127,-80992 25126,-80994 25124,-80999 25124,-81000 25125,-81010 25129,-81023 25129,-81025 25129,-81033 25129,-81038 25128,-81049 25128,-81050 25128,-81051 25119,-81080 25127,-81095 25145,-81112 25152,-81121 25156,-81134 25164,-81141 25183,-81142 25184,-81143 25193,-81147 25208,-81155 25208,-81156 25219,-81168 25222,-81171 25222,-81172 25224,-81172 25234,-81171 25236,-81171 25245,-81171 25246,-81171 25249,-81170 25250,-81170 25250,-81169 25253,-81168 25290,-81162 25299,-81159 25306,-81152 25318,-81149 25325,-81152 25333,-81148 25341,-81140 25343,-81134 25339,-81121 25345,-81118 25355,-81117 25381,-81128 25381,-81141 25387,-81151 25399,-81151 25404,-81147 25408,-81147 25464,-81169 25475,-81179 25485,-81192 25505,-81208 25517,-81210 25534,-81203 25539,-81204 25549,-81209 25558,-81226 25573,-81233 25587,-81233 25599,-81241 25614,-81241 25638,-81254 25657,-81269 25665,-81277 25688,-81290 25717,-81329 25716,-81335 25721,-81346 25737,-81346 25748,-81344 25754,-81347 25760,-81355 25766,-81359 25773,-81362 25782,-81345 25787,-81340 25795,-81342 25803,-81345 25817,-81349 25822,-81353 25824,-81362 25840,-81386 25852,-81394 25865,-81418 25868,-81424 25865,-81429 25864,-81441 25869,-81458 25882,-81472 25888,-81474 25888,-81488 25884,-81501 25884,-81509 25886,-81513 25897,-81512 25900,-81516 25902,-81528 25900,-81541 25889,-81577 25889,-81585 25894,-81615 25897,-81623 25898,-81640 25898,-81645 25894,-81654 25886,-81664 25857,-81673 25845,-81678 25847,-81685 25853,-81690 25898,-81713 25902,-81718 25907,-81727 25932,-81732 25942,-81738 25950,-81746 25960,-81750 25994,-81748 25998,-81751 26000,-81757 26006,-81762 26088,-81802 26152,-81809 26173,-81815 26207,-81817 26237,-81821 26295,-81833 26328,-81845 26330,-81846 26379,-81869 26411,-81902 26416,-81903 26427,-81912 26437,-81924 26445,-81938 26452,-81957 26458,-81964 26463,-81967 26465,-81966 26477,-81970 26481,-81981 26485,-81997 26484,-82009 26491,-82014 26505,-82009 26513,-82025 26520,-82044 26513,-82067 26493,-82072 26484,-82095 26484,-82106 26541,-82112 26561,-82119 26579,-82122 26637,-82138 26654,-82150 26682,-82182 26697,-82180 26702,-82174 26704,-82152 26703,-82139 26700,-82126 26691,-82119 26667,-82106 26663,-82100 26666,-82093 26685,-82087 26702,-82085 26717,-82080 26743,-82067 26770,-82062 26774,-82061 26789,-82061 26802,-82055 26822,-82058 26839,-82059 26859,-82057 26877,-82059 26882,-82067 26889,-82091 26907,-82093 26923,-82090 26928,-82083 26928,-82068 26931,-82062 26939,-82061 26950,-82063 26958,-82076 26958,-82108 26956,-82113 26954,-82117 26946,-82125 26926,-82137 26925,-82162 26923,-82169 26917,-82175 26897,-82173 26852,-82156 26790,-82147 26783,-82151 26779,-82173 26773,-82179 26772,-82209 26772,-82222 26783,-82232 26784,-82233 26783,-82234 26774,-82242 26756,-82251 26717,-82260 26726,-82264 26757,-82265 26785,-82269 26790,-82272 26811,-82282 26828,-82289 26842,-82302 26908,-82352 26946,-82376 26985,-82401 27021,-82419 27061,-82446 27100,-82460 27111,-82465 27114,-82469 27141,-82477 27208,-82512 27254,-82540 27261,-82545 27269,-82559 27279,-82570 27299,-82569 27309,-82576 27336,-82598 27362,-82624 27390,-82643 27424,-82675 27437,-82692 27444,-82691 27488,-82708 27500,-82715 27514,-82725 27531,-82743 27539,-82746 27539,-82742 27524,-82708 27502,-82711 27498,-82707 27496,-82690 27497,-82686 27508,-82687 27513,-82684 27520,-82675 27523,-82662 27523,-82651 27534,-82646 27552,-82632 27571,-82612 27583,-82613 27585,-82612 27594,-82596 27596,-82585 27609,-82571 27616,-82566 27639,-82559 27645,-82554 27673,-82537 27706,-82514 27719,-82495 27720,-82482 27723,-82478 27730,-82476 27735,-82477 27743,-82482 27746,-82478 27753,-82458 27764,-82435 27768,-82432 27774,-82434 27794,-82419 27803,-82418 27811,-82411 27813,-82403 27838,-82393 27852,-82397 27883,-82403 27901,-82414 27901,-82432 27908,-82452 27912,-82460 27917,-82460 27920,-82462 27928,-82478 27920,-82490 27915,-82491 27895,-82487 27864,-82488 27853,-82480 27847,-82472 27843,-82469 27823,-82472 27821,-82475 27823,-82490 27828,-82511 27848,-82554 27863,-82553 27865,-82539 27871,-82533 27878,-82530 27885,-82539 27891,-82543 27894,-82542 27898,-82536 27904,-82531 27933,-82534 27949,-82541 27967,-82554 27971,-82589 27970,-82620 27966,-82649 27958,-82717 27956,-82721 27948,-82724 27942,-82722 27940,-82721 27937,-82720 27936,-82720 27928,-82710 27925,-82692 27916,-82685 27913,-82671 27910,-82628 27904,-82634 27891,-82632 27874,-82610 27884,-82568 27882,-82568 27858,-82567 27858,-82598 27843,-82595 27836,-82589 27817,-82587 27799,-82607 27780,-82623 27754,-82631 27733,-82625 27727,-82626 27711,-82634 27704,-82640 27700,-82653 27702,-82663 27704,-82667 27705,-82669 27705,-82670 27706,-82671 27706,-82672 27706,-82673 27706,-82674 27706,-82677 27696,-82679 27695,-82679 27700,-82694 27699,-82714 27692,-82719 27671,-82723 27664,-82722 27651,-82716 27647,-82713 27639,-82698 27625,-82705 27613,-82733 27617,-82737 27623,-82737 27627,-82738 27637,-82739 27707,-82738 27718,-82740 27731,-82746 27736,-82754 27745,-82761 27768,-82770 27784,-82783 27792,-82790 27814,-82820 27822,-82829 27854,-82847 27863,-82849 27886,-82851 27910,-82848 27937,-82841 27962,-82831 27960,-82825 27957,-82822 27931,-82831 27909,-82838 27909,-82832 27927,-82821 27953,-82809 27960,-82805 27991,-82798 28011,-82793 28032,-82793 28056,-82783 28106,-82784 28120,-82782 28128,-82781 28145,-82787 28152,-82791 28152,-82799 28155,-82808 28172,-82805 28188,-82798 28219,-82763 28220,-82764 28244,-82764 28254,-82759 28261,-82746 28292,-82733 28300,-82735 28325,-82731 28346,-82716 28368,-82706 28401,-82706 28420,-82697 28428,-82684 28433,-82679 28434,-82678 28442,-82675 28457,-82680 28465,-82672 28484,-82665 28489,-82664 28497,-82666 28501,-82670 28520,-82669 28528,-82668 28530,-82664 28545,-82657 28550,-82662 28554,-82662 28568,-82657 28591,-82654 28607,-82664 28624,-82657 28637,-82659 28668,-82654 28694,-82646 28698,-82645 28706,-82653 28712,-82656 28719,-82653 28728,-82656 28737,-82662 28747,-82651 28767,-82645 28783,-82643 28790,-82643 28796,-82649 28805,-82650 28831,-82653 28843,-82639 28860,-82643 28876,-82640 28889,-82645 28899,-82656 28900,-82673 28906,-82689 28933,-82703 28936,-82709 28954,-82724 28974,-82736 28996,-82738 28993,-82759 28993,-82761 29000,-82764 29007,-82759 29026,-82754 29054,-82760 29065,-82783 29074,-82781 29076,-82817 29099,-82824 29105,-82809 29105,-82801 29111,-82799 29115,-82799 29130,-82806 29147,-82805 29158,-82827 29162,-82858 29162,-82887 29170,-82923 29168,-82932 29168,-82945 29171,-82975 29172,-82980 29180,-82987 29181,-82992 29178,-82996 29151,-83018 29141,-83019 29134,-83030 29131,-83053 29146,-83057 29153,-83068 29171,-83061 29176,-83061 29184,-83065 29197,-83079 29216,-83088 29248,-83075 29255,-83077 29267,-83089 29269,-83107 29279,-83126 29283,-83128 29289,-83146 29290,-83150 29287,-83161 29289,-83166 29290,-83170 29314,-83177 29328,-83178 29329,-83177 29345,-83176 29363,-83190 29374,-83201 29394,-83202 29420,-83218 29433,-83241 29436,-83264 29432,-83272 29438,-83295 29460,-83307 29469,-83308 29476,-83312 29477,-83323 29476,-83331 29489,-83350 29500,-83357 29500,-83370 29504,-83379 29513,-83384 29517,-83400 29523,-83402 29533,-83400 29578,-83405 29596,-83405 29613,-83399 29641,-83404 29667,-83412 29668,-83413 29671,-83415 29677,-83436 29677,-83445 29675,-83448 29676,-83455 29690,-83483 29699,-83484 29708,-83494 29716,-83513 29723,-83538 29732,-83547 29743,-83555 29761,-83566 29768,-83579 29776,-83585 29785,-83586 29787,-83583 29792,-83582 29812,-83586 29828,-83595 29836,-83605 29842,-83619 29886,-83638 29900,-83660 29919,-83679 29924,-83686 29958,-83757 29977,-83789 29983,-83829 29998,-83845 30039,-83932 30041,-83934 30044,-83932 30046,-83933 30065,-83960 30084,-83992 30096,-84001 30103,-84024 30103,-84049 30101,-84063 30095,-84076 30092,-84083 30092,-84087 30095,-84095 30094,-84103 30085,-84114 30091,-84125 30083,-84136 30073,-84157 30071,-84168 30073,-84179 30088,-84199 30088,-84202 30086,-84203 30085,-84208 30086,-84237 30093,-84246 30101,-84247 30104,-84256 30098,-84269 30092,-84273 30083,-84274 30075,-84270 30068,-84271 30060,-84277 30057,-84290 30057,-84298 30069,-84315 30064,-84342 30058,-84359 30025,-84366 29988,-84362 29985,-84360 29984,-84348 29975,-84343 29961,-84341 29946,-84339 29943,-84337 29924,-84334 29913,-84336 29900,-84343 29897,-84349 29893,-84379 29901,-84405 29903,-84424 29906,-84434 29914,-84444 29929,-84452 29925,-84470 29914,-84495 29917,-84512 29910,-84536 29888,-84577 29876,-84603 29868,-84613 29847,-84648 29838,-84656 29834,-84656 29829,-84670 29831,-84684 29829,-84692 29807,-84730 29789,-84756 29789,-84763 29758,-84824 29756,-84837 29742,-84868 29734,-84882 29722,-84888 29723,-84892 29736,-84902 29756,-84890 29773,-84877 29785,-84894 29786,-84904 29783,-84915 29773,-84921 29750,-84938 29745,-84947 29742,-84964 29727,-84969 29721,-84977 29715,-84993 29711,-85037 29719,-85072 29719,-85102 29716,-85121 29708,-85153 29700,-85177 29695,-85217 29694,-85227 29681,-85260 29684,-85291 29681,-85319 29672,-85344 29667,-85348 29655,-85345 29660,-85353 29681,-85369 29698,-85380 29740,-85398 29800,-85414 29829,-85418 29843,-85417 29853,-85414 29866,-85406 29871,-85392 29859,-85399 29830,-85405 29802,-85406 29762,-85396 29710,-85378 29694,-85364 29685,-85354 29685,-85345 29691,-85318 29698,-85311 29797,-85301 29808,-85303 29811,-85305 29814,-85311 29822,-85315 29831,-85315 29832,-85313 29839,-85317 29845,-85325 29846,-85332 29849,-85337 29872,-85347 29899,-85364 29921,-85385 29924,-85389 29938,-85405 29950,-85426 29960,-85460 29958,-85469 29961,-85488 29971,-85509 29996,-85541 30026,-85572 30038,-85581 30056,-85588 30056,-85601 30065,-85618 30073,-85637 30078,-85653 30097,-85697 30118,-85730 30137,-85750 30156,-85775 30178,-85811 30216,-85878 30238,-85923 30269,-85996 30271,-86000 30304,-86090 30344,-86223 30363,-86299 30375,-86364 30379,-86397 30379,-86400 30380,-86412 30381,-86429 30383,-86455 30383,-86456 30383,-86457 30384,-86471 30384,-86474 30382,-86506 30387,-86529 30396,-86633 30392,-86751 30386,-86800 30381,-86851 30372,-86910 30371,-86919 30328,-87155 30321,-87206 30315,-87268 30319,-87283 30324,-87295 30318,-87320 30313,-87350 30297,-87420 30280,-87518 30300,-87452 30311,-87450 30346,-87451 30367,-87451 30391,-87441 30408,-87427 30410,-87419 30491,-87431 30513,-87448 30514,-87450 30515,-87450 30625,-87394 30642,-87394 30654,-87397 30672,-87407 30699,-87449 30717,-87481 30720,-87498 30722,-87503 30743,-87533 30846,-87624 30866,-87635 30898,-87622 30936,-87601 30976,-87594 30997,-87599 30998,-87571 30998,-87549 30998,-87480 30998,-87479 30998,-87467 30998,-87462 30998,-87459 30998,-87456 30998,-87450 30998,-87432 30998,-87426 30998,-87368 30998,-87364 30998,-87356 30998,-87334 30998,-87312 30998,-87304 30998,-87302 30998,-87291 30998,-87289 30998,-87266 30998,-87261 30998,-87260 30998,-87258 30998,-87257 30998,-87256 30998,-87255 30999,-87163 30999,-87069 30999,-87064 30999,-87054 31000,-87040 30999,-87036 30999,-87027 30998,-86888 30998,-86873 30997,-86832 30997,-86830 30997,-86786 30997,-86728 30997,-86727 30997,-86725 30995,-86688 30995,-86678 30995,-86665 30995,-86568 30995,-86563 30993,-86520 30994,-86513 30994,-86458 30994,-86455 30994,-86405 30994,-86392 30994,-86389 30994,-86375 30994,-86369 30994,-86365 30994,-86305 30994,-86289 30994,-86187 30994,-86180 30994,-86175 30994,-86169 30994,-86163 30993,-86056 30993,-86052 30993,-86035 30997,-85498 30997,-85488 31001,-85154 31001,-85152 31001,-85146 31001,-85058 31001,-85055 31001,-85052 31001,-85031 31001,-85030 31001,-85028 31001,-85024 31001,-85002 30971,-84999 30935,-84984 30911,-84960 30888,-84942 30751,-84896 30712,-84865 30711,-84863 30700,-84606 30697,-84539 30697,-84535 30690,-84381 30685,-84283 30685,-84281 30676,-84084 30675,-84057 30674,-84047 30674,-84042 30674,-84040 30672,-84007 30666,-83880 30664,-83855 30663,-83821 30662,-83811 30658,-83744 30655,-83677 30655,-83674 30651,-83612 30642,-83449 30642,-83440 30641,-83430 30642,-83429 30639,-83390 30639,-83379 30637,-83358 30636,-83341 30635,-83312 30634,-83309
GA 34988,-84810 34988,-84809 34988,-84808 34988,-84776 34988,-84731 34988,-84727 34988,-84621 34988,-84510 34988,-84509 34988,-84395 34988,-84394 34988,-84322 34988,-84130 34988,-84129 34987,-84030 34987,-84021 34987,-84005 34987,-83937 34987,-83936 34987,-83674 34992,-83620 34992,-83549 34994,-83483 35001,-83109 34925,-83143 34878,-83243 34833,-83267 34821,-83283 34789,-83324 34741,-83339 34716,-83352 34714,-83351 34713,-83351 34702,-83351 34688,-83338 34653,-83292 34625,-83241 34624,-83241 34600,-83168 34599,-83171 34592,-83170 34534,-83107 34516,-83087 34504,-83073 34493,-83052 34483,-83035 34474,-83007 34475,-82995 34479,-82993 34479,-82992 34483,-82980 34486,-82939 34486,-82903 34479,-82883 34472,-82874 34469,-82875 34424,-82849 34294,-82766 34276,-82755 34230,-82742 34227,-82743 34225,-82744 34210,-82742 34209,-82741 34178,-82732 34151,-82718 34141,-82704 34132,-82677 34120,-82668 34104,-82659 34103,-82659 34100,-82654 34100,-82652 34089,-82641 34088,-82641 34012,-82597 33956,-82565 33956,-82564 33866,-82429 33864,-82423 33866,-82408 33865,-82404 33820,-82324 33802,-82301 33753,-82247 33686,-82219 33631,-82197 33616,-82180 33591,-82135 33590,-82129 33591,-82125 33590,-82117 33586,-82099 33575,-82069 33564,-82046 33545,-82028 33530,-82014 33523,-82008 33523,-82007 33481,-81967 33469,-81958 33409,-81913 33331,-81903 33248,-81852 33247,-81852 33180,-81772 33117,-81697 33095,-81620 33093,-81616 33046,-81542 33025,-81512 33010,-81497 32999,-81491 32979,-81495 32964,-81500 32811,-81424 32747,-81405 32745,-81405 32637,-81415 32635,-81418 32629,-81419 32618,-81412 32595,-81389 32569,-81348 32561,-81329 32560,-81318 32545,-81287 32539,-81275 32467,-81199 32368,-81168 32349,-81141 32342,-81134 32305,-81122 32286,-81120 32276,-81128 32227,-81125 32162,-81122 32118,-81117 32113,-81113 32088,-81062 32085,-81043 32072,-81004 32035,-80886 32024,-80859 32027,-80852 32024,-80843 32011,-80841 32003,-80842 31988,-80848 31969,-80863 31959,-80883 31949,-80898 31944,-80911 31945,-80929 31957,-80930 31957,-80948 31941,-80972 31924,-80976 31916,-80968 31912,-80954 31913,-80941 31909,-80935 31896,-80947 31878,-80971 31858,-80993 31857,-81000 31867,-81014 31876,-81042 31877,-81065 31858,-81059 31850,-81059 31845,-81063 31836,-81076 31829,-81076 31823,-81057 31822,-81051 31825,-81048 31823,-81040 31820,-81037 31813,-81037 31803,-81047 31769,-81068 31761,-81077 31753,-81097 31723,-81131 31721,-81138 31726,-81155 31728,-81161 31733,-81193 31726,-81198 31719,-81204 31702,-81186 31691,-81161 31694,-81155 31698,-81152 31699,-81149 31700,-81139 31696,-81131 31683,-81136 31675,-81136 31654,-81132 31623,-81133 31593,-81150 31570,-81160 31556,-81173 31556,-81179 31560,-81183 31568,-81186 31568,-81194 31568,-81204 31558,-81215 31552,-81241 31556,-81254 31548,-81260 31533,-81264 31531,-81263 31529,-81259 31527,-81218 31528,-81214 31538,-81200 31536,-81193 31528,-81182 31522,-81178 31517,-81177 31504,-81190 31473,-81205 31423,-81247 31404,-81259 31367,-81279 31351,-81279 31326,-81283 31326,-81275 31324,-81268 31315,-81255 31304,-81261 31294,-81270 31289,-81275 31255,-81277 31244,-81283 31225,-81289 31211,-81288 31206,-81293 31206,-81305 31208,-81314 31187,-81339 31167,-81355 31156,-81361 31149,-81359 31137,-81368 31133,-81387 31134,-81400 31125,-81402 31107,-81404 31086,-81401 31073,-81401 31027,-81415 31017,-81420 31014,-81425 31013,-81432 31015,-81435 31018,-81435 31017,-81443 31016,-81451 31010,-81458 31006,-81459 30996,-81469 30985,-81491 30978,-81494 30970,-81487 30966,-81476 30970,-81472 30971,-81467 30966,-81454 30957,-81447 30957,-81427 30974,-81420 30977,-81416 30978,-81408 30958,-81403 30908,-81405 30836,-81429 30831,-81431 30821,-81440 30810,-81447 30791,-81455 30770,-81460 30754,-81461 30742,-81459 30716,-81449 30710,-81444 30713,-81545 30718,-81606 30736,-81624 30734,-81637 30745,-81720 30750,-81733 30763,-81741 30771,-81759 30790,-81807 30789,-81827 30786,-81840 30793,-81869 30822,-81906 30788,-82000 30782,-82023 30676,-82050 30655,-82049 30633,-82038 30596,-82013 30563,-82005 30519,-82017 30497,-82016 30362,-82050 30367,-82125 30358,-82165 30360,-82172 30376,-82190 30401,-82204 30425,-82210 30456,-82206 30500,-82212 30567,-82214 30567,-82215 30571,-82250 30572,-82258 30573,-82287 30579,-82375 30582,-82419 30584,-82460 30588,-82525 30589,-82536 30589,-82545 30590,-82553 30591,-82565 30591,-82569 30592,-82584 30598,-82689 30598,-82690 30598,-82699 30609,-82877 30609,-82879 30624,-83137 30626,-83156 30626,-83163 30626,-83174 30627,-83187 30631,-83256 30634,-83309 30635,-83312 30636,-83341 30637,-83358 30639,-83379 30639,-83390 30642,-83429 30641,-83430 30642,-83440 30642,-83449 30651,-83612 30655,-83674 30655,-83677 30658,-83744 30662,-83811 30663,-83821 30664,-83855 30666,-83880 30672,-84007 30674,-84040 30674,-84042 30674,-84047 30675,-84057 30676,-84084 30685,-84281 30685,-84283 30690,-84381 30697,-84535 30697,-84539 30700,-84606 30711,-84863 30712,-84865 30751,-84896 30888,-84942 30911,-84960 30935,-84984 30971,-84999 31001,-85002 31014,-84999 31075,-85022 31096,-85030 31108,-85036 31157,-85077 31160,-85084 31160,-85092 31165,-85100 31186,-85108 31258,-85112 31283,-85102 31309,-85088 31428,-85068 31517,-85047 31541,-85041 31619,-85057 31622,-85060 31624,-85065 31641,-85087 31695,-85126 31717,-85127 31723,-85122 31733,-85119 31763,-85125 31767,-85125 31772,-85131 31780,-85139 31783,-85141 31840,-85142 31888,-85133 31915,-85107 31945,-85082 31965,-85072 31992,-85062 32024,-85050 32063,-85056 32142,-85048 32185,-84996 32195,-84965 32232,-84924 32233,-84922 32264,-84909 32281,-84917 32301,-84939 32322,-85002 32328,-85007 32337,-85008 32381,-84987 32382,-84987 32412,-84979 32446,-84984 32470,-84998 32507,-85001 32510,-85001 32513,-85001 32524,-85007 32543,-85023 32559,-85045 32584,-85070 32603,-85080 32604,-85080 32607,-85082 32643,-85105 32686,-85115 32745,-85137 32747,-85137 32764,-85132 32772,-85123 32871,-85184 33056,-85222 33063,-85223 33108,-85232 33130,-85237 33428,-85294 33483,-85304 33530,-85314 33536,-85315 33574,-85322 33653,-85338 33768,-85360 33774,-85362 33902,-85387 33964,-85399 34081,-85422 34251,-85455 34253,-85455 34266,-85458 34269,-85459 34286,-85462 34474,-85502 34475,-85502 34501,-85508 34518,-85512 34524,-85514 34525,-85514 34589,-85527 34624,-85534 34657,-85541 34708,-85552 34860,-85583 34924,-85595 34985,-85605 34984,-85474 34983,-85364 34984,-85308 34984,-85305 34984,-85301 34985,-85294 34985,-85278 34985,-85276 34985,-85265 34985,-85255 34985,-85236 34985,-85230 34985,-85222 34986,-85221 34986,-85218 34986,-85217 34986,-85186 34986,-85181 34987,-85045 34988,-84980 34988,-84977 34988,-84956 34988,-84944 34988,-84939 34988,-84861 34988,-84858 34988,-84832 34988,-84824 34988,-84820 34988,-84817 34988,-84811 34988,-84810
HI 20246,-155778 20245,-155773 20232,-155747 20223,-155737 20212,-155736 20205,-155733 20167,-155654 20147,-155630 20146,-155625 20138,-155608 20127,-155601 20125,-155598 20122,-155591 20124,-155582 20131,-155568 20132,-155559 20120,-155524 20115,-155517 20114,-155503 20104,-155468 20095,-155444 20079,-155405 20076,-155402 20067,-155388 20039,-155330 20024,-155295 20022,-155283 20015,-155270 19990,-155241 19969,-155204 19958,-155195 19949,-155180 19923,-155149 19921,-155144 19907,-155131 19897,-155125 19886,-155122 19872,-155108 19868,-155099 19868,-155095 19855,-155086 19850,-155084 19839,-155086 19827,-155089 19815,-155094 19799,-155092 19776,-155091 19772,-155094 19738,-155093 19728,-155087 19726,-155079 19729,-155064 19740,-155045 19739,-155006 19729,-154997 19709,-154987 19691,-154981 19672,-154985 19642,-154984 19633,-154974 19628,-154964 19626,-154950 19624,-154948 19622,-154948 19614,-154951 19605,-154947 19598,-154934 19593,-154928 19587,-154924 19571,-154904 19557,-154875 19549,-154853 19538,-154837 19538,-154827 19530,-154814 19522,-154810 19519,-154809 19481,-154823 19464,-154839 19438,-154869 19426,-154888 19398,-154929 19382,-154944 19366,-154965 19349,-154981 19331,-155021 19317,-155062 19291,-155113 19276,-155134 19268,-155160 19269,-155172 19266,-155187 19261,-155196 19261,-155206 19271,-155244 19274,-155265 19266,-155297 19262,-155304 19251,-155313 19234,-155341 19218,-155349 19209,-155361 19202,-155379 19201,-155391 19188,-155417 19180,-155427 19171,-155433 19152,-155454 19147,-155466 19138,-155505 19133,-155515 19128,-155512 19124,-155512 19117,-155520 19116,-155526 19114,-155529 19091,-155545 19089,-155551 19082,-155558 19069,-155555 19054,-155555 19047,-155557 19033,-155566 19027,-155577 19022,-155582 18999,-155596 18981,-155597 18972,-155602 18970,-155614 18962,-155625 18960,-155625 18942,-155638 18925,-155658 18917,-155672 18919,-155682 18923,-155688 18932,-155690 18941,-155693 18969,-155726 18982,-155764 19014,-155806 19024,-155854 19037,-155882 19039,-155884 19056,-155886 19081,-155904 19081,-155908 19121,-155921 19156,-155917 19218,-155903 19230,-155905 19258,-155903 19275,-155895 19299,-155891 19337,-155887 19348,-155889 19378,-155899 19401,-155914 19415,-155909 19431,-155922 19439,-155924 19468,-155925 19479,-155923 19481,-155924 19485,-155931 19486,-155936 19482,-155936 19482,-155939 19487,-155951 19489,-155953 19510,-155954 19547,-155960 19552,-155962 19555,-155965 19556,-155969 19586,-155971 19608,-155978 19643,-155998 19650,-156029 19654,-156033 19659,-156035 19669,-156033 19672,-156027 19679,-156029 19690,-156036 19699,-156048 19704,-156052 19719,-156052 19731,-156064 19743,-156057 19757,-156052 19780,-156050 19802,-156022 19818,-156006 19846,-155983 19851,-155977 19855,-155965 19857,-155949 19853,-155945 19852,-155940 19859,-155926 19870,-155927 19875,-155925 19887,-155916 19912,-155902 19923,-155894 19927,-155894 19932,-155893 19954,-155867 19969,-155857 19977,-155841 19976,-155839 19976,-155835 19983,-155832 19996,-155829 20026,-155825 20035,-155828 20063,-155850 20079,-155867 20107,-155884 20146,-155899 20205,-155906 20236,-155901 20255,-155891 20263,-155883 20268,-155874 20272,-155853 20260,-155811 20246,-155783 20246,-155778
HI 21959,-160125 21963,-160122 21995,-160113 22001,-160096 22003,-160072 21996,-160059 21984,-160052 21980,-160053 21978,-160056 21977,-160061 21978,-160063 21977,-160066 21955,-160078 21927,-160086 21911,-160080 21896,-160079 21885,-160099 21877,-160124 21873,-160148 21865,-160162 21847,-160175 21822,-160190 21789,-160205 21786,-160200 21780,-160206 21784,-160218 21795,-160235 21815,-160250 21849,-160245 21886,-160231 21889,-160229 21899,-160214 21908,-160206 21912,-160203 21924,-160190 21933,-160167 21949,-160137 21956,-160127 21959,-160125
HI 22220,-159432 22231,-159407 22223,-159388 22220,-159386 22215,-159368 22215,-159360 22218,-159357 22218,-159354 22209,-159340 22187,-159316 22156,-159309 22150,-159298 22145,-159296 22130,-159295 22114,-159297 22081,-159317 22063,-159322 22059,-159325 22055,-159333 22047,-159338 22029,-159341 21973,-159333 21964,-159333 21961,-159335 21951,-159351 21940,-159357 21924,-159382 21898,-159408 21885,-159426 21872,-159447 21883,-159472 21889,-159491 21891,-159518 21891,-159555 21897,-159575 21900,-159578 21899,-159584 21898,-159610 21917,-159638 21933,-159648 21957,-159672 21960,-159681 21963,-159705 21971,-159720 21981,-159758 21987,-159766 22018,-159788 22031,-159791 22064,-159787 22073,-159780 22100,-159748 22116,-159741 22143,-159733 22152,-159726 22165,-159700 22171,-159670 22208,-159609 22219,-159592 22227,-159584 22229,-159560 22228,-159554 22226,-159549 22217,-159541 22219,-159535 22218,-159524 22216,-159519 22211,-159518 22208,-159516 22206,-159508 22211,-159501 22226,-159501 22233,-159489 22233,-159480 22227,-159467 22229,-159456 22226,-159442 22220,-159432
HI 21186,-157015 21182,-156999 21186,-156991 21189,-156988 21208,-156982 21210,-156984 21212,-156984 21219,-156974 21217,-156969 21212,-156963 21192,-156952 21183,-156951 21176,-156946 21168,-156918 21164,-156903 21166,-156898 21170,-156896 21172,-156897 21165,-156868 21168,-156842 21175,-156822 21180,-156771 21176,-156742 21172,-156738 21162,-156737 21164,-156719 21162,-156713 21152,-156714 21132,-156726 21109,-156749 21090,-156776 21082,-156791 21076,-156794 21063,-156835 21058,-156866 21049,-156877 21052,-156892 21056,-156895 21068,-156954 21083,-157003 21089,-157026 21091,-157032 21098,-157038 21106,-157080 21106,-157095 21103,-157125 21097,-157143 21091,-157254 21097,-157298 21106,-157313 21132,-157299 21136,-157299 21146,-157294 21158,-157284 21163,-157276 21163,-157275 21175,-157260 21181,-157255 21191,-157251 21208,-157250 21216,-157257 21218,-157261 21221,-157263 21226,-157261 21227,-157257 21221,-157242 21220,-157226 21222,-157212 21219,-157202 21208,-157192 21206,-157186 21201,-157157 21201,-157148 21203,-157145 21201,-157128 21197,-157113 21198,-157098 21189,-157064 21189,-157053 21191,-157048 21191,-157040 21186,-157015
HI 20523,-156544 20520,-156550 20522,-156560 20512,-156586 20524,-156604 20515,-156631 20508,-156642 20512,-156647 20505,-156669 20507,-156683 20527,-156704 20532,-156702 20542,-156697 20557,-156680 20566,-156652 20587,-156615 20594,-156611 20607,-156577 20605,-156567 20595,-156554 20580,-156543 20574,-156543 20569,-156549 20543,-156556 20539,-156553 20535,-156540 20528,-156540 20523,-156544
HI 21025,-156612 21027,-156612 21034,-156606 21033,-156592 21020,-156580 21016,-156563 21005,-156550 21005,-156546 20968,-156528 20955,-156519 20951,-156512 20940,-156510 20938,-156508 20935,-156499 20928,-156496 20916,-156493 20898,-156481 20895,-156475 20912,-156423 20920,-156386 20928,-156374 20933,-156371 20941,-156353 20942,-156346 20939,-156342 20946,-156333 20950,-156325 20943,-156307 20948,-156286 20937,-156275 20941,-156263 20938,-156243 20932,-156230 20918,-156230 20917,-156227 20918,-156222 20917,-156218 20907,-156216 20877,-156173 20875,-156170 20866,-156167 20861,-156133 20848,-156129 20827,-156116 20829,-156100 20832,-156090 20811,-156060 20808,-156033 20796,-156004 20789,-156003 20777,-155988 20767,-155985 20759,-155987 20744,-155985 20723,-155987 20714,-155992 20698,-156002 20686,-156014 20687,-156020 20682,-156031 20673,-156040 20665,-156044 20654,-156053 20652,-156060 20654,-156081 20649,-156089 20634,-156121 20628,-156130 20624,-156143 20624,-156145 20629,-156148 20630,-156157 20627,-156170 20624,-156173 20630,-156185 20632,-156193 20629,-156210 20623,-156225 20616,-156236 20602,-156266 20596,-156284 20592,-156288 20589,-156293 20586,-156303 20588,-156323 20587,-156352 20582,-156360 20579,-156371 20578,-156378 20586,-156415 20590,-156418 20594,-156416 20599,-156418 20602,-156423 20599,-156428 20598,-156432 20601,-156438 20608,-156444 20614,-156443 20642,-156451 20649,-156446 20656,-156444 20705,-156449 20725,-156451 20731,-156453 20737,-156458 20754,-156462 20773,-156462 20782,-156464 20791,-156474 20798,-156489 20800,-156502 20799,-156506 20794,-156516 20781,-156525 20778,-156538 20821,-156632 20871,-156679 20889,-156689 20891,-156688 20906,-156688 20912,-156691 20916,-156697 20921,-156700 20953,-156694 20980,-156681 21007,-156666 21009,-156652 21014,-156646 21020,-156643 21022,-156644 21028,-156643 21028,-156620 21025,-156612
HI 20930,-157010 20932,-156990 20926,-156972 20925,-156938 20923,-156918 20915,-156897 20864,-156837 20851,-156825 20826,-156810 20820,-156808 20809,-156809 20795,-156817 20765,-156838 20760,-156846 20760,-156851 20755,-156870 20745,-156890 20740,-156909 20739,-156949 20735,-156968 20757,-156985 20787,-156994 20815,-156989 20827,-156992 20850,-157006 20854,-157011 20877,-157055 20885,-157060 20891,-157061 20904,-157063 20913,-157059 20927,-157036 20930,-157026 20930,-157010
HI 21306,-158044 21299,-158088 21298,-158103 21302,-158113 21317,-158121 21322,-158123 21327,-158112 21331,-158114 21335,-158119 21330,-158125 21359,-158133 21374,-158140 21385,-158150 21396,-158162 21404,-158179 21410,-158181 21421,-158181 21430,-158183 21448,-158192 21460,-158205 21470,-158219 21488,-158233 21524,-158231 21533,-158232 21540,-158234 21557,-158251 21576,-158280 21579,-158278 21583,-158254 21586,-158191 21582,-158170 21587,-158126 21597,-158107 21603,-158107 21606,-158109 21607,-158108 21628,-158080 21644,-158067 21652,-158067 21658,-158064 21684,-158037 21700,-158018 21708,-157992 21712,-157987 21713,-157969 21690,-157947 21669,-157939 21655,-157930 21651,-157925 21636,-157923 21629,-157924 21611,-157911 21606,-157901 21575,-157877 21560,-157879 21558,-157873 21564,-157867 21561,-157856 21558,-157853 21530,-157837 21512,-157837 21510,-157850 21500,-157853 21467,-157845 21459,-157841 21455,-157825 21450,-157816 21440,-157814 21430,-157806 21416,-157787 21417,-157780 21421,-157774 21431,-157772 21454,-157775 21458,-157772 21461,-157765 21461,-157754 21459,-157738 21456,-157732 21445,-157731 21438,-157736 21424,-157741 21415,-157741 21404,-157739 21402,-157730 21402,-157728 21403,-157726 21403,-157724 21403,-157723 21402,-157722 21400,-157721 21396,-157719 21383,-157709 21379,-157709 21369,-157713 21358,-157711 21353,-157709 21336,-157697 21333,-157694 21313,-157662 21314,-157652 21309,-157653 21302,-157654 21274,-157695 21267,-157694 21264,-157700 21262,-157710 21264,-157714 21267,-157714 21272,-157711 21281,-157712 21285,-157714 21287,-157721 21278,-157757 21279,-157765 21273,-157778 21260,-157793 21258,-157810 21261,-157821 21265,-157824 21271,-157825 21279,-157832 21290,-157846 21306,-157890 21320,-157895 21327,-157899 21329,-157905 21319,-157919 21314,-157918 21311,-157913 21306,-157911 21307,-157952 21313,-157951 21319,-157952 21328,-157968 21327,-157973 21318,-157989 21309,-158024 21306,-158044
ID 44474,-111049 44438,-111049 44436,-111049 44063,-111049 44061,-111049 44060,-111049 43983,-111048 43816,-111047 43727,-111046 43722,-111046 43688,-111046 43686,-111046 43685,-111046 43681,-111046 43659,-111046 43501,-111045 43316,-111045 43196,-111044 43189,-111044 43184,-111044 43177,-111044 43072,-111044 43068,-111044 43066,-111044 43060,-111044 43055,-111044 43046,-111044 43045,-111044 43041,-111044 43029,-111044 43026,-111044 43025,-111044 43023,-111044 43020,-111044 43019,-111044 42975,-111044 42969,-111044 42964,-111044 42513,-111046 42349,-111047 42281,-111047 42195,-111047 42183,-111047 42149,-111047 42142,-111047 42002,-111047 42001,-111416 42001,-111421 42001,-111426 42000,-111507 41999,-111876 41998,-111916 41999,-111916 41997,-112110 41997,-112164 42001,-112239 42001,-112265 42001,-112386 42001,-112451 42000,-112648 42000,-112709 42000,-112789 41999,-112833 41999,-112881 41999,-112882 41999,-112910 41998,-112979 41998,-113001 41994,-113396 41994,-113402 41994,-113432 41989,-113765 41989,-113796 41988,-113893 41994,-114042 41994,-114048 41994,-114062 41994,-114107 41994,-114282 41995,-114498 41995,-114598 42000,-114764 42000,-114914 41996,-115032 41996,-115038 41999,-115987 41998,-116012 41998,-116019 41997,-116031 41997,-116039 41998,-116161 41998,-116164 41997,-116464 41997,-116483 41997,-116486 41997,-116510 41997,-116587 41998,-116627 41999,-117018 42000,-117026 42807,-117026 43025,-117027 43578,-117027 43579,-117027 43594,-117027 43596,-117027 43600,-117027 43602,-117027 43611,-117027 43618,-117027 43621,-117027 43625,-117027 43632,-117027 43664,-117027 43676,-117027 43681,-117027 43683,-117027 43706,-117027 43715,-117027 43733,-117027 43734,-117027 43808,-117027 43865,-116997 43873,-116982 43880,-116979 43918,-116962 43989,-116935 44102,-116932 44153,-116897 44154,-116896 44160,-116894 44171,-116896 44179,-116903 44243,-116976 44245,-116987 44249,-117028 44248,-117033 44244,-117041 44259,-117170 44274,-117190 44288,-117197 44296,-117198 44297,-117198 44302,-117197 44311,-117195 44330,-117192 44337,-117190 44467,-117215 44486,-117208 44528,-117156 44536,-117149 44546,-117144 44623,-117116 44665,-117096 44727,-117062 44745,-117044 44748,-117038 44756,-117016 44792,-116931 44841,-116891 44888,-116852 44933,-116832 44941,-116836 44949,-116845 44958,-116851 44978,-116858 45017,-116845 45079,-116784 45142,-116730 45203,-116710 45255,-116696 45269,-116691 45322,-116674 45499,-116553 45581,-116481 45603,-116464 45616,-116464 45628,-116472 45651,-116489 45668,-116511 45681,-116528 45692,-116535 45715,-116538 45734,-116536 45752,-116548 45779,-116594 45785,-116633 45848,-116789 45854,-116796 45904,-116857 45917,-116867 45942,-116875 45995,-116916 46062,-116944 46159,-116926 46242,-116959 46295,-116985 46298,-116988 46343,-117047 46368,-117061 46380,-117047 46425,-117040 46463,-117040 46470,-117040 46472,-117040 46542,-117040 46815,-117040 46826,-117040 47127,-117040 47155,-117040 47182,-117040 47203,-117040 47226,-117040 47259,-117040 47347,-117040 47366,-117040 47399,-117040 47412,-117040 47435,-117040 47463,-117040 47478,-117040 47522,-117041 47528,-117041 47533,-117041 47558,-117041 47559,-117041 47678,-117041 47680,-117041 47683,-117042 47706,-117042 47723,-117042 47744,-117042 47745,-117042 47761,-117043 47765,-117043 47767,-117042 47977,-117042 48046,-117042 48086,-117041 48174,-117040 48177,-117039 48178,-117040 48180,-117040 48181,-117040 48184,-117040 48371,-117035 48423,-117035 48430,-117035 48621,-117034 48629,-117034 48847,-117033 48999,-117032 49000,-116757 49001,-116049 48958,-116049 48502,-116049 48215,-116049 48077,-116049 48075,-116049 48072,-116049 48067,-116049 47977,-116048 47945,-116007 47857,-115919 47703,-115729 47697,-115724 47638,-115706 47593,-115718 47576,-115721 47555,-115736 47538,-115740 47518,-115730 47489,-115712 47467,-115726 47447,-115730 47422,-115721 47415,-115691 47403,-115661 47367,-115577 47352,-115561 47334,-115551 47299,-115524 47282,-115479 47272,-115422 47262,-115339 47256,-115320 47221,-115295 47210,-115292 47181,-115267 47139,-115201 47133,-115193 47048,-115099 47014,-115073 46933,-114976 46900,-114936 46869,-114939 46836,-114928 46828,-114920 46809,-114888 46800,-114853 46782,-114826 46739,-114767 46715,-114739 46714,-114718 46720,-114691 46720,-114676 46719,-114667 46712,-114656 46702,-114645 46695,-114643 46686,-114641 46679,-114642 46673,-114643 46660,-114636 46639,-114614 46634,-114595 46633,-114592 46632,-114482 46639,-114461 46645,-114447 46652,-114422 46654,-114370 46647,-114350 46643,-114341 46641,-114338 46630,-114331 46608,-114331 46536,-114347 46467,-114385 46435,-114378 46290,-114427 46162,-114473 46129,-114483 46113,-114476 46100,-114468 46082,-114468 46062,-114476 46044,-114491 46034,-114491 46023,-114491 46008,-114483 45996,-114465 45987,-114430 45978,-114412 45963,-114402 45894,-114394 45859,-114449 45851,-114499 45846,-114509 45841,-114515 45774,-114566 45743,-114548 45732,-114529 45722,-114505 45711,-114498 45703,-114495 45667,-114501 45653,-114515 45641,-114542 45643,-114546 45643,-114551 45640,-114561 45637,-114564 45565,-114562 45565,-114561 45559,-114551 45565,-114514 45563,-114474 45561,-114461 45492,-114367 45469,-114351 45469,-114310 45545,-114248 45542,-114188 45557,-114135 45648,-114035 45680,-114023 45693,-114019 45696,-114016 45705,-113988 45701,-113972 45686,-113943 45682,-113934 45641,-113897 45613,-113835 45601,-113814 45589,-113805 45579,-113802 45550,-113813 45531,-113810 45521,-113786 45512,-113773 45483,-113766 45465,-113774 45407,-113761 45330,-113739 45249,-113674 45235,-113650 45191,-113600 45149,-113566 45143,-113566 45134,-113576 45130,-113576 45064,-113485 45062,-113474 45063,-113464 45046,-113449 45018,-113446 44980,-113446 44972,-113447 44948,-113473 44950,-113481 44949,-113494 44942,-113499 44895,-113476 44865,-113455 44791,-113354 44785,-113342 44789,-113329 44813,-113278 44823,-113247 44808,-113208 44781,-113158 44763,-113135 44719,-113101 44637,-113052 44629,-113049 44621,-113054 44619,-113057 44496,-113027 44451,-113004 44427,-112970 44374,-112876 44371,-112849 44382,-112831 44385,-112829 44394,-112825 44406,-112823 44421,-112822 44434,-112822 44451,-112812 44485,-112781 44504,-112719 44499,-112688 44484,-112544 44480,-112473 44463,-112410 44460,-112387 44472,-112371 44486,-112359 44493,-112357 44520,-112347 44539,-112340 44559,-112299 44564,-112274 44564,-112258 44561,-112247 44555,-112236 44549,-112229 44544,-112222 44534,-112187 44534,-112078 44557,-111948 44564,-111871 44540,-111849 44528,-111843 44515,-111807 44543,-111737 44560,-111704 44552,-111632 44553,-111618 44554,-111601 44605,-111526 44644,-111517 44706,-111489 44709,-111482 44751,-111395 44752,-111378 44724,-111324 44623,-111219 44517,-111139 44500,-111131 44494,-111123 44486,-111107 44474,-111049
IL 42500,-89366 42500,-89362 42499,-89291 42498,-89251 42498,-89247 42498,-89228 42498,-89226 42497,-89167 42497,-89165 42497,-89125 42497,-89120 42497,-89117 42496,-89099 42496,-89071 42496,-89043 42496,-89014 42496,-88993 42495,-88943 42495,-88940 42494,-88776 42494,-88707 42495,-88507 42495,-88471 42495,-88461 42495,-88417 42495,-88305 42495,-88272 42496,-88217 42496,-88200 42495,-88050 42495,-87990 42494,-87971 42493,-87900 42492,-87844 42492,-87816 42492,-87801 42492,-87800 42491,-87800 42479,-87799 42473,-87798 42472,-87798 42446,-87801 42421,-87803 42418,-87804 42414,-87804 42385,-87805 42383,-87806 42366,-87816 42365,-87817 42362,-87821 42343,-87827 42331,-87831 42330,-87831 42329,-87831 42302,-87835 42295,-87833 42291,-87833 42290,-87833 42284,-87831 42270,-87829 42269,-87828 42268,-87828 42266,-87827 42262,-87825 42232,-87812 42224,-87808 42215,-87804 42208,-87800 42206,-87799 42206,-87798 42205,-87797 42204,-87797 42192,-87788 42191,-87787 42174,-87775 42152,-87759 42148,-87756 42146,-87755 42146,-87754 42140,-87750 42138,-87748 42135,-87746 42128,-87742 42128,-87741 42127,-87741 42126,-87740 42119,-87734 42115,-87730 42113,-87729 42112,-87728 42111,-87727 42108,-87725 42107,-87724 42106,-87722 42105,-87722 42104,-87720 42102,-87718 42101,-87718 42101,-87717 42096,-87712 42095,-87711 42092,-87706 42091,-87705 42090,-87704 42089,-87702 42076,-87682 42075,-87682 42073,-87681 42072,-87680 42058,-87671 42053,-87671 42052,-87671 42051,-87671 42048,-87672 42043,-87671 42029,-87669 41933,-87631 41917,-87627 41907,-87625 41905,-87624 41904,-87624 41902,-87623 41901,-87620 41898,-87617 41893,-87614 41893,-87612 41892,-87612 41891,-87612 41889,-87613 41888,-87614 41884,-87614 41883,-87616 41882,-87617 41869,-87616 41845,-87609 41827,-87601 41811,-87587 41804,-87581 41803,-87581 41786,-87576 41766,-87561 41752,-87543 41748,-87531 41724,-87524 41708,-87524 41703,-87525 41692,-87525 41635,-87525 41632,-87525 41623,-87525 41563,-87525 41470,-87526 41454,-87526 41298,-87527 41166,-87527 41164,-87527 41160,-87527 41159,-87527 41154,-87527 41149,-87527 41140,-87527 41121,-87527 41025,-87527 41011,-87526 41010,-87526 40912,-87526 40894,-87526 40881,-87526 40880,-87526 40854,-87526 40737,-87526 40535,-87526 40492,-87526 40491,-87526 40477,-87527 40476,-87527 40462,-87527 40251,-87530 40250,-87530 40192,-87531 40170,-87531 40148,-87531 40144,-87532 40133,-87532 40012,-87532 40011,-87532 40000,-87532 39998,-87532 39987,-87533 39978,-87533 39975,-87533 39971,-87533 39883,-87533 39811,-87533 39804,-87533 39796,-87533 39782,-87533 39665,-87533 39646,-87532 39607,-87532 39564,-87532 39546,-87532 39527,-87532 39496,-87532 39492,-87532 39477,-87532 39469,-87532 39466,-87532 39449,-87531 39438,-87531 39437,-87531 39348,-87532 39352,-87537 39353,-87544 39337,-87585 39334,-87589 39314,-87604 39282,-87610 39261,-87606 39259,-87604 39247,-87593 39249,-87588 39186,-87605 39157,-87629 39157,-87642 39151,-87652 39136,-87659 39103,-87615 39057,-87573 38954,-87512 38923,-87519 38908,-87528 38896,-87541 38863,-87553 38860,-87551 38854,-87537 38853,-87532 38852,-87528 38849,-87526 38783,-87495 38759,-87499 38697,-87520 38684,-87531 38679,-87540 38672,-87579 38667,-87594 38662,-87600 38639,-87620 38607,-87627 38568,-87652 38545,-87670 38542,-87669 38522,-87656 38416,-87740 38403,-87750 38280,-87863 38258,-87924 38240,-87952 38230,-87955 38215,-87961 38204,-87959 38193,-87951 38181,-87941 38177,-87929 38173,-87916 38168,-87911 38162,-87911 38142,-87928 38132,-87942 38122,-87974 38104,-88013 38046,-88042 38037,-88042 37977,-88013 37894,-88013 37889,-88017 37888,-88021 37891,-88055 37896,-88071 37845,-88049 37828,-88028 37799,-88028 37775,-88039 37762,-88045 37753,-88051 37743,-88060 37733,-88073 37710,-88122 37675,-88152 37665,-88158 37658,-88160 37633,-88157 37586,-88140 37574,-88133 37568,-88122 37529,-88072 37516,-88063 37505,-88061 37489,-88063 37474,-88083 37457,-88255 37453,-88282 37441,-88313 37429,-88331 37405,-88358 37425,-88409 37423,-88415 37416,-88439 37408,-88456 37396,-88470 37387,-88477 37291,-88515 37284,-88516 37262,-88509 37220,-88472 37214,-88459 37204,-88448 37152,-88424 37099,-88445 37074,-88459 37067,-88483 37067,-88490 37065,-88514 37067,-88532 37070,-88545 37076,-88560 37078,-88564 37086,-88577 37100,-88589 37119,-88626 37189,-88809 37224,-88917 37226,-88928 37229,-88942 37225,-88933 37230,-88967 37229,-88983 37224,-89001 37203,-89041 37166,-89087 37074,-89168 37068,-89172 37062,-89176 37046,-89181 37037,-89183 37021,-89179 37011,-89174 37003,-89166 36982,-89133 36970,-89170 36974,-89185 36982,-89207 36985,-89226 36983,-89245 36982,-89261 36985,-89271 36989,-89279 36992,-89292 37009,-89323 37040,-89378 37046,-89384 37055,-89385 37125,-89414 37218,-89468 37249,-89491 37282,-89517 37289,-89518 37311,-89512 37333,-89489 37335,-89485 37338,-89475 37340,-89448 37344,-89436 37347,-89433 37356,-89428 37388,-89421 37407,-89426 37437,-89440 37450,-89451 37471,-89476 37494,-89492 37537,-89517 37557,-89522 37566,-89522 37572,-89521 37579,-89521 37584,-89518 37585,-89512 37625,-89507 37671,-89515 37801,-89671 37803,-89674 37847,-89740 37906,-89845 37904,-89851 37897,-89863 37880,-89881 37870,-89902 37871,-89923 37875,-89937 37875,-89938 37882,-89951 37918,-89974 37927,-89975 37963,-89997 38017,-90072 38042,-90127 38089,-90204 38113,-90243 38122,-90254 38190,-90334 38214,-90354 38236,-90364 38282,-90374 38323,-90373 38334,-90371 38375,-90351 38382,-90346 38387,-90340 38427,-90295 38443,-90285 38472,-90279 38520,-90263 38528,-90260 38532,-90258 38545,-90249 38575,-90225 38589,-90203 38594,-90196 38612,-90185 38618,-90183 38634,-90178 38643,-90178 38660,-90181 38675,-90186 38688,-90195 38693,-90202 38703,-90209 38712,-90212 38726,-90210 38767,-90171 38771,-90165 38798,-90123 38806,-90118 38815,-90115 38837,-90109 38844,-90109 38849,-90113 38899,-90207 38909,-90226 38919,-90250 38926,-90276 38957,-90386 38963,-90406 38968,-90451 38962,-90468 38959,-90472 38944,-90482 38935,-90483 38926,-90487 38903,-90507 38875,-90544 38871,-90556 38869,-90567 38869,-90583 38889,-90625 38920,-90657 38928,-90663 38934,-90666 39047,-90712 39054,-90714 39057,-90713 39088,-90683 39101,-90681 39225,-90719 39251,-90727 39256,-90730 39313,-90799 39342,-90842 39362,-90883 39394,-90940 39423,-90994 39452,-91042 39553,-91159 39565,-91168 39598,-91178 39621,-91229 39685,-91313 39712,-91349 39729,-91368 39733,-91370 39745,-91370 39759,-91368 39777,-91365 39841,-91433 39870,-91446 39946,-91456 39980,-91460 40037,-91495 40128,-91510 40181,-91513 40201,-91510 40234,-91506 40249,-91501 40286,-91490 40342,-91462 40363,-91445 40378,-91419 40385,-91388 40392,-91376 40401,-91373 40490,-91364 40500,-91364 40513,-91369 40531,-91385 40539,-91404 40548,-91407 40555,-91405 40602,-91360 40610,-91349 40613,-91340 40626,-91307 40638,-91253 40638,-91218 40636,-91198 40637,-91187 40638,-91185 40661,-91138 40671,-91122 40696,-91112 40697,-91112 40798,-91095 40802,-91097 40808,-91098 40821,-91093 40901,-91010 40908,-90999 40919,-90969 40925,-90963 40954,-90952 41035,-90942 41062,-90946 41070,-90949 41073,-90949 41097,-90947 41156,-90990 41163,-90998 41166,-91006 41165,-91019 41178,-91050 41241,-91114 41250,-91114 41334,-91080 41336,-91079 41411,-91048 41419,-91040 41424,-91028 41432,-90990 41455,-90847 41453,-90786 41451,-90772 41450,-90738 41462,-90656 41494,-90606 41518,-90499 41520,-90474 41524,-90461 41572,-90398 41621,-90342 41648,-90343 41680,-90335 41729,-90317 41734,-90315 41743,-90310 41750,-90303 41767,-90279 41784,-90243 41793,-90222 41797,-90208 41803,-90188 41807,-90182 41929,-90152 41931,-90152 41996,-90141 42009,-90141 42029,-90151 42033,-90154 42045,-90165 42055,-90166 42076,-90168 42088,-90163 42104,-90161 42115,-90162 42122,-90168 42154,-90211 42165,-90235 42190,-90307 42194,-90316 42204,-90349 42205,-90357 42215,-90375 42225,-90391 42254,-90419 42278,-90431 42284,-90431 42293,-90424 42321,-90416 42325,-90417 42329,-90419 42381,-90475 42384,-90477 42431,-90559 42459,-90624 42472,-90647 42479,-90654 42484,-90656 42489,-90657 42492,-90656 42508,-90641 42508,-90618 42508,-90615 42508,-90565 42508,-90556 42508,-90551 42508,-90545 42508,-90544 42508,-90532 42508,-90492 42507,-90479 42507,-90475 42507,-90437 42507,-90426 42507,-90406 42507,-90371 42507,-90368 42507,-90363 42507,-90304 42508,-90273 42508,-90269 42508,-90267 42507,-90253 42508,-90251 42508,-90223 42508,-90206 42508,-90182 42508,-90164 42508,-90143 42508,-90095 42508,-90093 42507,-90019 42507,-90017 42507,-89999 42507,-89997 42506,-89986 42506,-89985 42506,-89926 42506,-89838 42505,-89802 42505,-89800 42505,-89794 42505,-89780 42505,-89770 42505,-89742 42505,-89693 42505,-89690 42505,-89668 42505,-89650 42505,-89644 42504,-89613 42504,-89604 42504,-89600 42503,-89595 42503,-89564 42502,-89523 42502,-89493 42501,-89484 42501,-89425 42501,-89424 42501,-89423 42501,-89421 42500,-89401 42500,-89366
IN 40353,-84804 40310,-84804 40302,-84804 40224,-84806 40198,-84806 40192,-84806 40180,-84807 40129,-84808 40127,-84808 40107,-84809 40049,-84810 40034,-84810 40005,-84811 39927,-84812 39922,-84812 39917,-84812 39892,-84813 39891,-84813 39873,-84813 39853,-84813 39851,-84814 39843,-84814 39827,-84814 39825,-84814 39814,-84814 39811,-84814 39800,-84814 39787,-84814 39786,-84814 39727,-84814 39680,-84815 39669,-84815 39629,-84815 39568,-84815 39567,-84815 39566,-84815 39548,-84815 39522,-84815 39511,-84816 39477,-84816 39392,-84817 39309,-84819 39305,-84819 39272,-84820 39262,-84820 39251,-84820 39248,-84820 39244,-84820 39158,-84820 39157,-84820 39149,-84820 39105,-84820 39102,-84831 39066,-84889 39057,-84897 39052,-84897 39041,-84889 39030,-84879 39001,-84849 38931,-84813 38885,-84790 38880,-84785 38869,-84786 38856,-84791 38798,-84813 38787,-84844 38775,-84944 38779,-84973 38779,-84985 38777,-84996 38763,-85024 38727,-85101 38721,-85107 38699,-85139 38692,-85156 38688,-85173 38688,-85189 38692,-85201 38695,-85213 38705,-85226 38732,-85247 38738,-85259 38741,-85275 38742,-85289 38740,-85333 38737,-85411 38735,-85422 38729,-85434 38709,-85452 38689,-85457 38610,-85439 38587,-85427 38564,-85416 38546,-85416 38541,-85417 38532,-85423 38524,-85433 38513,-85463 38439,-85608 38423,-85621 38396,-85633 38380,-85638 38361,-85639 38327,-85654 38301,-85675 38295,-85684 38267,-85745 38268,-85751 38273,-85761 38278,-85767 38280,-85766 38286,-85773 38288,-85781 38289,-85792 38283,-85816 38281,-85824 38277,-85829 38184,-85898 38180,-85900 38161,-85909 38140,-85909 38111,-85905 38100,-85905 38086,-85906 38067,-85912 38029,-85922 38018,-85930 38010,-85941 38007,-85948 38006,-85951 37998,-85999 37993,-86030 38010,-86172 38011,-86179 38028,-86220 38057,-86267 38067,-86274 38089,-86279 38102,-86278 38130,-86271 38143,-86284 38144,-86310 38143,-86314 38139,-86323 38135,-86327 38130,-86333 38106,-86399 38082,-86427 38079,-86430 38067,-86433 38060,-86438 38050,-86452 38047,-86467 38046,-86491 38044,-86512 38043,-86517 38038,-86522 38028,-86525 37968,-86525 37858,-86605 37844,-86634 37841,-86648 37843,-86655 37865,-86660 37898,-86709 37893,-86718 37893,-86724 37894,-86731 37903,-86741 37913,-86751 37940,-86770 37971,-86788 37989,-86795 37999,-86815 37999,-86823 37987,-86856 37964,-86885 37946,-86902 37937,-86919 37930,-86979 37920,-87010 37907,-87033 37898,-87042 37890,-87046 37880,-87043 37871,-87044 37827,-87058 37806,-87068 37796,-87077 37788,-87091 37783,-87111 37783,-87119 37786,-87129 37791,-87133 37844,-87202 37873,-87263 37877,-87270 37898,-87302 37936,-87380 37942,-87403 37945,-87419 37944,-87437 37941,-87450 37941,-87451 37906,-87511 37925,-87550 37931,-87559 37947,-87572 37955,-87574 37963,-87573 37968,-87575 37973,-87581 37975,-87586 37976,-87593 37973,-87601 37927,-87629 37916,-87626 37907,-87620 37892,-87597 37887,-87592 37869,-87588 37861,-87589 37857,-87592 37839,-87607 37832,-87615 37826,-87646 37828,-87671 37836,-87679 37846,-87682 37856,-87682 37886,-87663 37896,-87666 37902,-87676 37903,-87684 37901,-87700 37891,-87762 37878,-87784 37876,-87791 37877,-87831 37882,-87841 37901,-87857 37915,-87866 37921,-87873 37926,-87883 37928,-87898 37925,-87905 37902,-87927 37893,-87937 37888,-87940 37883,-87941 37875,-87940 37868,-87936 37859,-87927 37850,-87915 37843,-87910 37838,-87908 37818,-87904 37808,-87907 37777,-87944 37783,-87971 37788,-87976 37800,-88005 37802,-88017 37799,-88028 37828,-88028 37845,-88049 37896,-88071 37891,-88055 37888,-88021 37889,-88017 37894,-88013 37977,-88013 38037,-88042 38046,-88042 38104,-88013 38122,-87974 38132,-87942 38142,-87928 38162,-87911 38168,-87911 38173,-87916 38177,-87929 38181,-87941 38193,-87951 38204,-87959 38215,-87961 38230,-87955 38240,-87952 38258,-87924 38280,-87863 38403,-87750 38416,-87740 38522,-87656 38542,-87669 38545,-87670 38568,-87652 38607,-87627 38639,-87620 38662,-87600 38667,-87594 38672,-87579 38679,-87540 38684,-87531 38697,-87520 38759,-87499 38783,-87495 38849,-87526 38852,-87528 38853,-87532 38854,-87537 38860,-87551 38863,-87553 38896,-87541 38908,-87528 38923,-87519 38954,-87512 39057,-87573 39103,-87615 39136,-87659 39151,-87652 39157,-87642 39157,-87629 39186,-87605 39249,-87588 39247,-87593 39259,-87604 39261,-87606 39282,-87610 39314,-87604 39334,-87589 39337,-87585 39353,-87544 39352,-87537 39348,-87532 39437,-87531 39438,-87531 39449,-87531 39466,-87532 39469,-87532 39477,-87532 39492,-87532 39496,-87532 39527,-87532 39546,-87532 39564,-87532 39607,-87532 39646,-87532 39665,-87533 39782,-87533 39796,-87533 39804,-87533 39811,-87533 39883,-87533 39971,-87533 39975,-87533 39978,-87533 39987,-87533 39998,-87532 40000,-87532 40011,-87532 40012,-87532 40133,-87532 40144,-87532 40148,-87531 40170,-87531 40192,-87531 40250,-87530 40251,-87530 40462,-87527 40476,-87527 40477,-87527 40491,-87526 40492,-87526 40535,-87526 40737,-87526 40854,-87526 40880,-87526 40881,-87526 40894,-87526 40912,-87526 41010,-87526 41011,-87526 41025,-87527 41121,-87527 41140,-87527 41149,-87527 41154,-87527 41159,-87527 41160,-87527 41164,-87527 41166,-87527 41298,-87527 41454,-87526 41470,-87526 41563,-87525 41623,-87525 41632,-87525 41635,-87525 41692,-87525 41703,-87525 41708,-87524 41710,-87521 41704,-87515 41697,-87511 41692,-87505 41673,-87471 41676,-87463 41673,-87453 41669,-87446 41672,-87442 41671,-87439 41669,-87437 41667,-87435 41665,-87433 41661,-87432 41654,-87439 41646,-87430 41643,-87423 41637,-87395 41630,-87365 41623,-87324 41622,-87288 41620,-87278 41620,-87262 41624,-87223 41624,-87221 41630,-87188 41637,-87161 41645,-87161 41650,-87126 41646,-87120 41662,-87066 41675,-87028 41682,-87010 41710,-86935 41711,-86933 41727,-86909 41738,-86875 41760,-86825 41760,-86824 41760,-86804 41760,-86802 41760,-86801 41760,-86748 41760,-86747 41760,-86641 41760,-86640 41759,-86524 41759,-86519 41760,-86502 41760,-86265 41760,-86226 41760,-86218 41761,-86128 41761,-86125 41760,-86063 41760,-86004 41760,-85991 41760,-85975 41759,-85889 41759,-85875 41759,-85872 41759,-85791 41759,-85775 41759,-85750 41759,-85725 41759,-85660 41759,-85651 41759,-85648 41759,-85633 41759,-85625 41759,-85623 41759,-85608 41760,-85518 41759,-85516 41760,-85432 41760,-85428 41760,-85379 41760,-85350 41760,-85331 41760,-85318 41760,-85308 41760,-85298 41760,-85292 41760,-85274 41760,-85273 41760,-85272 41760,-85233 41760,-85197 41760,-85172 41760,-85123 41760,-85117 41760,-85039 41760,-85038 41759,-84973 41760,-84972 41760,-84962 41759,-84961 41760,-84932 41760,-84825 41760,-84819 41743,-84806 41738,-84806 41733,-84806 41721,-84806 41707,-84806 41696,-84806 41675,-84806 41632,-84806 41631,-84806 41613,-84806 41530,-84805 41500,-84805 41488,-84804 41436,-84804 41426,-84804 41412,-84804 41408,-84804 41368,-84804 41271,-84804 41253,-84803 41174,-84803 41173,-84804 41165,-84803 41097,-84803 41089,-84803 40989,-84803 40923,-84803 40922,-84803 40766,-84803 40742,-84802 40728,-84802 40719,-84802 40702,-84802 40691,-84802 40689,-84802 40675,-84802 40660,-84802 40645,-84802 40572,-84802 40528,-84802 40465,-84803 40353,-84804
IA 42987,-91163 42908,-91146 42905,-91143 42896,-91117 42883,-91101 42804,-91078 42770,-91070 42757,-91065 42738,-91054 42696,-90976 42686,-90949 42674,-90897 42663,-90844 42651,-90769 42641,-90720 42636,-90709 42631,-90703 42544,-90646 42519,-90637 42513,-90637 42508,-90641 42492,-90656 42489,-90657 42484,-90656 42479,-90654 42472,-90647 42459,-90624 42431,-90559 42384,-90477 42381,-90475 42329,-90419 42325,-90417 42321,-90416 42293,-90424 42284,-90431 42278,-90431 42254,-90419 42225,-90391 42215,-90375 42205,-90357 42204,-90349 42194,-90316 42190,-90307 42165,-90235 42154,-90211 42122,-90168 42115,-90162 42104,-90161 42088,-90163 42076,-90168 42055,-90166 42045,-90165 42033,-90154 42029,-90151 42009,-90141 41996,-90141 41931,-90152 41929,-90152 41807,-90182 41803,-90188 41797,-90208 41793,-90222 41784,-90243 41767,-90279 41750,-90303 41743,-90310 41734,-90315 41729,-90317 41680,-90335 41648,-90343 41621,-90342 41572,-90398 41524,-90461 41520,-90474 41518,-90499 41494,-90606 41462,-90656 41450,-90738 41451,-90772 41453,-90786 41455,-90847 41432,-90990 41424,-91028 41419,-91040 41411,-91048 41336,-91079 41334,-91080 41250,-91114 41241,-91114 41178,-91050 41165,-91019 41166,-91006 41163,-90998 41156,-90990 41097,-90947 41073,-90949 41070,-90949 41062,-90946 41035,-90942 40954,-90952 40925,-90963 40919,-90969 40908,-90999 40901,-91010 40821,-91093 40808,-91098 40802,-91097 40798,-91095 40697,-91112 40696,-91112 40671,-91122 40661,-91138 40638,-91185 40637,-91187 40636,-91198 40638,-91218 40638,-91253 40626,-91307 40613,-91340 40610,-91349 40602,-91360 40555,-91405 40548,-91407 40539,-91404 40531,-91385 40513,-91369 40500,-91364 40490,-91364 40401,-91373 40392,-91376 40385,-91388 40378,-91419 40384,-91485 40393,-91491 40411,-91525 40507,-91619 40514,-91622 40534,-91618 40541,-91620 40588,-91696 40599,-91717 40614,-91729 40611,-91786 40611,-91795 40611,-91800 40611,-91814 40610,-91825 40610,-91832 40608,-91868 40606,-91943 40605,-91971 40604,-91999 40604,-92030 40603,-92068 40603,-92070 40602,-92082 40602,-92083 40602,-92093 40602,-92096 40601,-92180 40600,-92196 40600,-92202 40600,-92218 40600,-92236 40598,-92299 40598,-92331 40597,-92351 40597,-92380 40595,-92454 40595,-92462 40595,-92482 40595,-92485 40592,-92580 40591,-92638 40591,-92639 40590,-92687 40590,-92690 40590,-92715 40589,-92742 40589,-92757 40589,-92828 40588,-92835 40588,-92857 40588,-92863 40588,-92879 40588,-92890 40588,-92904 40588,-92942 40587,-92958 40584,-93086 40584,-93097 40584,-93099 40581,-93261 40581,-93318 40581,-93345 40580,-93374 40580,-93442 40580,-93465 40580,-93467 40580,-93524 40580,-93528 40580,-93548 40580,-93554 40580,-93557 40580,-93559 40580,-93561 40580,-93565 40580,-93566 40579,-93597 40578,-93656 40578,-93659 40578,-93662 40578,-93669 40578,-93677 40578,-93690 40578,-93722 40578,-93728 40578,-93737 40578,-93743 40578,-93750 40578,-93770 40578,-93774 40577,-93815 40577,-93819 40577,-93841 40577,-93854 40576,-93898 40576,-93899 40576,-93901 40576,-93914 40575,-93936 40575,-93937 40575,-93939 40575,-93940 40575,-93964 40575,-93977 40574,-94015 40574,-94034 40573,-94080 40573,-94089 40573,-94091 40572,-94232 40572,-94287 40571,-94295 40572,-94311 40571,-94325 40571,-94337 40571,-94358 40571,-94430 40571,-94460 40571,-94471 40571,-94489 40571,-94534 40571,-94537 40571,-94538 40571,-94542 40571,-94594 40571,-94632 40572,-94683 40572,-94715 40572,-94717 40573,-94774 40574,-94811 40574,-94820 40574,-94824 40575,-94897 40575,-94901 40575,-94915 40576,-94955 40576,-94966 40577,-95069 40577,-95080 40577,-95098 40577,-95107 40577,-95110 40577,-95111 40577,-95112 40577,-95121 40578,-95154 40578,-95164 40579,-95202 40579,-95211 40579,-95212 40579,-95213 40579,-95217 40579,-95219 40579,-95222 40580,-95336 40580,-95358 40581,-95374 40581,-95415 40582,-95469 40582,-95525 40582,-95527 40582,-95533 40583,-95555 40583,-95574 40583,-95611 40584,-95642 40584,-95687 40584,-95688 40585,-95746 40585,-95766 40593,-95753 40597,-95750 40603,-95749 40647,-95776 40657,-95787 40662,-95795 40667,-95823 40677,-95843 40718,-95883 40732,-95889 40742,-95887 40751,-95882 40758,-95872 40763,-95862 40784,-95854 40877,-95821 40901,-95823 40976,-95829 40984,-95835 41002,-95867 41044,-95867 41052,-95866 41160,-95853 41165,-95853 41185,-95915 41191,-95923 41196,-95926 41202,-95927 41211,-95925 41273,-95902 41320,-95914 41322,-95926 41329,-95939 41340,-95953 41345,-95957 41349,-95957 41392,-95938 41394,-95937 41434,-95931 41507,-95981 41526,-95995 41527,-96031 41509,-96037 41507,-96041 41507,-96047 41510,-96055 41532,-96090 41539,-96094 41613,-96118 41622,-96116 41640,-96098 41647,-96095 41653,-96095 41661,-96100 41683,-96122 41699,-96097 41715,-96077 41793,-96065 41798,-96066 41805,-96071 41809,-96078 41811,-96086 41831,-96111 41866,-96140 41872,-96144 41902,-96162 41906,-96162 41910,-96159 41915,-96142 41921,-96137 41965,-96129 41972,-96130 42026,-96222 42040,-96252 42047,-96273 42074,-96279 42131,-96307 42162,-96344 42172,-96350 42211,-96360 42215,-96357 42219,-96336 42230,-96324 42234,-96323 42255,-96329 42282,-96349 42318,-96375 42326,-96384 42337,-96408 42343,-96414 42351,-96418 42400,-96416 42408,-96414 42432,-96388 42446,-96381 42462,-96381 42473,-96385 42484,-96396 42488,-96409 42489,-96443 42498,-96466 42509,-96477 42517,-96481 42524,-96480 42536,-96478 42556,-96477 42561,-96480 42630,-96516 42661,-96542 42683,-96575 42697,-96602 42695,-96606 42695,-96611 42706,-96631 42737,-96640 42768,-96633 42771,-96632 42828,-96578 42831,-96563 42836,-96552 42839,-96550 42858,-96541 42909,-96523 42944,-96511 42971,-96509 43028,-96513 43062,-96466 43083,-96455 43114,-96439 43121,-96437 43221,-96476 43224,-96485 43224,-96557 43249,-96572 43268,-96584 43274,-96586 43296,-96569 43293,-96552 43300,-96530 43312,-96526 43375,-96521 43387,-96522 43395,-96524 43398,-96529 43396,-96531 43395,-96537 43407,-96558 43434,-96594 43451,-96603 43457,-96600 43469,-96584 43485,-96587 43500,-96599 43501,-96591 43500,-96453 43500,-96351 43500,-96332 43500,-96209 43500,-96199 43500,-96198 43500,-96053 43500,-95861 43500,-95834 43500,-95821 43500,-95742 43500,-95741 43500,-95515 43500,-95487 43500,-95475 43501,-95455 43501,-95454 43500,-95434 43500,-95388 43500,-95375 43500,-95251 43501,-95215 43501,-95180 43501,-95168 43501,-95167 43501,-95123 43501,-95115 43501,-95054 43501,-95034 43501,-95014 43501,-94994 43501,-94974 43500,-94954 43500,-94935 43500,-94915 43501,-94887 43501,-94874 43501,-94873 43501,-94860 43501,-94858 43501,-94855 43501,-94616 43500,-94566 43500,-94561 43500,-94470 43501,-94447 43501,-94443 43500,-94391 43500,-94377 43500,-94248 43500,-94110 43500,-94108 43500,-94094 43500,-94093 43500,-93971 43500,-93796 43500,-93794 43500,-93716 43500,-93709 43500,-93705 43500,-93699 43500,-93649 43500,-93617 43500,-93577 43500,-93559 43499,-93532 43499,-93528 43499,-93497 43499,-93488 43499,-93482 43499,-93473 43499,-93469 43499,-93429 43499,-93399 43499,-93272 43500,-93229 43500,-93049 43500,-93024 43500,-93008 43500,-92870 43500,-92790 43500,-92752 43500,-92707 43500,-92693 43500,-92689 43500,-92673 43500,-92653 43500,-92649 43500,-92553 43500,-92465 43500,-92449 43501,-92409 43500,-92406 43500,-92388 43500,-92369 43500,-92279 43500,-92277 43501,-92199 43501,-92179 43501,-92104 43501,-92090 43501,-92080 43500,-91950 43501,-91942 43501,-91825 43501,-91807 43501,-91805 43501,-91779 43501,-91778 43501,-91761 43501,-91738 43501,-91737 43501,-91733 43501,-91730 43501,-91701 43501,-91671 43501,-91658 43500,-91651 43501,-91645 43501,-91640 43500,-91636 43500,-91634 43501,-91626 43501,-91621 43501,-91617 43501,-91615 43501,-91611 43501,-91591 43501,-91551 43501,-91541 43501,-91534 43501,-91491 43501,-91465 43501,-91461 43501,-91446 43500,-91442 43500,-91377 43501,-91372 43501,-91369 43501,-91218 43423,-91206 43372,-91210 43314,-91107 43292,-91086 43255,-91058 43243,-91063 43152,-91146 43143,-91156 43135,-91175 43125,-91178 43080,-91177 43062,-91178 43041,-91175 42987,-91163
KS 37000,-99541 37000,-99558 37000,-99625 37000,-99658 37001,-99774 37001,-99775 37001,-99786 37002,-99995 37002,-100001 37002,-100003 37002,-100006 37002,-100089 37002,-100116 37002,-100188 37002,-100192 37002,-100194 37002,-100202 37001,-100552 37001,-100553 37000,-100591 37000,-100630 37000,-100633 37000,-100676 36999,-100757 36999,-100765 36999,-100806 36999,-100814 36999,-100856 36999,-100892 36999,-100904 36999,-100905 36998,-100945 36998,-100946 36998,-100997 36998,-101013 36998,-101054 36998,-101067 36997,-101211 36997,-101213 36996,-101358 36996,-101360 36996,-101378 36996,-101414 36996,-101415 36996,-101485 36996,-101519 36995,-101555 36995,-101600 36995,-101602 36994,-101902 36993,-102000 36993,-102028 36993,-102042 37025,-102042 37031,-102042 37032,-102042 37034,-102042 37035,-102042 37107,-102042 37112,-102042 37125,-102042 37142,-102042 37258,-102042 37298,-102042 37309,-102042 37353,-102042 37389,-102042 37410,-102042 37435,-102042 37469,-102042 37506,-102042 37535,-102042 37541,-102042 37558,-102042 37608,-102042 37644,-102042 37654,-102042 37666,-102042 37680,-102042 37724,-102042 37739,-102042 37760,-102042 37789,-102043 37804,-102043 37824,-102043 37868,-102043 37926,-102044 37928,-102044 38250,-102044 38262,-102045 38269,-102045 38312,-102045 38384,-102045 38505,-102045 38506,-102045 38524,-102045 38544,-102045 38559,-102045 38582,-102045 38615,-102045 38670,-102045 38675,-102045 38687,-102045 38689,-102045 38698,-102045 38754,-102045 38756,-102045 38770,-102045 38783,-102045 38799,-102045 38813,-102045 39047,-102047 39130,-102047 39133,-102047 39137,-102047 39303,-102048 39374,-102049 39404,-102049 39418,-102049 39423,-102049 39506,-102050 39537,-102050 39539,-102050 39568,-102050 39574,-102050 39592,-102050 39676,-102051 39819,-102051 39833,-102051 39843,-102051 39850,-102052 40003,-102052 40003,-101917 40003,-101904 40003,-101841 40003,-101832 40003,-101808 40003,-101805 40003,-101627 40003,-101626 40003,-101542 40002,-101417 40002,-101411 40002,-101410 40003,-101374 40003,-101343 40003,-101326 40003,-101324 40003,-101294 40003,-101287 40003,-101249 40003,-101215 40002,-101192 40002,-101179 40003,-101169 40002,-101131 40002,-101060 40002,-101028 40002,-100937 40002,-100759 40002,-100752 40002,-100739 40002,-100733 40002,-100730 40002,-100721 40002,-100683 40002,-100660 40002,-100645 40002,-100601 40002,-100595 40002,-100567 40002,-100552 40002,-100511 40002,-100487 40002,-100477 40002,-100476 40002,-100469 40002,-100447 40002,-100439 40002,-100390 40002,-100232 40002,-100229 40002,-100215 40001,-100197 40002,-100194 40002,-100190 40002,-100188 40002,-100178 40002,-99991 40002,-99987 40002,-99948 40002,-99944 40002,-99930 40002,-99907 40001,-99813 40002,-99776 40002,-99772 40002,-99764 40001,-99757 40002,-99747 40002,-99732 40002,-99720 40002,-99628 40002,-99626 40002,-99625 40002,-99502 40002,-99499 40002,-99498 40002,-99493 40002,-99481 40002,-99413 40002,-99403 40002,-99291 40002,-99287 40002,-99283 40002,-99254 40002,-99250 40002,-99216 40002,-99198 40002,-99189 40002,-99187 40002,-99179 40002,-99170 40002,-99123 40002,-99114 40002,-99086 40002,-99067 40002,-99020 40002,-99019 40002,-98992 40002,-98972 40002,-98961 40002,-98935 40002,-98834 40002,-98821 40002,-98777 40002,-98775 40002,-98726 40002,-98710 40002,-98693 40003,-98691 40003,-98690 40002,-98673 40002,-98670 40002,-98654 40002,-98652 40002,-98641 40002,-98614 40002,-98593 40002,-98575 40002,-98561 40002,-98543 40002,-98523 40002,-98504 40002,-98491 40003,-98274 40002,-98268 40002,-98250 40003,-98193 40002,-98179 40002,-98172 40002,-98142 40002,-98100 40002,-98076 40002,-98069 40002,-98050 40002,-98047 40002,-98014 40002,-98010 40002,-97972 40002,-97932 40002,-97876 40002,-97857 40002,-97838 40002,-97822 40002,-97821 40002,-97819 40002,-97777 40002,-97771 40002,-97769 40002,-97768 40002,-97515 40002,-97511 40002,-97510 40002,-97463 40002,-97445 40002,-97425 40002,-97418 40002,-97416 40002,-97369 40002,-97351 40002,-97350 40002,-97245 40001,-97245 40001,-97202 40002,-97200 40002,-97182 40001,-97142 40002,-97138 40001,-97050 40001,-97031 40001,-97009 40002,-96916 40001,-96880 40001,-96878 40001,-96875 40001,-96874 40001,-96806 40001,-96622 40001,-96610 40001,-96605 40001,-96581 40001,-96571 40001,-96558 40001,-96539 40001,-96527 40001,-96470 40001,-96468 40001,-96464 40001,-96305 40001,-96301 40001,-96239 40001,-96224 40001,-96220 40000,-96154 40000,-96147 40000,-96126 40001,-96090 40001,-96081 40001,-96052 40001,-96024 40001,-96011 40001,-95958 40000,-95883 40000,-95788 40000,-95785 40000,-95375 40000,-95340 40000,-95308 39991,-95308 39984,-95302 39900,-95181 39876,-95133 39869,-95108 39862,-95085 39865,-95042 39867,-95035 39872,-95028 39878,-95025 39890,-95025 39899,-95016 39901,-95008 39901,-94993 39901,-94954 39894,-94936 39886,-94928 39812,-94908 39763,-94895 39728,-94917 39725,-94938 39678,-95011 39674,-95015 39615,-95070 39574,-95107 39559,-95113 39554,-95114 39542,-95109 39533,-95103 39419,-94969 39400,-94947 39367,-94910 39356,-94908 39348,-94911 39321,-94908 39302,-94901 39227,-94832 39201,-94794 39173,-94752 39169,-94737 39169,-94724 39170,-94714 39174,-94707 39160,-94602 39158,-94596 39155,-94592 39140,-94590 39113,-94607 39090,-94607 39082,-94607 39066,-94607 39044,-94607 38942,-94608 38940,-94608 38937,-94608 38884,-94608 38869,-94608 38868,-94608 38867,-94608 38861,-94608 38855,-94608 38847,-94608 38811,-94608 38761,-94609 38742,-94609 38741,-94609 38738,-94610 38635,-94612 38620,-94612 38609,-94612 38580,-94612 38577,-94612 38550,-94612 38548,-94612 38492,-94613 38484,-94613 38483,-94613 38478,-94613 38403,-94613 38392,-94613 38389,-94613 38370,-94613 38364,-94613 38336,-94613 38324,-94613 38320,-94613 38315,-94613 38303,-94613 38291,-94613 38290,-94613 38270,-94613 38238,-94613 38227,-94613 38219,-94613 38218,-94613 38204,-94613 38201,-94613 38191,-94613 38168,-94613 38161,-94614 38150,-94614 38067,-94614 38066,-94614 38060,-94614 38037,-94614 37992,-94614 37988,-94614 37971,-94615 37952,-94615 37950,-94615 37944,-94615 37941,-94615 37937,-94615 37934,-94615 37916,-94615 37906,-94615 37902,-94615 37887,-94616 37878,-94616 37873,-94616 37863,-94616 37845,-94616 37838,-94616 37819,-94617 37730,-94618 37722,-94618 37690,-94618 37688,-94618 37687,-94618 37682,-94618 37673,-94618 37654,-94618 37637,-94617 37610,-94617 37572,-94617 37571,-94617 37567,-94617 37557,-94617 37553,-94617 37528,-94617 37522,-94617 37484,-94617 37470,-94617 37465,-94617 37460,-94617 37455,-94617 37440,-94617 37426,-94617 37411,-94618 37396,-94618 37368,-94618 37367,-94618 37364,-94618 37338,-94618 37337,-94618 37324,-94618 37240,-94618 37238,-94618 37229,-94618 37228,-94618 37208,-94618 37207,-94618 37189,-94618 37181,-94619 37175,-94618 37160,-94618 37132,-94618 37130,-94618 37113,-94618 37104,-94618 37097,-94618 37094,-94618 37093,-94618 37086,-94618 37075,-94618 37057,-94618 37041,-94618 37009,-94618 36998,-94618 36999,-94700 36999,-94702 36999,-94713 36999,-94737 36999,-94739 36999,-94777 36999,-94831 36999,-94841 36999,-94850 36999,-94853 37000,-94995 37000,-95008 37000,-95011 37000,-95030 36999,-95038 37000,-95049 37000,-95074 37000,-95155 37000,-95177 37000,-95195 36999,-95323 36999,-95328 36999,-95331 36999,-95408 36999,-95512 36999,-95522 36999,-95534 36999,-95574 36999,-95612 36999,-95616 36999,-95624 36999,-95630 36999,-95664 36999,-95686 36999,-95697 36999,-95710 36999,-95715 36999,-95718 36999,-95742 36999,-95760 36999,-95769 36999,-95787 36999,-95808 36999,-95867 36999,-95874 36999,-95875 36999,-95877 36999,-95910 36999,-95928 36999,-95937 36999,-95964 36999,-96001 36999,-96141 36999,-96143 36999,-96147 36999,-96150 36999,-96152 36999,-96154 36999,-96185 36999,-96200 36999,-96218 36999,-96276 36999,-96279 36999,-96394 36999,-96415 36999,-96525 36999,-96705 36999,-96710 36999,-96737 36999,-96741 36999,-96750 36999,-96792 36999,-96795 36999,-96823 36999,-96868 36999,-96876 36999,-96902 36999,-96904 36999,-96917 36999,-96922 36999,-96935 36999,-96967 36999,-96976 36999,-97030 36999,-97040 36999,-97101 36999,-97104 36999,-97120 36999,-97123 36999,-97148 36999,-97372 36999,-97385 36999,-97462 36999,-97473 36999,-97527 36999,-97546 36999,-97565 36999,-97607 36999,-97637 36999,-97650 36999,-97697 36999,-97769 36999,-97783 36999,-97802 36998,-98034 36998,-98040 36998,-98045 36998,-98112 36998,-98147 36998,-98178 36998,-98208 36998,-98219 36998,-98238 36998,-98346 36998,-98347 36998,-98354 36999,-98409 36999,-98418 36999,-98420 36999,-98545 36999,-98715 36999,-98718 36999,-98762 36999,-98792 36999,-98794 36999,-98797 36999,-98869 36999,-98880 36999,-98881 36999,-98994 37000,-99000 37000,-99029 36999,-99125 36999,-99129 37000,-99248 37000,-99278 36999,-99456 37000,-99484 37000,-99500 37000,-99503 37000,-99504 37000,-99509 37000,-99541
KY 36498,-89539 36525,-89560 36544,-89570 36553,-89572 36564,-89567 36577,-89553 36580,-89546 36581,-89528 36576,-89500 36572,-89485 36568,-89479 36560,-89473 36547,-89468 36536,-89465 36530,-89466 36514,-89472 36498,-89485 36498,-89493 36498,-89498 36498,-89539
KY 38247,-82604 38165,-82645 38138,-82636 38123,-82621 38118,-82603 38117,-82600 38061,-82547 38039,-82539 38009,-82520 38001,-82510 37998,-82488 37985,-82465 37982,-82464 37977,-82465 37946,-82497 37945,-82497 37937,-82500 37910,-82475 37871,-82418 37852,-82400 37776,-82330 37759,-82319 37741,-82326 37736,-82326 37708,-82307 37687,-82297 37658,-82250 37643,-82220 37595,-82142 37579,-82126 37574,-82126 37560,-82117 37531,-82049 37533,-82008 37543,-82000 37543,-81998 37538,-81968 37312,-82292 37301,-82306 37297,-82311 37267,-82351 37218,-82511 37201,-82554 37196,-82565 37163,-82625 37106,-82722 37082,-82721 37045,-82722 37016,-82772 37015,-82777 37008,-82789 37007,-82790 37007,-82791 37008,-82801 37007,-82816 37006,-82818 37001,-82831 36998,-82829 36993,-82831 36992,-82834 36989,-82836 36987,-82839 36987,-82840 36984,-82851 36985,-82853 36980,-82863 36979,-82865 36978,-82866 36978,-82867 36978,-82868 36976,-82868 36974,-82869 36966,-82870 36965,-82870 36963,-82867 36958,-82865 36958,-82864 36958,-82863 36956,-82861 36954,-82858 36954,-82856 36952,-82856 36946,-82861 36945,-82861 36939,-82862 36937,-82861 36933,-82859 36933,-82858 36924,-82862 36922,-82863 36913,-82872 36912,-82874 36900,-82886 36874,-82912 36859,-82973 36855,-83073 36825,-83100 36781,-83132 36767,-83131 36761,-83126 36751,-83128 36743,-83136 36739,-83167 36737,-83200 36701,-83343 36697,-83354 36696,-83355 36665,-83461 36670,-83498 36666,-83527 36617,-83650 36601,-83675 36597,-83677 36583,-83691 36588,-83931 36590,-83988 36592,-84227 36592,-84261 36603,-84778 36603,-84785 36606,-84860 36614,-84975 36622,-85086 36622,-85096 36627,-85276 36625,-85296 36618,-85436 36616,-85471 36615,-85509 36616,-85551 36616,-85552 36622,-85789 36628,-85976 36630,-86033 36631,-86038 36634,-86081 36634,-86082 36639,-86198 36640,-86205 36641,-86216 36641,-86219 36641,-86222 36649,-86333 36651,-86411 36652,-86468 36652,-86472 36652,-86473 36633,-86564 36634,-86564 36652,-86605 36652,-86606 36649,-86759 36649,-86763 36648,-86813 36648,-86816 36648,-86818 36647,-86833 36647,-86854 36646,-86906 36646,-86907 36643,-87061 36642,-87115 36642,-87231 36642,-87248 36642,-87278 36642,-87282 36642,-87336 36642,-87344 36641,-87348 36641,-87414 36641,-87425 36641,-87437 36639,-87563 36639,-87565 36638,-87641 36637,-87694 36633,-87853 36664,-87850 36677,-88012 36678,-88071 36660,-88068 36636,-88056 36603,-88045 36562,-88036 36541,-88032 36514,-88038 36510,-88039 36497,-88053 36500,-88321 36500,-88326 36501,-88331 36501,-88416 36501,-88450 36501,-88453 36501,-88473 36501,-88489 36501,-88512 36502,-88512 36501,-88516 36502,-88545 36502,-88577 36502,-88661 36503,-88715 36503,-88748 36503,-88800 36503,-88817 36503,-88827 36503,-88835 36502,-88875 36502,-88964 36503,-89000 36503,-89007 36503,-89010 36503,-89035 36503,-89059 36503,-89072 36503,-89090 36504,-89118 36504,-89120 36505,-89163 36506,-89211 36507,-89279 36507,-89282 36503,-89346 36502,-89357 36500,-89380 36500,-89382 36499,-89404 36499,-89417 36538,-89401 36573,-89388 36614,-89376 36625,-89366 36631,-89344 36632,-89328 36632,-89327 36620,-89313 36594,-89295 36571,-89272 36565,-89260 36567,-89237 36569,-89227 36580,-89214 36602,-89203 36618,-89201 36629,-89198 36641,-89188 36650,-89175 36673,-89172 36716,-89199 36726,-89201 36739,-89198 36754,-89185 36759,-89169 36755,-89142 36752,-89130 36785,-89124 36813,-89179 36817,-89179 36836,-89177 36847,-89148 36944,-89101 36982,-89133 37003,-89166 37011,-89174 37021,-89179 37037,-89183 37046,-89181 37062,-89176 37068,-89172 37074,-89168 37166,-89087 37203,-89041 37224,-89001 37229,-88983 37230,-88967 37225,-88933 37229,-88942 37226,-88928 37224,-88917 37189,-88809 37119,-88626 37100,-88589 37086,-88577 37078,-88564 37076,-88560 37070,-88545 37067,-88532 37065,-88514 37067,-88490 37067,-88483 37074,-88459 37099,-88445 37152,-88424 37204,-88448 37214,-88459 37220,-88472 37262,-88509 37284,-88516 37291,-88515 37387,-88477 37396,-88470 37408,-88456 37416,-88439 37423,-88415 37425,-88409 37405,-88358 37429,-88331 37441,-88313 37453,-88282 37457,-88255 37474,-88083 37489,-88063 37505,-88061 37516,-88063 37529,-88072 37568,-88122 37574,-88133 37586,-88140 37633,-88157 37658,-88160 37665,-88158 37675,-88152 37710,-88122 37733,-88073 37743,-88060 37753,-88051 37762,-88045 37775,-88039 37799,-88028 37802,-88017 37800,-88005 37788,-87976 37783,-87971 37777,-87944 37808,-87907 37818,-87904 37838,-87908 37843,-87910 37850,-87915 37859,-87927 37868,-87936 37875,-87940 37883,-87941 37888,-87940 37893,-87937 37902,-87927 37925,-87905 37928,-87898 37926,-87883 37921,-87873 37915,-87866 37901,-87857 37882,-87841 37877,-87831 37876,-87791 37878,-87784 37891,-87762 37901,-87700 37903,-87684 37902,-87676 37896,-87666 37886,-87663 37856,-87682 37846,-87682 37836,-87679 37828,-87671 37826,-87646 37832,-87615 37839,-87607 37857,-87592 37861,-87589 37869,-87588 37887,-87592 37892,-87597 37907,-87620 37916,-87626 37927,-87629 37973,-87601 37976,-87593 37975,-87586 37973,-87581 37968,-87575 37963,-87573 37955,-87574 37947,-87572 37931,-87559 37925,-87550 37906,-87511 37941,-87451 37941,-87450 37944,-87437 37945,-87419 37942,-87403 37936,-87380 37898,-87302 37877,-87270 37873,-87263 37844,-87202 37791,-87133 37786,-87129 37783,-87119 37783,-87111 37788,-87091 37796,-87077 37806,-87068 37827,-87058 37871,-87044 37880,-87043 37890,-87046 37898,-87042 37907,-87033 37920,-87010 37930,-86979 37937,-86919 37946,-86902 37964,-86885 37987,-86856 37999,-86823 37999,-86815 37989,-86795 37971,-86788 37940,-86770 37913,-86751 37903,-86741 37894,-86731 37893,-86724 37893,-86718 37898,-86709 37865,-86660 37843,-86655 37841,-86648 37844,-86634 37858,-86605 37968,-86525 38028,-86525 38038,-86522 38043,-86517 38044,-86512 38046,-86491 38047,-86467 38050,-86452 38060,-86438 38067,-86433 38079,-86430 38082,-86427 38106,-86399 38130,-86333 38135,-86327 38139,-86323 38143,-86314 38144,-86310 38143,-86284 38130,-86271 38102,-86278 38089,-86279 38067,-86274 38057,-86267 38028,-86220 38011,-86179 38010,-86172 37993,-86030 37998,-85999 38006,-85951 38007,-85948 38010,-85941 38018,-85930 38029,-85922 38067,-85912 38086,-85906 38100,-85905 38111,-85905 38140,-85909 38161,-85909 38180,-85900 38184,-85898 38277,-85829 38281,-85824 38283,-85816 38289,-85792 38288,-85781 38286,-85773 38280,-85766 38278,-85767 38273,-85761 38268,-85751 38267,-85745 38295,-85684 38301,-85675 38327,-85654 38361,-85639 38380,-85638 38396,-85633 38423,-85621 38439,-85608 38513,-85463 38524,-85433 38532,-85423 38541,-85417 38546,-85416 38564,-85416 38587,-85427 38610,-85439 38689,-85457 38709,-85452 38729,-85434 38735,-85422 38737,-85411 38740,-85333 38742,-85289 38741,-85275 38738,-85259 38732,-85247 38705,-85226 38695,-85213 38692,-85201 38688,-85189 38688,-85173 38692,-85156 38699,-85139 38721,-85107 38727,-85101 38763,-85024 38777,-84996 38779,-84985 38779,-84973 38775,-84944 38787,-84844 38798,-84813 38856,-84791 38869,-84786 38880,-84785 38885,-84790 38931,-84813 39001,-84849 39030,-84879 39041,-84889 39052,-84897 39057,-84897 39066,-84889 39102,-84831 39105,-84820 39115,-84788 39139,-84767 39147,-84754 39147,-84744 39144,-84732 39137,-84719 39104,-84690 39100,-84685 39077,-84632 39074,-84624 39073,-84620 39074,-84603 39094,-84510 39095,-84506 39097,-84502 39102,-84494 39094,-84433 39027,-84327 39022,-84320 39017,-84314 39006,-84305 38893,-84234 38880,-84232 38875,-84232 38854,-84234 38831,-84231 38828,-84230 38818,-84225 38806,-84213 38803,-84206 38770,-84071 38771,-84053 38771,-84044 38787,-83979 38787,-83962 38784,-83944 38768,-83904 38762,-83870 38757,-83859 38753,-83853 38674,-83778 38661,-83774 38655,-83769 38652,-83762 38637,-83706 38630,-83679 38628,-83664 38630,-83655 38633,-83650 38637,-83647 38643,-83643 38671,-83636 38679,-83627 38684,-83616 38693,-83575 38702,-83533 38703,-83521 38702,-83513 38659,-83369 38642,-83333 38633,-83324 38623,-83321 38603,-83282 38605,-83266 38621,-83157 38625,-83143 38632,-83135 38642,-83128 38726,-83031 38730,-83012 38726,-82979 38729,-82969 38743,-82943 38750,-82924 38757,-82894 38756,-82889 38751,-82879 38747,-82875 38745,-82874 38739,-82871 38730,-82870 38722,-82870 38710,-82873 38678,-82870 38611,-82854 38595,-82847 38586,-82840 38573,-82820 38571,-82816 38563,-82800 38560,-82790 38559,-82731 38558,-82725 38542,-82697 38537,-82691 38506,-82666 38506,-82665 38422,-82594 38418,-82596 38413,-82597 38383,-82595 38375,-82593 38316,-82572 38264,-82575 38255,-82578 38246,-82584 38245,-82595 38247,-82604
LA 29753,-88865 29718,-88890 29657,-88940 29659,-88944 29663,-88946 29675,-88942 29694,-88920 29699,-88912 29729,-88890 29758,-88874 29772,-88868 29791,-88868 29806,-88861 29817,-88846 29826,-88843 29855,-88836 29859,-88837 29864,-88843 29879,-88831 29921,-88828 29945,-88837 29962,-88839 29968,-88835 29974,-88835 29984,-88840 29996,-88841 30013,-88848 30028,-88857 30044,-88870 30053,-88881 30049,-88870 30034,-88856 30013,-88841 29999,-88834 29970,-88824 29934,-88817 29889,-88818 29847,-88827 29824,-88833 29796,-88844 29753,-88865
LA 32693,-94043 32768,-94043 32777,-94043 32781,-94043 32785,-94043 32787,-94043 32797,-94043 32871,-94043 32880,-94043 32881,-94043 32893,-94043 32899,-94043 32910,-94043 32938,-94043 32956,-94043 33019,-94043 33019,-94041 33019,-94036 33019,-94028 33019,-94024 33019,-93815 33019,-93805 33019,-93531 33019,-93525 33019,-93521 33018,-93491 33018,-93490 33019,-93467 33018,-93377 33018,-93340 33018,-93308 33018,-93239 33018,-93197 33018,-93154 33018,-93101 33018,-93081 33018,-93073 33018,-93071 33017,-92989 33017,-92971 33017,-92947 33016,-92868 33016,-92854 33016,-92844 33016,-92831 33014,-92733 33014,-92725 33014,-92724 33014,-92716 33014,-92711 33012,-92504 33012,-92501 33012,-92470 33011,-92370 33011,-92363 33010,-92336 33010,-92293 33009,-92223 33008,-92069 33007,-91952 33008,-91950 33007,-91627 33007,-91618 33007,-91609 33007,-91580 33006,-91580 33007,-91572 33007,-91559 33006,-91460 33006,-91436 33006,-91425 33006,-91376 33006,-91333 33005,-91330 33005,-91326 33005,-91325 33005,-91323 33005,-91312 33005,-91284 33005,-91265 33004,-91166 32961,-91202 32930,-91214 32922,-91213 32915,-91208 32907,-91197 32900,-91175 32900,-91160 32905,-91145 32918,-91134 32923,-91132 32964,-91131 32971,-91139 32981,-91134 32985,-91125 32989,-91107 32984,-91094 32976,-91087 32924,-91064 32904,-91064 32889,-91071 32873,-91087 32858,-91106 32856,-91116 32855,-91128 32843,-91145 32822,-91158 32812,-91162 32786,-91164 32751,-91165 32747,-91163 32742,-91154 32743,-91123 32733,-91077 32727,-91061 32722,-91054 32713,-91057 32703,-91064 32694,-91076 32685,-91099 32674,-91118 32642,-91152 32631,-91154 32616,-91151 32604,-91146 32597,-91141 32586,-91128 32585,-91120 32585,-91104 32577,-91097 32564,-91091 32563,-91091 32553,-91089 32549,-91094 32545,-91098 32500,-91117 32483,-91116 32472,-91109 32459,-91095 32445,-91070 32438,-91053 32434,-91030 32404,-90994 32368,-91005 32362,-91004 32358,-91000 32352,-90987 32339,-90912 32338,-90902 32329,-90899 32315,-90905 32215,-91005 32224,-91006 32236,-91022 32242,-91039 32241,-91047 32217,-91123 32213,-91134 32202,-91158 32197,-91164 32177,-91171 32155,-91175 32144,-91172 32134,-91165 32133,-91163 32126,-91131 32132,-91067 32136,-91057 32137,-91052 32139,-91047 32137,-91041 32135,-91034 32130,-91030 32124,-91027 32120,-91027 32113,-91028 32101,-91035 31986,-91128 31870,-91248 31860,-91293 31855,-91327 31851,-91338 31843,-91346 31799,-91360 31780,-91364 31761,-91366 31753,-91365 31747,-91369 31733,-91380 31709,-91398 31688,-91400 31656,-91398 31638,-91405 31631,-91422 31631,-91441 31631,-91453 31629,-91465 31622,-91475 31611,-91478 31605,-91478 31598,-91478 31592,-91477 31586,-91471 31583,-91459 31583,-91449 31581,-91438 31578,-91425 31567,-91415 31562,-91417 31554,-91423 31546,-91438 31540,-91450 31530,-91480 31533,-91511 31531,-91516 31520,-91523 31449,-91515 31439,-91510 31433,-91505 31419,-91500 31401,-91505 31387,-91514 31379,-91525 31357,-91541 31337,-91540 31327,-91531 31311,-91520 31292,-91509 31278,-91516 31273,-91522 31264,-91548 31261,-91574 31205,-91598 31192,-91600 31155,-91604 31078,-91577 31067,-91564 31061,-91561 31054,-91560 31043,-91562 31030,-91572 31020,-91585 30999,-91637 30999,-91625 30999,-91539 30999,-91426 30999,-91424 30999,-91225 30999,-91224 30999,-91176 30999,-91108 30999,-91081 30999,-91068 30999,-91060 30999,-90826 30999,-90784 30999,-90780 30999,-90776 30999,-90769 31000,-90759 30999,-90735 30999,-90734 31000,-90651 30999,-90649 31000,-90589 31000,-90587 31000,-90584 31000,-90567 31000,-90548 31000,-90487 31000,-90486 31000,-90477 31000,-90476 31000,-90474 31000,-90442 31000,-90437 31000,-90427 31000,-90422 31000,-90369 31000,-90347 31000,-90346 31001,-90260 31001,-90165 31001,-90164 31001,-90131 31001,-90128 31001,-90051 31001,-90030 31001,-90022 31001,-90005 31002,-89975 31001,-89973 31001,-89927 31001,-89923 31002,-89898 31002,-89893 31002,-89857 31002,-89836 31002,-89825 31002,-89816 31002,-89753 31005,-89733 31002,-89728 30971,-89728 30919,-89745 30900,-89757 30899,-89771 30898,-89773 30852,-89790 30737,-89826 30666,-89843 30609,-89823 30572,-89807 30516,-89761 30493,-89733 30492,-89725 30459,-89691 30452,-89683 30339,-89630 30321,-89630 30301,-89641 30293,-89644 30288,-89643 30217,-89608 30186,-89581 30181,-89573 30181,-89525 30177,-89531 30172,-89537 30171,-89555 30169,-89563 30164,-89568 30160,-89572 30151,-89587 30150,-89595 30152,-89598 30156,-89618 30152,-89623 30151,-89625 30139,-89641 30134,-89645 30127,-89650 30118,-89657 30117,-89659 30111,-89668 30111,-89669 30110,-89673 30110,-89674 30110,-89675 30110,-89676 30108,-89678 30107,-89678 30102,-89680 30101,-89680 30100,-89680 30099,-89680 30095,-89681 30093,-89682 30092,-89682 30091,-89682 30090,-89682 30089,-89682 30086,-89683 30083,-89683 30082,-89683 30076,-89684 30071,-89698 30070,-89698 30070,-89699 30070,-89700 30069,-89712 30069,-89713 30069,-89714 30068,-89715 30068,-89716 30067,-89717 30065,-89722 30064,-89724 30063,-89726 30063,-89727 30062,-89728 30060,-89730 30059,-89730 30058,-89731 30055,-89731 30051,-89731 30050,-89732 30028,-89716 30027,-89716 30026,-89716 30022,-89725 30022,-89726 30022,-89733 30023,-89734 30027,-89739 30027,-89740 30028,-89741 30032,-89746 30033,-89747 30039,-89757 30042,-89763 30045,-89783 30045,-89785 30044,-89814 30043,-89819 30033,-89830 30031,-89832 30030,-89833 30030,-89834 30029,-89835 30028,-89835 30024,-89840 30023,-89841 30022,-89842 30008,-89855 30004,-89858 29978,-89852 29956,-89844 29946,-89838 29939,-89829 29934,-89818 29933,-89804 29937,-89775 29946,-89748 29959,-89728 29954,-89719 29946,-89713 29936,-89736 29936,-89743 29928,-89746 29908,-89742 29879,-89711 29869,-89692 29868,-89672 29863,-89661 29864,-89638 29872,-89613 29881,-89598 29897,-89591 29917,-89592 29932,-89583 29946,-89583 29959,-89575 29984,-89574 29995,-89581 30000,-89572 30006,-89551 30034,-89502 30041,-89494 30051,-89495 30059,-89499 30072,-89493 30079,-89482 30063,-89459 30061,-89445 30052,-89429 30050,-89418 30055,-89372 30047,-89369 30037,-89372 30030,-89381 30030,-89394 30020,-89416 30015,-89423 30008,-89433 29991,-89433 29979,-89433 29966,-89405 29966,-89394 29964,-89379 29920,-89379 29911,-89368 29916,-89332 29923,-89315 29973,-89284 29994,-89273 30002,-89251 29997,-89244 29976,-89250 29973,-89218 29962,-89224 29925,-89231 29930,-89245 29929,-89263 29925,-89280 29898,-89318 29887,-89322 29882,-89311 29880,-89289 29887,-89272 29890,-89241 29887,-89236 29877,-89236 29865,-89255 29860,-89270 29857,-89295 29851,-89318 29846,-89363 29839,-89384 29830,-89383 29825,-89373 29820,-89346 29798,-89343 29791,-89332 29789,-89318 29803,-89293 29808,-89277 29800,-89277 29796,-89284 29770,-89285 29761,-89269 29756,-89271 29757,-89305 29761,-89316 29772,-89325 29779,-89338 29781,-89354 29775,-89367 29789,-89386 29785,-89395 29771,-89399 29752,-89415 29742,-89428 29698,-89424 29703,-89448 29719,-89472 29726,-89487 29732,-89506 29744,-89530 29744,-89540 29735,-89560 29747,-89573 29748,-89598 29753,-89634 29749,-89651 29720,-89650 29711,-89645 29701,-89618 29705,-89599 29702,-89593 29690,-89600 29684,-89597 29674,-89574 29670,-89557 29670,-89534 29630,-89488 29624,-89485 29621,-89487 29620,-89487 29632,-89505 29639,-89523 29649,-89535 29653,-89583 29658,-89609 29657,-89621 29663,-89624 29672,-89633 29675,-89644 29673,-89650 29648,-89641 29636,-89641 29625,-89647 29624,-89658 29627,-89675 29625,-89684 29615,-89688 29603,-89684 29588,-89671 29580,-89669 29563,-89684 29551,-89684 29534,-89681 29525,-89696 29523,-89700 29521,-89701 29516,-89701 29509,-89694 29490,-89666 29492,-89644 29489,-89635 29468,-89618 29456,-89597 29450,-89592 29438,-89590 29434,-89577 29436,-89575 29441,-89575 29466,-89549 29455,-89528 29435,-89532 29426,-89532 29400,-89518 29386,-89509 29386,-89505 29393,-89487 29397,-89484 29406,-89482 29411,-89477 29401,-89470 29393,-89457 29391,-89422 29392,-89380 29387,-89373 29382,-89356 29381,-89340 29378,-89337 29365,-89348 29350,-89351 29344,-89323 29357,-89304 29356,-89283 29351,-89273 29345,-89265 29337,-89258 29323,-89254 29310,-89241 29314,-89224 29318,-89223 29324,-89220 29339,-89205 29344,-89200 29348,-89201 29345,-89189 29340,-89180 29335,-89177 29327,-89178 29303,-89165 29297,-89158 29291,-89140 29279,-89134 29275,-89137 29266,-89130 29250,-89100 29243,-89096 29238,-89096 29233,-89098 29232,-89106 29216,-89106 29206,-89101 29200,-89091 29204,-89068 29209,-89067 29221,-89029 29218,-89022 29212,-89015 29180,-89001 29165,-89005 29163,-89013 29165,-89018 29170,-89024 29163,-89044 29158,-89047 29142,-89039 29145,-89032 29137,-89024 29134,-89024 29130,-89026 29107,-89052 29084,-89055 29070,-89062 29067,-89091 29068,-89098 29074,-89105 29069,-89122 29048,-89143 29029,-89156 29016,-89162 29012,-89162 29009,-89165 29009,-89170 29012,-89176 29018,-89186 29025,-89182 29033,-89190 29030,-89198 29032,-89203 29041,-89211 29056,-89216 29061,-89216 29067,-89217 29079,-89226 29085,-89236 29083,-89255 29081,-89257 29074,-89257 29065,-89254 29058,-89259 29053,-89283 29053,-89291 29046,-89305 29039,-89315 29035,-89318 29033,-89315 29014,-89325 29015,-89335 29013,-89338 28947,-89384 28925,-89411 28930,-89420 28958,-89412 28965,-89408 28977,-89398 28982,-89382 28985,-89375 29040,-89335 29052,-89340 29073,-89355 29084,-89375 29087,-89406 29106,-89411 29128,-89409 29139,-89418 29145,-89429 29149,-89433 29179,-89447 29191,-89456 29208,-89472 29215,-89483 29236,-89537 29252,-89607 29289,-89672 29297,-89697 29304,-89726 29311,-89782 29310,-89820 29312,-89850 29335,-89855 29341,-89854 29349,-89847 29359,-89835 29377,-89821 29384,-89817 29394,-89816 29399,-89817 29404,-89819 29410,-89822 29416,-89826 29419,-89835 29422,-89844 29435,-89845 29454,-89837 29457,-89834 29460,-89834 29464,-89833 29467,-89834 29470,-89834 29473,-89841 29478,-89850 29476,-89863 29472,-89876 29460,-89902 29444,-89919 29429,-89933 29429,-89955 29433,-89962 29435,-89965 29444,-89973 29464,-89992 29463,-90013 29452,-90019 29445,-90022 29432,-90029 29427,-90032 29413,-90032 29393,-90033 29388,-90029 29387,-90030 29383,-90030 29375,-90031 29371,-90034 29368,-90035 29364,-90036 29349,-90033 29344,-90032 29323,-90034 29307,-90029 29303,-90014 29295,-90010 29284,-90016 29282,-90020 29280,-90032 29282,-90043 29281,-90057 29277,-90061 29273,-90060 29268,-90061 29263,-90071 29259,-90087 29261,-90091 29262,-90098 29260,-90101 29241,-90096 29227,-90073 29211,-90073 29209,-90071 29209,-90064 29212,-90043 29232,-90020 29241,-90006 29256,-89970 29259,-89966 29268,-89960 29266,-89951 29263,-89950 29261,-89951 29254,-89956 29216,-90022 29184,-90059 29170,-90079 29163,-90089 29150,-90104 29105,-90174 29085,-90224 29088,-90232 29086,-90245 29057,-90343 29058,-90349 29064,-90350 29075,-90326 29077,-90304 29079,-90293 29082,-90283 29089,-90266 29092,-90258 29094,-90253 29101,-90250 29108,-90250 29110,-90244 29110,-90234 29129,-90234 29136,-90243 29138,-90249 29139,-90269 29143,-90281 29151,-90278 29171,-90297 29175,-90303 29188,-90303 29196,-90301 29200,-90293 29193,-90283 29194,-90276 29205,-90271 29226,-90287 29231,-90300 29238,-90312 29256,-90312 29265,-90316 29277,-90333 29274,-90367 29271,-90368 29265,-90367 29259,-90373 29253,-90388 29236,-90384 29201,-90399 29196,-90409 29188,-90433 29188,-90436 29196,-90444 29193,-90472 29195,-90473 29198,-90469 29203,-90467 29210,-90486 29217,-90495 29221,-90491 29228,-90468 29243,-90466 29250,-90463 29264,-90451 29266,-90452 29273,-90473 29287,-90495 29291,-90511 29283,-90517 29276,-90526 29279,-90552 29285,-90565 29276,-90583 29249,-90590 29246,-90588 29243,-90584 29244,-90577 29242,-90565 29231,-90545 29228,-90543 29224,-90544 29220,-90557 29208,-90557 29204,-90561 29207,-90575 29203,-90618 29210,-90624 29211,-90627 29209,-90634 29197,-90640 29176,-90646 29173,-90645 29171,-90641 29165,-90637 29129,-90647 29119,-90678 29122,-90691 29121,-90701 29117,-90718 29123,-90731 29113,-90764 29100,-90773 29087,-90799 29083,-90802 29064,-90804 29055,-90799 29049,-90782 29049,-90765 29053,-90750 29067,-90725 29064,-90709 29063,-90705 29060,-90702 29060,-90692 29061,-90684 29064,-90677 29067,-90666 29069,-90652 29072,-90644 29072,-90641 29073,-90639 29072,-90638 29070,-90636 29067,-90637 29063,-90648 29042,-90731 29039,-90756 29040,-90798 29037,-90811 29039,-90839 29043,-90843 29049,-90845 29054,-90841 29067,-90845 29095,-90863 29095,-90868 29105,-90878 29117,-90885 29131,-90898 29153,-90926 29162,-90942 29174,-90948 29181,-90961 29171,-90981 29169,-91000 29175,-91024 29182,-91032 29182,-91059 29188,-91094 29208,-91115 29216,-91129 29221,-91200 29226,-91219 29248,-91279 29266,-91303 29299,-91335 29306,-91333 29306,-91309 29309,-91299 29311,-91292 29313,-91290 29326,-91280 29330,-91277 29333,-91276 29345,-91274 29355,-91271 29357,-91270 29361,-91267 29362,-91265 29369,-91252 29369,-91251 29370,-91250 29370,-91249 29371,-91246 29372,-91239 29371,-91235 29361,-91222 29361,-91207 29370,-91197 29390,-91200 29407,-91218 29413,-91216 29416,-91214 29421,-91212 29428,-91215 29433,-91217 29433,-91218 29434,-91219 29436,-91221 29441,-91242 29444,-91251 29447,-91258 29458,-91260 29461,-91260 29462,-91260 29465,-91262 29472,-91266 29482,-91281 29477,-91294 29486,-91336 29493,-91344 29505,-91346 29515,-91357 29512,-91402 29516,-91420 29520,-91427 29533,-91432 29540,-91440 29545,-91447 29544,-91469 29530,-91517 29532,-91531 29535,-91531 29546,-91526 29552,-91526 29559,-91529 29566,-91537 29594,-91542 29633,-91554 29637,-91561 29638,-91571 29637,-91582 29631,-91600 29626,-91625 29631,-91644 29634,-91649 29637,-91649 29639,-91646 29640,-91643 29647,-91637 29662,-91627 29672,-91625 29685,-91627 29699,-91624 29711,-91618 29721,-91618 29735,-91622 29743,-91633 29746,-91667 29739,-91711 29749,-91737 29748,-91752 29741,-91784 29719,-91830 29709,-91846 29703,-91859 29707,-91867 29711,-91881 29713,-91881 29716,-91878 29722,-91876 29728,-91876 29735,-91878 29743,-91880 29751,-91878 29760,-91875 29783,-91859 29807,-91855 29828,-91870 29836,-91889 29831,-91907 29816,-91916 29815,-91919 29817,-91941 29810,-91961 29804,-91970 29799,-91978 29795,-91984 29782,-92036 29772,-92056 29744,-92107 29716,-92144 29697,-92149 29670,-92134 29660,-92133 29622,-92112 29619,-92093 29620,-92066 29625,-92048 29626,-92025 29619,-92016 29613,-92000 29608,-91965 29610,-91940 29612,-91935 29619,-91930 29633,-91923 29637,-91899 29635,-91897 29630,-91882 29632,-91866 29634,-91863 29630,-91841 29624,-91839 29620,-91841 29616,-91838 29606,-91822 29600,-91804 29595,-91785 29589,-91778 29582,-91775 29576,-91775 29574,-91746 29566,-91719 29566,-91716 29565,-91712 29561,-91709 29554,-91712 29540,-91734 29535,-91747 29521,-91765 29505,-91772 29499,-91773 29494,-91770 29489,-91771 29483,-91782 29482,-91789 29487,-91800 29487,-91803 29482,-91815 29474,-91822 29479,-91838 29484,-91849 29495,-91853 29502,-91862 29503,-91879 29506,-91887 29518,-91906 29519,-91915 29533,-91947 29537,-91969 29548,-91986 29567,-92027 29579,-92035 29582,-92041 29584,-92046 29584,-92067 29586,-92106 29582,-92159 29562,-92213 29539,-92252 29533,-92280 29533,-92309 29539,-92347 29551,-92402 29561,-92474 29570,-92559 29579,-92616 29579,-92618 29588,-92654 29618,-92744 29670,-92871 29701,-92940 29714,-92974 29741,-93065 29749,-93088 29770,-93177 29778,-93227 29778,-93267 29775,-93296 29763,-93342 29760,-93345 29759,-93347 29763,-93372 29769,-93439 29769,-93475 29763,-93538 29756,-93591 29753,-93635 29747,-93684 29736,-93742 29730,-93766 29715,-93799 29704,-93819 29691,-93838 29765,-93892 29772,-93898 29843,-93891 29914,-93841 29988,-93789 30014,-93757 30016,-93752 30051,-93722 30052,-93722 30067,-93712 30136,-93696 30148,-93695 30194,-93712 30244,-93716 30296,-93721 30295,-93724 30299,-93736 30333,-93766 30390,-93758 30396,-93751 30403,-93742 30430,-93703 30439,-93698 30444,-93698 30506,-93710 30539,-93740 30574,-93728 30802,-93578 30819,-93563 30869,-93559 30877,-93555 30925,-93531 31008,-93540 31075,-93528 31181,-93532 31186,-93535 31187,-93549 31186,-93553 31167,-93579 31166,-93589 31175,-93599 31176,-93600 31182,-93602 31205,-93607 31228,-93608 31261,-93614 31271,-93621 31277,-93644 31300,-93672 31373,-93641 31387,-93670 31409,-93696 31488,-93730 31534,-93798 31555,-93819 31586,-93835 31615,-93826 31672,-93817 31715,-93812 31801,-93840 31844,-93878 31857,-93889 31889,-93920 31894,-93932 31924,-93975 31980,-94016 31999,-94043 32056,-94043 32120,-94042 32138,-94043 32158,-94043 32167,-94043 32196,-94043 32218,-94043 32270,-94043 32364,-94043 32373,-94043 32392,-94043 32400,-94043 32401,-94043 32436,-94043 32440,-94043 32470,-94043 32471,-94043 32473,-94043 32478,-94043 32480,-94043 32484,-94043 32487,-94043 32493,-94043 32505,-94043 32514,-94043 32560,-94043 32564,-94043 32610,-94043 32618,-94043 32622,-94043 32640,-94043 32643,-94043 32655,-94043 32693,-94043
ME 44012,-68618 44019,-68635 44014,-68647 44010,-68652 44004,-68653 44004,-68657 44016,-68660 44023,-68660 44024,-68657 44040,-68651 44060,-68655 44076,-68662 44088,-68628 44093,-68625 44097,-68618 44095,-68610 44087,-68603 44076,-68590 44075,-68586 44071,-68584 44061,-68588 44059,-68591 44058,-68601 44025,-68611 44013,-68611 44010,-68616 44012,-68618
ME 44054,-68786 44054,-68791 44036,-68807 44032,-68818 44032,-68828 44025,-68863 44025,-68874 44033,-68890 44067,-68900 44077,-68905 44085,-68913 44106,-68908 44110,-68909 44110,-68943 44113,-68945 44130,-68935 44148,-68917 44160,-68889 44167,-68879 44183,-68847 44186,-68825 44180,-68819 44179,-68822 44174,-68823 44161,-68818 44146,-68792 44144,-68787 44145,-68782 44143,-68781 44137,-68792 44138,-68802 44137,-68818 44135,-68820 44130,-68821 44122,-68820 44116,-68816 44116,-68807 44093,-68791 44084,-68782 44078,-68773 44070,-68770 44058,-68780 44054,-68786
ME 44281,-68943 44310,-68919 44335,-68919 44365,-68912 44379,-68904 44387,-68879 44381,-68868 44364,-68861 44355,-68864 44345,-68872 44338,-68883 44338,-68889 44335,-68893 44322,-68897 44303,-68887 44284,-68899 44280,-68904 44243,-68917 44233,-68926 44221,-68946 44219,-68952 44227,-68947 44244,-68955 44247,-68959 44250,-68966 44252,-68967 44259,-68965 44272,-68954 44281,-68943
ME 44190,-68453 44188,-68438 44191,-68424 44187,-68416 44176,-68408 44155,-68385 44141,-68397 44119,-68428 44116,-68439 44126,-68449 44133,-68448 44145,-68457 44148,-68480 44146,-68485 44147,-68497 44152,-68502 44160,-68501 44162,-68496 44182,-68474 44190,-68453
ME 44279,-68681 44280,-68675 44277,-68668 44269,-68659 44256,-68624 44245,-68612 44231,-68606 44208,-68613 44198,-68625 44195,-68626 44189,-68620 44186,-68619 44181,-68619 44158,-68643 44154,-68652 44152,-68670 44139,-68671 44137,-68675 44138,-68682 44147,-68687 44154,-68692 44158,-68701 44159,-68710 44161,-68713 44163,-68716 44169,-68720 44183,-68719 44191,-68715 44204,-68714 44212,-68721 44220,-68723 44224,-68723 44229,-68719 44229,-68712 44234,-68701 44249,-68694 44262,-68680 44269,-68678 44275,-68678 44279,-68681
ME 44370,-68499 44320,-68479 44314,-68490 44325,-68515 44334,-68530 44345,-68529 44358,-68521 44368,-68522 44381,-68519 44385,-68513 44385,-68508 44382,-68501 44370,-68499
ME 44249,-69029 44234,-69040 44225,-69044 44215,-69043 44196,-69052 44188,-69053 44172,-69055 44165,-69061 44165,-69078 44161,-69080 44157,-69081 44144,-69080 44130,-69076 44118,-69080 44105,-69101 44094,-69101 44086,-69092 44085,-69089 44091,-69076 44095,-69056 44095,-69051 44092,-69043 44079,-69032 44063,-69049 44063,-69051 44068,-69051 44069,-69056 44070,-69064 44068,-69068 44055,-69080 44046,-69074 44041,-69081 44039,-69094 44029,-69113 44020,-69126 44017,-69128 44007,-69124 44006,-69129 43999,-69149 43999,-69163 43996,-69170 43976,-69194 43968,-69198 43960,-69194 43951,-69196 43942,-69204 43936,-69214 43932,-69237 43925,-69243 43921,-69260 43933,-69265 43944,-69268 43957,-69280 43958,-69283 43959,-69284 43958,-69289 43943,-69308 43943,-69314 43945,-69320 43957,-69305 43962,-69304 43970,-69322 43974,-69331 43975,-69352 43965,-69367 43965,-69375 43964,-69388 43972,-69398 43977,-69416 43958,-69429 43965,-69432 43967,-69436 43964,-69442 43942,-69451 43903,-69460 43880,-69483 43869,-69486 43838,-69503 43831,-69515 43837,-69516 43845,-69513 43868,-69520 43876,-69525 43882,-69544 43880,-69549 43878,-69551 43873,-69551 43861,-69545 43841,-69553 43841,-69558 43844,-69568 43844,-69573 43842,-69575 43823,-69579 43818,-69589 43814,-69604 43815,-69606 43826,-69605 43826,-69598 43831,-69592 43851,-69589 43859,-69595 43858,-69605 43845,-69613 43837,-69613 43832,-69615 43827,-69621 43837,-69630 43843,-69630 43846,-69635 43836,-69650 43817,-69653 43804,-69651 43791,-69653 43791,-69665 43816,-69685 43821,-69686 43824,-69692 43825,-69697 43825,-69698 43823,-69706 43810,-69715 43801,-69718 43792,-69717 43787,-69720 43756,-69753 43757,-69762 43755,-69780 43754,-69782 43751,-69782 43747,-69778 43745,-69778 43721,-69835 43705,-69839 43704,-69851 43705,-69855 43724,-69858 43733,-69856 43741,-69859 43743,-69869 43759,-69862 43776,-69870 43778,-69884 43777,-69887 43772,-69903 43775,-69916 43780,-69927 43766,-69949 43769,-69953 43768,-69958 43751,-69983 43743,-69989 43728,-69994 43727,-69992 43725,-69993 43718,-70002 43717,-70007 43728,-70005 43733,-70001 43740,-69999 43744,-70002 43738,-70041 43745,-70041 43759,-70034 43770,-70026 43788,-70005 43799,-69998 43805,-69999 43812,-70003 43811,-70011 43823,-70026 43829,-70026 43834,-70023 43844,-70007 43848,-70003 43853,-70003 43859,-70010 43859,-70019 43856,-70023 43850,-70032 43828,-70054 43821,-70053 43813,-70065 43820,-70066 43820,-70081 43809,-70107 43792,-70143 43781,-70154 43775,-70154 43761,-70176 43765,-70178 43774,-70173 43777,-70175 43772,-70190 43766,-70195 43753,-70198 43746,-70194 43742,-70195 43720,-70218 43716,-70219 43708,-70216 43705,-70217 43702,-70228 43705,-70232 43683,-70252 43677,-70254 43675,-70253 43672,-70247 43670,-70242 43666,-70240 43665,-70240 43663,-70242 43659,-70241 43639,-70223 43626,-70211 43597,-70217 43590,-70214 43587,-70201 43565,-70197 43558,-70206 43557,-70217 43562,-70220 43561,-70232 43552,-70244 43554,-70262 43563,-70272 43551,-70299 43544,-70308 43540,-70342 43536,-70353 43535,-70353 43529,-70361 43507,-70379 43496,-70385 43487,-70386 43470,-70383 43464,-70380 43455,-70372 43442,-70350 43439,-70362 43434,-70371 43419,-70385 43413,-70384 43403,-70391 43400,-70400 43401,-70402 43401,-70406 43396,-70421 43389,-70428 43380,-70424 43376,-70425 43356,-70442 43343,-70461 43340,-70466 43344,-70473 43346,-70485 43344,-70518 43337,-70535 43336,-70537 43322,-70554 43311,-70563 43270,-70585 43249,-70594 43238,-70591 43222,-70576 43218,-70577 43200,-70588 43164,-70619 43128,-70634 43122,-70634 43114,-70638 43099,-70654 43098,-70655 43093,-70656 43076,-70666 43070,-70673 43060,-70704 43080,-70756 43099,-70784 43123,-70820 43129,-70828 43147,-70834 43180,-70829 43187,-70828 43235,-70816 43237,-70818 43238,-70818 43240,-70823 43241,-70825 43241,-70827 43242,-70828 43243,-70834 43250,-70840 43251,-70839 43265,-70863 43307,-70910 43308,-70912 43318,-70917 43330,-70931 43334,-70952 43344,-70967 43376,-70984 43377,-70984 43392,-70988 43414,-70987 43473,-70964 43473,-70965 43476,-70964 43510,-70955 43534,-70963 43538,-70959 43541,-70955 43553,-70953 43570,-70973 43673,-70980 43684,-70981 43701,-70982 43702,-70982 43712,-70982 43715,-70982 43792,-70989 43886,-70992 43914,-70993 44093,-71001 44258,-71009 44259,-71009 44285,-71010 44341,-71013 44610,-71029 44756,-71038 45020,-71060 45224,-71076 45305,-71084 45313,-71031 45317,-71014 45319,-71009 45328,-71002 45332,-71005 45336,-70990 45335,-70951 45312,-70918 45297,-70912 45293,-70914 45269,-70908 45242,-70897 45235,-70885 45229,-70857 45234,-70843 45238,-70839 45260,-70832 45326,-70808 45378,-70808 45391,-70824 45400,-70826 45425,-70798 45431,-70781 45428,-70754 45421,-70744 45412,-70744 45399,-70730 45391,-70712 45378,-70660 45377,-70652 45384,-70635 45407,-70627 45428,-70635 45444,-70650 45447,-70664 45453,-70676 45487,-70716 45508,-70723 45515,-70722 45533,-70701 45550,-70687 45564,-70688 45587,-70659 45655,-70565 45662,-70551 45702,-70470 45704,-70452 45757,-70397 45774,-70408 45795,-70418 45803,-70396 45804,-70398 45808,-70397 45819,-70388 45835,-70367 45852,-70342 45859,-70308 45872,-70284 45888,-70263 45903,-70254 45944,-70240 45955,-70252 45963,-70265 45972,-70312 46016,-70313 46065,-70311 46094,-70290 46099,-70285 46106,-70252 46147,-70238 46175,-70278 46186,-70291 46192,-70293 46331,-70207 46350,-70188 46358,-70175 46369,-70133 46417,-70056 46573,-70023 46695,-69997 46875,-69819 47125,-69566 47460,-69224 47449,-69146 47432,-69055 47427,-69043 47408,-69033 47403,-69031 47398,-69041 47397,-69042 47385,-69039 47384,-69044 47384,-69046 47375,-69054 47257,-69050 47245,-69040 47241,-69033 47220,-68982 47206,-68942 47198,-68926 47179,-68901 47193,-68853 47240,-68723 47287,-68580 47298,-68475 47356,-68362 47360,-68334 47360,-68284 47354,-68240 47348,-68224 47314,-68154 47200,-67956 47196,-67952 47183,-67949 47165,-67936 47119,-67889 47092,-67847 47081,-67816 47068,-67791 47063,-67789 46766,-67789 46758,-67789 46279,-67782 45943,-67781 45902,-67769 45830,-67764 45820,-67764 45816,-67780 45804,-67802 45795,-67807 45694,-67818 45680,-67805 45678,-67803 45668,-67754 45614,-67646 45595,-67561 45588,-67519 45587,-67499 45591,-67491 45595,-67488 45599,-67491 45601,-67490 45604,-67477 45605,-67455 45603,-67450 45579,-67425 45572,-67424 45551,-67421 45503,-67426 45511,-67449 45509,-67463 45489,-67504 45425,-67473 45420,-67460 45393,-67430 45380,-67422 45344,-67429 45301,-67460 45297,-67466 45291,-67486 45281,-67489 45244,-67464 45166,-67405 45130,-67354 45126,-67345 45126,-67340 45145,-67305 45161,-67303 45188,-67291 45192,-67284 45191,-67271 45163,-67161 45132,-67129 45112,-67112 45069,-67091 45066,-67106 45057,-67118 45045,-67100 45030,-67082 45019,-67075 45008,-67073 45001,-67068 44987,-67055 44945,-67038 44940,-67033 44919,-67002 44918,-66991 44913,-66984 44903,-66984 44897,-66986 44896,-66989 44883,-66990 44863,-66981 44857,-66978 44849,-66993 44845,-66997 44821,-66986 44815,-66975 44819,-66966 44820,-66952 44817,-66950 44815,-66951 44807,-66961 44806,-66970 44808,-66976 44807,-66980 44799,-66989 44791,-66995 44771,-67020 44768,-67026 44765,-67043 44771,-67055 44770,-67062 44758,-67063 44742,-67073 44740,-67083 44743,-67093 44741,-67099 44717,-67104 44695,-67129 44694,-67139 44684,-67148 44669,-67155 44668,-67154 44662,-67170 44664,-67182 44663,-67187 44656,-67192 44648,-67191 44646,-67189 44639,-67213 44637,-67234 44642,-67247 44641,-67251 44626,-67274 44618,-67277 44611,-67273 44607,-67279 44599,-67293 44597,-67302 44598,-67315 44609,-67323 44612,-67322 44613,-67311 44634,-67294 44648,-67292 44654,-67298 44659,-67310 44691,-67308 44697,-67300 44706,-67299 44707,-67309 44699,-67348 44699,-67356 44682,-67377 44669,-67381 44665,-67379 44663,-67374 44652,-67367 44632,-67363 44625,-67368 44620,-67378 44627,-67387 44627,-67389 44613,-67396 44603,-67399 44594,-67405 44597,-67412 44603,-67419 44608,-67421 44609,-67428 44606,-67444 44603,-67447 44600,-67449 44598,-67458 44618,-67492 44629,-67494 44637,-67506 44633,-67523 44627,-67524 44622,-67531 44622,-67534 44626,-67540 44627,-67543 44622,-67551 44620,-67552 44561,-67575 44557,-67570 44539,-67562 44531,-67568 44525,-67649 44526,-67653 44536,-67657 44538,-67661 44537,-67686 44534,-67696 44528,-67703 44516,-67699 44505,-67703 44495,-67714 44499,-67723 44496,-67734 44497,-67743 44506,-67743 44509,-67740 44526,-67743 44544,-67754 44547,-67759 44548,-67767 44547,-67774 44544,-67779 44534,-67782 44521,-67782 44521,-67797 44524,-67803 44530,-67805 44537,-67805 44544,-67809 44558,-67830 44559,-67840 44556,-67845 44552,-67846 44543,-67843 44524,-67857 44497,-67854 44492,-67851 44485,-67852 44479,-67856 44478,-67861 44472,-67867 44465,-67869 44457,-67869 44429,-67852 44424,-67852 44419,-67855 44425,-67869 44436,-67879 44433,-67887 44426,-67887 44410,-67892 44394,-67900 44419,-67912 44430,-67913 44433,-67921 44432,-67926 44429,-67931 44421,-67928 44412,-67931 44411,-67937 44416,-67947 44416,-67956 44415,-67957 44413,-67962 44399,-67962 44387,-67979 44387,-67986 44400,-67997 44407,-68001 44410,-68006 44407,-68011 44397,-68020 44390,-68014 44360,-68034 44361,-68040 44358,-68044 44351,-68045 44344,-68043 44331,-68049 44332,-68060 44336,-68067 44348,-68076 44373,-68078 44376,-68086 44371,-68090 44371,-68093 44385,-68104 44402,-68112 44421,-68113 44429,-68116 44446,-68120 44460,-68119 44468,-68115 44475,-68118 44479,-68123 44482,-68151 44479,-68159 44477,-68163 44473,-68163 44470,-68171 44472,-68195 44479,-68190 44485,-68190 44487,-68192 44492,-68214 44487,-68224 44480,-68227 44464,-68224 44463,-68229 44471,-68245 44483,-68252 44484,-68262 44471,-68268 44460,-68271 44451,-68281 44449,-68298 44438,-68299 44433,-68295 44440,-68268 44433,-68247 44430,-68245 44421,-68244 44418,-68250 44415,-68250 44390,-68216 44393,-68210 44392,-68204 44386,-68197 44369,-68185 44344,-68175 44328,-68174 44307,-68192 44289,-68233 44289,-68275 44284,-68289 44276,-68298 44267,-68299 44263,-68298 44262,-68295 44248,-68291 44225,-68318 44223,-68339 44230,-68343 44238,-68365 44243,-68370 44248,-68378 44247,-68390 44252,-68401 44275,-68420 44284,-68421 44295,-68426 44299,-68431 44313,-68431 44322,-68412 44326,-68409 44329,-68410 44336,-68422 44338,-68421 44356,-68410 44357,-68406 44364,-68397 44370,-68396 44376,-68398 44391,-68368 44389,-68364 44390,-68360 44392,-68358 44403,-68359 44424,-68372 44430,-68379 44431,-68388 44427,-68391 44418,-68393 44398,-68416 44396,-68422 44397,-68428 44402,-68434 44427,-68433 44439,-68430 44448,-68439 44449,-68448 44447,-68455 44443,-68460 44437,-68464 44412,-68459 44398,-68464 44391,-68464 44386,-68461 44379,-68461 44377,-68466 44378,-68478 44388,-68483 44397,-68481 44404,-68473 44433,-68480 44434,-68485 44430,-68495 44414,-68500 44412,-68506 44413,-68515 44399,-68530 44398,-68535 44404,-68555 44403,-68561 44399,-68565 44394,-68566 44385,-68565 44374,-68559 44372,-68550 44355,-68545 44346,-68554 44333,-68563 44318,-68567 44313,-68566 44308,-68564 44301,-68556 44300,-68539 44290,-68532 44286,-68532 44276,-68529 44265,-68520 44260,-68520 44250,-68530 44241,-68528 44236,-68523 44228,-68525 44229,-68535 44237,-68551 44238,-68551 44248,-68563 44253,-68573 44275,-68603 44275,-68616 44280,-68626 44284,-68628 44286,-68630 44299,-68683 44322,-68726 44328,-68733 44331,-68746 44330,-68762 44327,-68766 44321,-68771 44308,-68795 44312,-68827 44317,-68828 44335,-68825 44350,-68821 44353,-68818 44362,-68815 44375,-68819 44409,-68822 44428,-68815 44435,-68802 44463,-68786 44474,-68784 44471,-68796 44469,-68810 44462,-68829 44445,-68859 44428,-68880 44431,-68886 44438,-68891 44443,-68893 44445,-68892 44451,-68897 44452,-68901 44448,-68927 44439,-68932 44429,-68947 44426,-68982 44415,-68991 44397,-68984 44386,-68979 44381,-68967 44375,-68961 44356,-68948 44324,-68954 44314,-68959 44296,-68979 44295,-69004 44274,-69005 44257,-69017 44249,-69029
MD 38121,-76048 38125,-76057 38127,-76061 38126,-76064 38126,-76065 38120,-76081 38120,-76082 38119,-76085 38118,-76086 38117,-76086 38115,-76089 38114,-76091 38125,-76096 38131,-76091 38132,-76091 38141,-76089 38144,-76090 38145,-76090 38151,-76092 38193,-76089 38204,-76071 38204,-76068 38204,-76067 38204,-76062 38204,-76060 38204,-76059 38204,-76054 38204,-76052 38204,-76051 38204,-76049 38202,-76047 38201,-76046 38198,-76043 38198,-76042 38197,-76042 38196,-76041 38194,-76039 38192,-76037 38184,-76029 38184,-76028 38182,-76027 38182,-76026 38178,-76022 38172,-76022 38171,-76026 38169,-76033 38158,-76034 38149,-76032 38148,-76032 38148,-76031 38133,-76023 38133,-76021 38133,-76020 38132,-76020 38132,-76019 38131,-76018 38132,-76015 38132,-76014 38132,-76012 38122,-76012 38121,-76013 38121,-76015 38120,-76016 38117,-76020 38109,-76021 38108,-76021 38104,-76017 38102,-76015 38095,-76008 38077,-76006 38072,-76012 38072,-76013 38072,-76015 38071,-76023 38077,-76037 38090,-76052 38095,-76058 38096,-76059 38108,-76050 38109,-76047 38109,-76046 38109,-76045 38109,-76044 38110,-76042 38111,-76041 38112,-76040 38114,-76041 38118,-76043 38121,-76048
MD 37953,-75994 37954,-75995 37954,-76006 37954,-76018 37954,-76021 37954,-76022 37954,-76029 37954,-76030 37954,-76038 37954,-76041 37954,-76042 37954,-76046 37954,-76047 37984,-76050 37985,-76050 37986,-76050 37990,-76049 38015,-76049 38026,-76046 38032,-76042 38039,-76021 38040,-76013 38038,-76009 38037,-76005 38025,-75992 38022,-75981 38021,-75977 38021,-75975 38019,-75973 38018,-75972 38016,-75970 38015,-75970 38008,-75970 38006,-75970 38006,-75971 38005,-75980 38005,-75981 38004,-75983 38004,-75984 38003,-75984 38003,-75985 38002,-75985 38000,-75986 37998,-75986 37998,-75987 37992,-75989 37990,-75989 37981,-75992 37975,-75995 37970,-75993 37967,-75992 37960,-75989 37953,-75994
MD 39053,-76439 39052,-76437 39044,-76423 39035,-76407 39034,-76407 39033,-76405 39030,-76403 39023,-76398 39022,-76398 39018,-76396 39016,-76396 39015,-76395 39013,-76395 39012,-76394 39011,-76394 38997,-76412 38995,-76415 38990,-76422 38989,-76422 38988,-76427 38983,-76449 38982,-76449 38979,-76450 38978,-76450 38977,-76452 38975,-76455 38973,-76474 38971,-76474 38967,-76475 38962,-76473 38957,-76471 38949,-76463 38949,-76460 38948,-76458 38948,-76457 38942,-76452 38941,-76450 38940,-76451 38924,-76462 38920,-76460 38917,-76459 38916,-76459 38914,-76458 38907,-76459 38907,-76460 38907,-76461 38907,-76462 38907,-76465 38908,-76469 38912,-76469 38914,-76476 38910,-76494 38904,-76494 38903,-76494 38901,-76494 38900,-76494 38896,-76493 38895,-76491 38892,-76490 38890,-76490 38889,-76490 38887,-76489 38885,-76491 38884,-76491 38882,-76494 38882,-76495 38879,-76498 38872,-76508 38869,-76511 38863,-76519 38851,-76517 38848,-76509 38852,-76499 38853,-76498 38853,-76497 38853,-76496 38849,-76494 38847,-76493 38846,-76492 38845,-76492 38845,-76491 38843,-76490 38839,-76490 38838,-76490 38835,-76491 38835,-76492 38834,-76492 38822,-76497 38820,-76498 38818,-76499 38817,-76499 38812,-76503 38806,-76507 38802,-76509 38801,-76510 38801,-76511 38799,-76514 38799,-76516 38796,-76523 38795,-76525 38794,-76525 38794,-76526 38792,-76527 38791,-76527 38788,-76527 38787,-76527 38786,-76528 38781,-76532 38780,-76534 38778,-76535 38778,-76536 38777,-76537 38776,-76539 38775,-76543 38774,-76544 38770,-76554 38770,-76555 38767,-76560 38766,-76560 38758,-76559 38745,-76558 38744,-76557 38738,-76554 38735,-76553 38735,-76552 38728,-76545 38728,-76544 38728,-76543 38728,-76542 38728,-76540 38728,-76530 38728,-76529 38727,-76527 38724,-76527 38714,-76529 38712,-76530 38708,-76531 38707,-76531 38700,-76532 38700,-76533 38698,-76533 38684,-76532 38680,-76532 38678,-76532 38677,-76532 38670,-76530 38659,-76528 38658,-76527 38648,-76525 38646,-76525 38645,-76524 38634,-76518 38632,-76517 38629,-76516 38616,-76511 38610,-76512 38609,-76513 38598,-76515 38593,-76516 38590,-76516 38556,-76515 38554,-76515 38553,-76516 38539,-76518 38529,-76516 38528,-76515 38508,-76507 38507,-76507 38505,-76506 38494,-76499 38493,-76499 38492,-76498 38483,-76493 38482,-76492 38466,-76473 38464,-76471 38461,-76467 38458,-76464 38456,-76461 38451,-76456 38448,-76456 38446,-76454 38442,-76451 38439,-76445 38437,-76442 38436,-76441 38435,-76439 38433,-76436 38415,-76415 38396,-76403 38389,-76393 38388,-76388 38382,-76386 38363,-76387 38362,-76387 38361,-76387 38359,-76389 38349,-76398 38346,-76401 38345,-76402 38344,-76402 38343,-76403 38341,-76405 38326,-76409 38318,-76406 38311,-76403 38303,-76382 38303,-76381 38302,-76380 38300,-76375 38299,-76375 38297,-76375 38296,-76374 38294,-76377 38289,-76382 38278,-76394 38272,-76397 38267,-76399 38264,-76399 38263,-76399 38259,-76399 38239,-76392 38237,-76392 38218,-76385 38210,-76378 38209,-76378 38204,-76373 38195,-76364 38192,-76362 38189,-76360 38179,-76354 38178,-76354 38177,-76353 38177,-76352 38173,-76348 38168,-76344 38163,-76338 38161,-76336 38155,-76330 38154,-76329 38153,-76328 38151,-76327 38139,-76320 38138,-76320 38134,-76324 38127,-76331 38126,-76332 38123,-76335 38122,-76336 38121,-76337 38120,-76338 38119,-76339 38111,-76337 38101,-76332 38101,-76331 38100,-76331 38099,-76331 38074,-76329 38072,-76329 38071,-76329 38059,-76325 38047,-76321 38043,-76319 38038,-76321 38037,-76322 38045,-76327 38050,-76333 38054,-76341 38054,-76344 38054,-76346 38053,-76351 38053,-76353 38060,-76361 38060,-76362 38061,-76362 38075,-76369 38077,-76370 38078,-76371 38080,-76372 38087,-76378 38090,-76381 38091,-76382 38093,-76384 38094,-76385 38101,-76391 38102,-76392 38103,-76392 38103,-76393 38103,-76394 38104,-76396 38105,-76398 38107,-76405 38107,-76406 38107,-76413 38106,-76414 38106,-76415 38104,-76417 38106,-76421 38107,-76422 38118,-76429 38119,-76430 38122,-76430 38125,-76430 38126,-76430 38136,-76437 38139,-76440 38139,-76459 38139,-76460 38138,-76461 38127,-76466 38119,-76470 38118,-76470 38117,-76470 38116,-76470 38113,-76467 38112,-76467 38111,-76466 38109,-76466 38107,-76465 38106,-76465 38105,-76468 38103,-76473 38104,-76475 38105,-76476 38109,-76478 38110,-76479 38111,-76479 38113,-76480 38116,-76481 38117,-76482 38119,-76484 38121,-76485 38121,-76486 38122,-76486 38128,-76492 38132,-76495 38134,-76497 38135,-76498 38136,-76499 38137,-76500 38138,-76501 38138,-76502 38141,-76509 38141,-76515 38139,-76522 38135,-76529 38134,-76529 38134,-76530 38153,-76540 38165,-76545 38176,-76547 38177,-76548 38178,-76548 38179,-76549 38187,-76553 38198,-76566 38204,-76574 38213,-76589 38214,-76591 38223,-76624 38224,-76626 38224,-76628 38225,-76630 38225,-76632 38226,-76632 38226,-76633 38225,-76644 38225,-76645 38230,-76659 38234,-76673 38234,-76679 38234,-76687 38233,-76713 38233,-76716 38233,-76718 38234,-76720 38235,-76740 38231,-76744 38225,-76749 38222,-76752 38226,-76770 38228,-76779 38229,-76780 38234,-76792 38237,-76797 38250,-76812 38251,-76812 38252,-76812 38252,-76809 38252,-76808 38252,-76806 38253,-76806 38254,-76805 38275,-76803 38281,-76802 38283,-76805 38284,-76805 38285,-76807 38289,-76811 38290,-76811 38293,-76815 38295,-76816 38299,-76821 38300,-76822 38301,-76825 38300,-76834 38298,-76846 38292,-76846 38290,-76842 38290,-76841 38289,-76840 38284,-76839 38274,-76835 38273,-76835 38262,-76838 38255,-76842 38254,-76842 38255,-76843 38255,-76844 38255,-76845 38256,-76846 38256,-76847 38269,-76864 38270,-76866 38277,-76887 38288,-76909 38292,-76921 38311,-76922 38315,-76924 38316,-76925 38318,-76927 38321,-76930 38330,-76942 38333,-76954 38341,-76966 38347,-76975 38363,-76984 38383,-76986 38384,-76987 38386,-76987 38392,-76988 38395,-76988 38396,-76989 38398,-76990 38403,-76994 38407,-76997 38409,-76999 38410,-76999 38419,-77001 38422,-77002 38423,-77003 38430,-77006 38430,-77007 38446,-77016 38446,-77017 38445,-77041 38444,-77042 38444,-77043 38443,-77044 38438,-77053 38437,-77054 38437,-77055 38436,-77057 38435,-77057 38435,-77058 38432,-77063 38425,-77074 38425,-77075 38419,-77081 38415,-77086 38408,-77091 38406,-77107 38407,-77107 38407,-77108 38408,-77109 38409,-77111 38411,-77123 38405,-77126 38402,-77127 38401,-77128 38400,-77128 38400,-77129 38399,-77129 38398,-77130 38393,-77135 38392,-77136 38392,-77137 38390,-77140 38388,-77143 38386,-77148 38378,-77164 38375,-77169 38371,-77177 38369,-77180 38368,-77183 38367,-77183 38367,-77185 38366,-77187 38365,-77189 38361,-77205 38360,-77207 38360,-77208 38362,-77212 38363,-77217 38375,-77236 38383,-77250 38384,-77251 38385,-77251 38390,-77253 38397,-77256 38398,-77257 38409,-77262 38414,-77264 38424,-77261 38428,-77260 38436,-77260 38438,-77261 38448,-77264 38458,-77267 38466,-77269 38481,-77274 38482,-77274 38491,-77271 38512,-77264 38522,-77257 38526,-77255 38539,-77246 38544,-77243 38552,-77238 38552,-77237 38554,-77226 38555,-77221 38569,-77210 38575,-77205 38601,-77184 38604,-77176 38607,-77170 38607,-77168 38607,-77164 38606,-77163 38606,-77162 38606,-77149 38607,-77146 38611,-77136 38614,-77129 38615,-77129 38618,-77126 38619,-77125 38620,-77125 38635,-77130 38650,-77136 38674,-77133 38687,-77121 38697,-77106 38706,-77086 38711,-77075 38734,-77060 38764,-77041 38785,-77039 38792,-77039 38803,-77024 38822,-77001 38859,-76954 38861,-76950 38884,-76920 38885,-76919 38892,-76911 38893,-76909 38918,-76942 38965,-77002 38966,-77003 38970,-77008 38974,-77014 38976,-77016 38992,-77036 38995,-77041 38985,-77054 38949,-77101 38934,-77120 38955,-77138 38965,-77148 38968,-77167 38967,-77198 38971,-77222 38977,-77235 38986,-77250 39002,-77256 39011,-77252 39031,-77261 39045,-77292 39059,-77328 39063,-77340 39061,-77375 39067,-77423 39074,-77458 39121,-77520 39128,-77525 39146,-77527 39171,-77516 39178,-77511 39182,-77505 39186,-77486 39189,-77479 39220,-77459 39225,-77458 39228,-77460 39246,-77485 39254,-77511 39262,-77534 39267,-77543 39272,-77546 39286,-77561 39301,-77593 39318,-77668 39319,-77678 39321,-77719 39322,-77727 39334,-77756 39339,-77761 39344,-77760 39386,-77739 39429,-77765 39490,-77808 39494,-77825 39498,-77845 39516,-77865 39556,-77889 39560,-77886 39568,-77885 39588,-77903 39585,-77946 39603,-78010 39620,-78023 39636,-78036 39667,-78075 39682,-78108 39690,-78143 39696,-78177 39695,-78183 39690,-78191 39663,-78224 39620,-78271 39620,-78283 39631,-78313 39636,-78334 39641,-78355 39623,-78430 39587,-78457 39581,-78458 39574,-78454 39571,-78450 39561,-78432 39539,-78437 39517,-78469 39519,-78566 39535,-78656 39535,-78657 39541,-78676 39546,-78689 39582,-78760 39587,-78767 39594,-78772 39600,-78769 39610,-78760 39627,-78787 39590,-78825 39523,-78875 39442,-78969 39466,-79026 39479,-79042 39475,-79067 39471,-79084 39380,-79202 39368,-79213 39356,-79257 39340,-79280 39272,-79379 39250,-79403 39206,-79487 39265,-79486 39278,-79487 39280,-79488 39521,-79483 39525,-79482 39532,-79479 39721,-79477 39721,-79392 39723,-78931 39723,-78808 39723,-78381 39723,-78343 39723,-78340 39722,-78337 39723,-78331 39723,-78269 39722,-78243 39722,-78240 39723,-78204 39722,-78203 39722,-78099 39722,-78076 39722,-78074 39721,-77769 39721,-77743 39721,-77733 39721,-77724 39721,-77675 39721,-77672 39720,-77535 39720,-77533 39720,-77469 39720,-77459 39720,-77243 39720,-77240 39720,-77217 39720,-77059 39720,-77058 39720,-77047 39720,-76999 39720,-76898 39720,-76890 39721,-76809 39721,-76806 39721,-76787 39721,-76716 39721,-76712 39721,-76569 39721,-76517 39721,-76492 39721,-76419 39721,-76396 39721,-76381 39721,-76380 39721,-76240 39721,-76233 39721,-76224 39722,-76136 39722,-76028 39722,-76013 39722,-75810 39722,-75800 39722,-75788 39700,-75788 39682,-75789 39681,-75789 39637,-75787 39631,-75787 39537,-75779 39535,-75779 39378,-75767 39377,-75767 39297,-75760 39246,-75756 39143,-75748 39120,-75746 39115,-75746 38869,-75726 38868,-75726 38848,-75724 38847,-75724 38833,-75723 38830,-75723 38822,-75722 38635,-75707 38626,-75707 38621,-75706 38616,-75706 38615,-75706 38592,-75704 38585,-75703 38561,-75702 38559,-75701 38543,-75700 38522,-75699 38496,-75697 38492,-75696 38460,-75694 38459,-75666 38459,-75663 38458,-75630 38457,-75598 38456,-75593 38456,-75589 38456,-75584 38456,-75574 38456,-75560 38456,-75559 38455,-75534 38455,-75523 38455,-75521 38454,-75503 38454,-75500 38454,-75479 38453,-75429 38453,-75425 38452,-75411 38452,-75395 38452,-75394 38452,-75371 38452,-75356 38452,-75341 38451,-75260 38451,-75253 38451,-75185 38451,-75142 38451,-75090 38451,-75088 38451,-75086 38451,-75070 38451,-75066 38451,-75053 38451,-75049 38449,-75049 38448,-75049 38447,-75050 38432,-75052 38431,-75052 38430,-75052 38429,-75052 38428,-75052 38428,-75053 38427,-75053 38426,-75053 38424,-75053 38423,-75053 38415,-75055 38410,-75056 38409,-75056 38405,-75057 38389,-75061 38369,-75068 38368,-75068 38367,-75069 38363,-75070 38359,-75071 38358,-75072 38356,-75072 38355,-75072 38352,-75074 38350,-75075 38328,-75084 38325,-75085 38324,-75085 38324,-75086 38323,-75087 38323,-75092 38323,-75094 38312,-75103 38309,-75104 38274,-75117 38220,-75143 38193,-75155 38184,-75159 38176,-75162 38130,-75177 38127,-75179 38098,-75193 38096,-75194 38094,-75195 38079,-75205 38077,-75207 38062,-75216 38051,-75224 38047,-75228 38036,-75236 38035,-75236 38033,-75238 38028,-75242 38027,-75242 38026,-75250 38026,-75256 38026,-75261 38025,-75262 38025,-75264 38015,-75378 38013,-75399 38011,-75429 38010,-75436 37994,-75624 37992,-75626 37989,-75630 37984,-75636 37979,-75640 37975,-75645 37974,-75645 37973,-75646 37973,-75647 37959,-75661 37951,-75670 37956,-75665 37961,-75663 37962,-75665 37965,-75669 37967,-75672 37968,-75686 37968,-75687 37975,-75708 37977,-75713 37973,-75722 37971,-75723 37970,-75725 37969,-75725 37967,-75728 37965,-75735 37964,-75738 37969,-75750 37971,-75759 37972,-75777 37972,-75779 37973,-75783 37973,-75784 37972,-75785 37971,-75785 37969,-75788 37968,-75790 37956,-75806 37956,-75807 37955,-75808 37947,-75819 37945,-75821 37944,-75823 37943,-75824 37939,-75830 37938,-75830 37935,-75832 37933,-75832 37933,-75833 37927,-75844 37926,-75846 37926,-75847 37925,-75847 37925,-75848 37924,-75849 37918,-75861 37913,-75882 37912,-75884 37912,-75885 37917,-75893 37921,-75896 37922,-75896 37925,-75898 37931,-75894 37934,-75894 37940,-75893 37955,-75891 37975,-75899 38003,-75883 38012,-75875 38028,-75875 38034,-75873 38035,-75870 38036,-75866 38037,-75865 38038,-75859 38039,-75858 38039,-75857 38038,-75855 38037,-75853 38037,-75851 38036,-75850 38034,-75850 38034,-75848 38040,-75836 38041,-75835 38041,-75834 38041,-75833 38043,-75830 38043,-75829 38046,-75826 38059,-75813 38060,-75813 38067,-75819 38067,-75820 38069,-75830 38069,-75831 38070,-75833 38071,-75840 38072,-75841 38072,-75844 38071,-75847 38070,-75852 38067,-75859 38066,-75860 38064,-75860 38063,-75859 38062,-75859 38061,-75859 38060,-75859 38060,-75861 38060,-75862 38059,-75866 38059,-75867 38059,-75868 38059,-75869 38059,-75872 38060,-75874 38075,-75881 38089,-75871 38091,-75870 38098,-75866 38099,-75865 38101,-75864 38113,-75843 38114,-75838 38114,-75837 38115,-75837 38133,-75828 38145,-75844 38144,-75850 38143,-75855 38141,-75859 38141,-75860 38135,-75866 38134,-75869 38135,-75870 38135,-75871 38137,-75881 38141,-75900 38141,-75901 38140,-75902 38140,-75903 38139,-75906 38138,-75906 38138,-75907 38130,-75924 38126,-75933 38124,-75937 38123,-75937 38122,-75937 38117,-75937 38110,-75937 38110,-75938 38113,-75945 38118,-75950 38131,-75956 38136,-75959 38137,-75959 38137,-75960 38159,-75952 38161,-75951 38162,-75951 38164,-75950 38168,-75948 38169,-75947 38171,-75947 38172,-75948 38172,-75949 38176,-75952 38177,-75952 38178,-75952 38180,-75950 38180,-75949 38181,-75949 38183,-75947 38184,-75945 38187,-75942 38187,-75941 38190,-75934 38204,-75888 38203,-75886 38200,-75885 38198,-75878 38198,-75877 38200,-75871 38200,-75868 38201,-75864 38202,-75862 38205,-75857 38206,-75854 38207,-75852 38209,-75848 38210,-75847 38210,-75846 38226,-75851 38227,-75852 38233,-75859 38238,-75865 38243,-75870 38244,-75872 38245,-75875 38244,-75883 38243,-75885 38242,-75887 38241,-75889 38239,-75889 38231,-75886 38228,-75891 38228,-75895 38229,-75896 38232,-75900 38233,-75901 38234,-75901 38242,-75906 38247,-75908 38252,-75908 38258,-75911 38263,-75917 38264,-75919 38264,-75920 38267,-75925 38272,-75939 38272,-75940 38271,-75942 38271,-75943 38268,-75948 38267,-75951 38267,-75952 38264,-75954 38264,-75955 38261,-75955 38254,-75955 38253,-75955 38250,-75950 38249,-75949 38249,-75948 38249,-75946 38249,-75945 38248,-75943 38248,-75942 38247,-75941 38246,-75941 38244,-75943 38239,-75946 38239,-75948 38238,-75951 38237,-75955 38237,-75956 38236,-75958 38236,-75959 38236,-75962 38235,-75962 38235,-75963 38234,-75971 38233,-75971 38233,-75972 38235,-75970 38236,-75969 38241,-75965 38241,-75964 38242,-75964 38248,-75962 38252,-75963 38265,-75984 38276,-75986 38279,-75988 38281,-75989 38283,-75990 38284,-75991 38285,-75992 38286,-75993 38287,-75993 38295,-76000 38300,-76004 38304,-76007 38306,-76011 38307,-76016 38308,-76017 38309,-76017 38312,-76009 38314,-75991 38314,-75990 38315,-75986 38315,-75985 38315,-75984 38315,-75983 38315,-75981 38320,-75970 38320,-75969 38324,-75964 38333,-75962 38336,-75962 38341,-75962 38348,-75965 38351,-75966 38356,-75969 38360,-75971 38361,-75972 38362,-75972 38363,-75972 38366,-75974 38368,-75980 38368,-75981 38372,-75996 38374,-76002 38372,-76005 38370,-76007 38361,-76012 38357,-76012 38355,-76011 38354,-76011 38353,-76010 38332,-76017 38323,-76034 38322,-76041 38322,-76042 38321,-76043 38320,-76044 38319,-76045 38318,-76046 38317,-76046 38314,-76047 38313,-76048 38312,-76049 38311,-76049 38310,-76049 38310,-76050 38309,-76050 38304,-76050 38302,-76047 38296,-76040 38288,-76031 38282,-76028 38280,-76028 38280,-76027 38269,-76033 38268,-76033 38267,-76034 38266,-76034 38255,-76039 38254,-76040 38250,-76044 38249,-76044 38243,-76044 38242,-76044 38241,-76044 38234,-76038 38232,-76037 38231,-76036 38222,-76033 38217,-76032 38227,-76058 38238,-76070 38242,-76071 38243,-76071 38249,-76073 38249,-76074 38251,-76074 38251,-76075 38252,-76075 38253,-76082 38253,-76083 38253,-76090 38253,-76092 38253,-76093 38253,-76095 38254,-76100 38263,-76108 38277,-76103 38287,-76111 38284,-76127 38283,-76131 38282,-76137 38281,-76138 38281,-76139 38282,-76141 38283,-76143 38285,-76149 38285,-76150 38291,-76160 38291,-76161 38290,-76166 38285,-76173 38285,-76174 38284,-76174 38284,-76175 38277,-76180 38273,-76179 38270,-76178 38262,-76176 38257,-76171 38250,-76164 38249,-76163 38250,-76146 38246,-76135 38245,-76133 38244,-76131 38243,-76127 38242,-76126 38239,-76126 38238,-76126 38236,-76128 38235,-76129 38233,-76131 38231,-76140 38234,-76151 38247,-76173 38267,-76189 38272,-76190 38273,-76190 38277,-76191 38285,-76197 38286,-76198 38291,-76202 38292,-76202 38292,-76203 38293,-76203 38293,-76204 38303,-76211 38305,-76216 38306,-76218 38310,-76226 38310,-76244 38315,-76254 38318,-76258 38340,-76267 38346,-76264 38342,-76259 38342,-76258 38348,-76238 38349,-76239 38350,-76239 38351,-76239 38351,-76240 38352,-76240 38353,-76240 38361,-76247 38363,-76249 38364,-76250 38367,-76257 38367,-76258 38366,-76273 38383,-76279 38389,-76281 38390,-76281 38391,-76281 38391,-76282 38393,-76282 38403,-76281 38414,-76283 38424,-76291 38438,-76300 38440,-76301 38450,-76312 38460,-76321 38473,-76331 38474,-76332 38475,-76332 38492,-76336 38500,-76327 38498,-76318 38504,-76290 38504,-76284 38502,-76282 38503,-76264 38505,-76262 38506,-76260 38523,-76248 38524,-76247 38537,-76244 38539,-76249 38539,-76250 38539,-76251 38539,-76254 38531,-76274 38532,-76278 38536,-76281 38542,-76277 38549,-76276 38557,-76280 38561,-76283 38562,-76284 38568,-76289 38569,-76290 38569,-76291 38570,-76296 38570,-76299 38572,-76308 38575,-76305 38582,-76292 38583,-76291 38591,-76273 38598,-76269 38602,-76273 38604,-76275 38605,-76275 38605,-76276 38610,-76280 38611,-76278 38612,-76277 38616,-76272 38615,-76264 38616,-76263 38617,-76261 38618,-76260 38622,-76254 38625,-76248 38626,-76247 38629,-76237 38627,-76236 38624,-76235 38614,-76231 38613,-76229 38611,-76223 38610,-76221 38607,-76212 38611,-76203 38613,-76203 38621,-76191 38629,-76175 38629,-76170 38625,-76160 38632,-76153 38637,-76147 38638,-76148 38639,-76148 38640,-76149 38641,-76149 38642,-76149 38650,-76153 38651,-76153 38653,-76153 38653,-76154 38654,-76154 38655,-76155 38656,-76155 38658,-76156 38662,-76161 38665,-76164 38668,-76169 38673,-76175 38673,-76197 38671,-76200 38682,-76213 38698,-76226 38702,-76229 38704,-76231 38705,-76232 38705,-76233 38706,-76233 38707,-76234 38708,-76234 38708,-76235 38712,-76238 38713,-76239 38717,-76239 38720,-76240 38725,-76237 38735,-76239 38736,-76255 38735,-76257 38734,-76258 38734,-76259 38733,-76259 38733,-76260 38732,-76261 38731,-76262 38726,-76268 38726,-76269 38725,-76269 38725,-76270 38724,-76270 38716,-76271 38714,-76271 38714,-76272 38713,-76272 38713,-76275 38718,-76298 38719,-76299 38723,-76297 38724,-76296 38726,-76298 38727,-76299 38731,-76313 38730,-76316 38724,-76322 38723,-76322 38723,-76323 38722,-76323 38722,-76324 38719,-76326 38718,-76327 38717,-76328 38715,-76330 38713,-76331 38709,-76333 38707,-76333 38705,-76334 38704,-76334 38703,-76334 38701,-76332 38690,-76322 38689,-76322 38679,-76322 38672,-76339 38671,-76340 38677,-76343 38678,-76344 38679,-76344 38686,-76348 38704,-76345 38706,-76345 38730,-76341 38731,-76341 38732,-76341 38733,-76341 38734,-76341 38735,-76341 38736,-76341 38746,-76341 38752,-76341 38773,-76335 38773,-76334 38776,-76330 38779,-76324 38781,-76323 38793,-76313 38796,-76311 38797,-76310 38813,-76309 38814,-76308 38815,-76308 38816,-76307 38825,-76302 38826,-76301 38828,-76299 38828,-76298 38828,-76297 38828,-76296 38828,-76295 38828,-76294 38828,-76292 38827,-76288 38829,-76285 38831,-76278 38831,-76277 38835,-76278 38836,-76278 38845,-76274 38852,-76272 38852,-76267 38852,-76266 38852,-76264 38848,-76266 38847,-76266 38842,-76262 38835,-76257 38833,-76256 38833,-76255 38825,-76250 38822,-76246 38820,-76239 38816,-76229 38816,-76228 38813,-76221 38812,-76219 38814,-76198 38816,-76197 38817,-76196 38819,-76195 38822,-76193 38823,-76193 38824,-76193 38825,-76193 38830,-76191 38833,-76193 38834,-76193 38844,-76198 38851,-76200 38855,-76201 38863,-76203 38865,-76202 38883,-76200 38893,-76205 38906,-76205 38916,-76204 38917,-76204 38928,-76204 38932,-76208 38937,-76214 38941,-76228 38943,-76232 38942,-76234 38942,-76235 38939,-76250 38928,-76251 38926,-76250 38926,-76249 38925,-76249 38924,-76248 38922,-76249 38921,-76249 38921,-76250 38919,-76256 38919,-76258 38920,-76262 38925,-76265 38930,-76265 38931,-76266 38932,-76266 38936,-76269 38939,-76271 38940,-76272 38942,-76273 38940,-76276 38935,-76284 38933,-76289 38931,-76291 38929,-76296 38922,-76298 38919,-76299 38917,-76298 38910,-76294 38909,-76294 38905,-76293 38904,-76293 38903,-76293 38898,-76308 38911,-76318 38911,-76319 38911,-76323 38911,-76324 38906,-76336 38902,-76337 38901,-76337 38900,-76337 38899,-76337 38895,-76338 38893,-76338 38892,-76339 38891,-76338 38889,-76337 38888,-76337 38888,-76336 38887,-76336 38886,-76335 38878,-76334 38875,-76333 38872,-76333 38865,-76331 38864,-76331 38860,-76334 38858,-76338 38857,-76338 38856,-76340 38856,-76341 38857,-76349 38857,-76350 38854,-76356 38853,-76360 38852,-76361 38840,-76367 38836,-76368 38838,-76373 38839,-76373 38839,-76375 38840,-76375 38842,-76375 38843,-76375 38849,-76376 38850,-76376 38851,-76376 38858,-76373 38868,-76368 38868,-76367 38874,-76365 38893,-76365 38898,-76365 38907,-76366 38912,-76365 38915,-76365 38917,-76365 38937,-76362 38939,-76362 38944,-76360 38948,-76358 38955,-76355 38957,-76354 38960,-76352 38971,-76344 38985,-76334 38988,-76331 38999,-76323 39000,-76323 39005,-76322 39006,-76322 39009,-76324 39013,-76323 39023,-76320 39035,-76312 39040,-76302 39038,-76302 39036,-76302 39032,-76301 39026,-76303 39025,-76303 39004,-76294 39001,-76292 38998,-76289 38994,-76286 38992,-76285 38990,-76283 38986,-76280 38983,-76278 38982,-76277 38983,-76276 38984,-76259 38981,-76246 38981,-76244 38978,-76230 38978,-76229 38977,-76229 38971,-76219 38973,-76202 38984,-76187 38987,-76182 38988,-76181 38997,-76168 39000,-76164 39002,-76164 39010,-76164 39018,-76168 39026,-76173 39027,-76175 39031,-76178 39032,-76178 39046,-76184 39053,-76179 39056,-76177 39059,-76175 39063,-76169 39065,-76159 39069,-76157 39075,-76153 39079,-76151 39093,-76145 39094,-76158 39095,-76167 39095,-76169 39095,-76170 39096,-76184 39093,-76190 39090,-76195 39086,-76203 39085,-76204 39080,-76205 39072,-76208 39064,-76210 39063,-76210 39057,-76211 39048,-76212 39042,-76213 39041,-76213 39039,-76212 39037,-76212 39033,-76210 39030,-76210 39029,-76210 39025,-76209 39025,-76208 39023,-76207 39021,-76206 39015,-76201 39014,-76201 39014,-76202 39010,-76209 39013,-76217 39015,-76221 39015,-76224 39019,-76232 39027,-76240 39028,-76242 39029,-76243 39040,-76241 39042,-76239 39045,-76237 39046,-76237 39061,-76231 39072,-76231 39083,-76232 39091,-76233 39107,-76241 39116,-76245 39134,-76253 39143,-76260 39143,-76261 39144,-76264 39144,-76267 39144,-76268 39145,-76275 39146,-76277 39146,-76279 39154,-76277 39160,-76276 39165,-76275 39166,-76274 39175,-76269 39177,-76269 39180,-76267 39181,-76267 39192,-76256 39199,-76251 39203,-76249 39232,-76233 39233,-76232 39246,-76226 39259,-76220 39262,-76219 39263,-76218 39264,-76218 39270,-76211 39270,-76203 39279,-76193 39280,-76191 39282,-76190 39285,-76186 39292,-76181 39299,-76178 39303,-76177 39306,-76177 39307,-76177 39310,-76179 39312,-76186 39315,-76187 39318,-76186 39319,-76186 39332,-76171 39332,-76170 39332,-76169 39333,-76168 39336,-76160 39336,-76157 39335,-76153 39334,-76146 39340,-76133 39342,-76135 39344,-76137 39351,-76135 39354,-76130 39361,-76117 39361,-76116 39362,-76116 39367,-76113 39372,-76111 39372,-76109 39372,-76108 39371,-76075 39371,-76066 39371,-76062 39371,-76059 39371,-76058 39371,-76054 39371,-76050 39367,-76033 39367,-76032 39366,-76030 39362,-76023 39363,-76019 39366,-76007 39368,-76002 39376,-76002 39385,-76003 39385,-76007 39386,-76022 39386,-76035 39386,-76036 39388,-76039 39388,-76040 39394,-76041 39395,-76041 39402,-76035 39408,-76019 39408,-76018 39408,-76017 39409,-76016 39411,-76013 39413,-76010 39415,-76007 39421,-76003 39428,-75999 39430,-75997 39431,-75997 39432,-75993 39432,-75992 39433,-75989 39435,-75983 39443,-75978 39445,-75977 39446,-75977 39448,-75977 39459,-75990 39458,-75992 39458,-75994 39457,-75998 39450,-76002 39450,-76003 39449,-76009 39449,-76010 39453,-76012 39454,-76012 39457,-76010 39470,-76003 39477,-75997 39483,-75995 39489,-75994 39491,-75993 39510,-75986 39512,-75985 39522,-75980 39530,-75976 39531,-75975 39532,-75974 39539,-75967 39545,-75967 39548,-75967 39549,-75967 39550,-75967 39558,-75970 39563,-75993 39560,-76000 39558,-76001 39556,-76003 39555,-76003 39554,-76004 39551,-76006 39550,-76006 39549,-76030 39548,-76047 39547,-76063 39547,-76064 39543,-76076 39537,-76096 39524,-76103 39519,-76106 39518,-76106 39517,-76106 39516,-76107 39507,-76112 39497,-76117 39496,-76117 39489,-76115 39487,-76114 39482,-76109 39479,-76105 39477,-76100 39476,-76098 39478,-76083 39477,-76082 39475,-76073 39475,-76072 39471,-76070 39458,-76064 39455,-76062 39452,-76061 39451,-76061 39448,-76061 39437,-76081 39438,-76083 39437,-76094 39436,-76102 39430,-76113 39429,-76115 39428,-76117 39427,-76117 39422,-76121 39421,-76122 39415,-76132 39408,-76142 39405,-76146 39405,-76147 39406,-76150 39406,-76151 39406,-76152 39406,-76157 39406,-76159 39393,-76171 39392,-76171 39392,-76172 39386,-76175 39385,-76176 39378,-76180 39366,-76199 39364,-76202 39350,-76227 39350,-76228 39351,-76230 39352,-76234 39353,-76235 39354,-76235 39355,-76236 39356,-76237 39358,-76238 39361,-76240 39362,-76241 39362,-76243 39362,-76244 39362,-76245 39361,-76250 39353,-76266 39350,-76265 39349,-76263 39346,-76258 39337,-76254 39335,-76262 39334,-76263 39334,-76264 39332,-76266 39326,-76273 39323,-76276 39319,-76278 39318,-76278 39317,-76278 39312,-76281 39308,-76281 39305,-76281 39304,-76281 39302,-76282 39302,-76297 39302,-76298 39318,-76291 39329,-76299 39334,-76299 39339,-76299 39340,-76299 39342,-76298 39346,-76296 39347,-76295 39350,-76296 39352,-76302 39355,-76311 39356,-76311 39356,-76312 39356,-76313 39356,-76314 39357,-76323 39357,-76324 39356,-76330 39354,-76341 39350,-76340 39338,-76335 39335,-76334 39334,-76334 39326,-76339 39325,-76340 39320,-76334 39314,-76328 39306,-76338 39304,-76340 39303,-76341 39311,-76353 39312,-76355 39312,-76364 39311,-76366 39299,-76381 39286,-76383 39284,-76383 39281,-76384 39276,-76385 39269,-76395 39262,-76400 39260,-76401 39259,-76402 39258,-76402 39249,-76387 39250,-76381 39247,-76382 39243,-76384 39242,-76385 39235,-76389 39235,-76390 39232,-76394 39231,-76394 39229,-76398 39229,-76399 39220,-76418 39219,-76418 39217,-76419 39206,-76425 39196,-76441 39195,-76442 39198,-76448 39205,-76462 39206,-76463 39206,-76471 39205,-76480 39204,-76482 39203,-76486 39202,-76489 39202,-76490 39203,-76491 39205,-76498 39208,-76500 39209,-76501 39223,-76520 39224,-76521 39223,-76521 39217,-76529 39217,-76530 39213,-76534 39212,-76535 39211,-76536 39208,-76533 39207,-76533 39205,-76535 39204,-76535 39191,-76534 39178,-76526 39178,-76525 39177,-76524 39175,-76520 39175,-76519 39171,-76512 39169,-76508 39161,-76501 39164,-76484 39161,-76476 39159,-76475 39158,-76474 39155,-76471 39153,-76469 39147,-76459 39147,-76458 39144,-76453 39137,-76440 39133,-76431 39132,-76430 39132,-76429 39127,-76432 39121,-76433 39113,-76433 39097,-76427 39096,-76427 39095,-76426 39094,-76426 39086,-76424 39086,-76423 39085,-76423 39084,-76423 39082,-76422 39081,-76422 39074,-76423 39062,-76432 39053,-76439
MA 41472,-70596 41468,-70575 41471,-70567 41469,-70563 41453,-70553 41443,-70553 41431,-70556 41424,-70553 41416,-70548 41409,-70538 41405,-70529 41404,-70518 41400,-70507 41392,-70502 41385,-70501 41384,-70499 41384,-70491 41386,-70485 41399,-70473 41409,-70473 41413,-70471 41419,-70464 41421,-70450 41396,-70446 41380,-70449 41354,-70448 41348,-70451 41346,-70496 41349,-70538 41349,-70599 41342,-70710 41336,-70733 41330,-70748 41319,-70764 41312,-70768 41309,-70766 41304,-70769 41301,-70776 41314,-70802 41327,-70819 41347,-70839 41353,-70834 41356,-70812 41354,-70800 41348,-70783 41349,-70775 41353,-70769 41398,-70729 41399,-70724 41409,-70712 41415,-70711 41431,-70701 41441,-70687 41461,-70649 41482,-70604 41481,-70598 41472,-70596
MA 41298,-70092 41299,-70082 41309,-70063 41322,-70046 41339,-70031 41360,-70029 41367,-70031 41372,-70035 41376,-70038 41384,-70046 41388,-70050 41392,-70049 41386,-70034 41369,-70018 41279,-69960 41265,-69960 41255,-69964 41252,-69966 41247,-69975 41239,-70002 41238,-70015 41243,-70053 41244,-70083 41241,-70097 41242,-70119 41256,-70171 41283,-70237 41288,-70256 41294,-70267 41302,-70273 41310,-70276 41310,-70261 41306,-70249 41303,-70244 41295,-70240 41290,-70230 41290,-70209 41295,-70196 41294,-70124 41298,-70092
MA 42031,-72199 42033,-72397 42035,-72509 42037,-72696 42037,-72714 42036,-72756 42021,-72757 42021,-72758 42008,-72766 42003,-72767 42002,-72775 41998,-72817 42036,-72814 42038,-72864 42039,-73009 42040,-73053 42042,-73127 42045,-73230 42045,-73231 42047,-73293 42047,-73294 42050,-73487 42050,-73497 42086,-73508 42352,-73411 42510,-73353 42633,-73307 42746,-73265 42744,-73142 42741,-73023 42741,-73019 42739,-72930 42739,-72927 42737,-72864 42727,-72459 42727,-72451 42726,-72412 42722,-72283 42717,-72111 42716,-72078 42712,-71929 42711,-71899 42709,-71805 42708,-71773 42705,-71636 42705,-71632 42703,-71543 42697,-71294 42734,-71255 42743,-71246 42743,-71208 42738,-71182 42791,-71186 42809,-71166 42815,-71150 42828,-71114 42847,-71058 42854,-71038 42865,-70997 42884,-70932 42885,-70931 42887,-70915 42887,-70903 42883,-70886 42861,-70849 42872,-70817 42851,-70818 42782,-70805 42747,-70793 42711,-70772 42705,-70770 42699,-70779 42694,-70779 42686,-70764 42684,-70749 42682,-70744 42670,-70730 42664,-70729 42653,-70689 42655,-70683 42662,-70682 42678,-70664 42689,-70645 42693,-70630 42688,-70620 42676,-70623 42665,-70624 42661,-70623 42658,-70615 42660,-70595 42649,-70592 42640,-70591 42635,-70594 42635,-70606 42629,-70618 42600,-70636 42582,-70655 42580,-70665 42582,-70668 42585,-70668 42590,-70668 42592,-70670 42594,-70673 42595,-70676 42594,-70679 42593,-70681 42589,-70685 42577,-70699 42572,-70730 42577,-70737 42570,-70757 42562,-70804 42554,-70815 42551,-70823 42550,-70848 42546,-70871 42543,-70872 42523,-70866 42520,-70860 42521,-70857 42519,-70842 42504,-70831 42490,-70836 42488,-70842 42491,-70847 42490,-70858 42479,-70880 42470,-70886 42467,-70888 42465,-70887 42461,-70894 42467,-70908 42468,-70918 42467,-70922 42458,-70935 42445,-70934 42438,-70933 42431,-70928 42428,-70913 42425,-70908 42420,-70902 42416,-70906 42418,-70936 42436,-70943 42452,-70944 42456,-70947 42446,-70960 42444,-70961 42441,-70961 42424,-70983 42417,-70988 42407,-70991 42403,-70989 42402,-70985 42396,-70983 42392,-70980 42390,-70973 42388,-70970 42387,-70972 42385,-70973 42382,-70973 42377,-70972 42361,-70961 42350,-70953 42344,-70953 42347,-70964 42354,-70972 42356,-70975 42356,-70980 42356,-70982 42353,-70998 42347,-71007 42339,-71010 42335,-71012 42326,-71016 42315,-71013 42307,-71005 42302,-71001 42288,-71006 42283,-71005 42271,-70996 42267,-70989 42268,-70967 42273,-70949 42269,-70946 42264,-70936 42263,-70923 42265,-70911 42272,-70906 42285,-70896 42292,-70896 42296,-70897 42302,-70916 42306,-70917 42308,-70908 42309,-70883 42301,-70881 42286,-70871 42276,-70862 42268,-70851 42267,-70831 42266,-70825 42263,-70812 42254,-70789 42252,-70781 42249,-70771 42244,-70765 42229,-70754 42222,-70747 42211,-70731 42208,-70722 42185,-70719 42169,-70714 42163,-70706 42133,-70685 42108,-70664 42089,-70640 42082,-70638 42076,-70647 42068,-70648 42051,-70643 42046,-70644 42046,-70651 42037,-70669 42021,-70672 42012,-70668 42008,-70671 42006,-70679 42013,-70687 42013,-70696 42008,-70712 42000,-70710 41987,-70699 41961,-70662 41959,-70652 41962,-70648 41950,-70631 41943,-70624 41940,-70616 41941,-70608 41948,-70598 41950,-70584 41930,-70553 41917,-70546 41912,-70547 41907,-70546 41890,-70532 41859,-70526 41839,-70535 41831,-70542 41824,-70543 41816,-70541 41811,-70537 41806,-70534 41806,-70533 41805,-70533 41798,-70525 41792,-70518 41791,-70518 41791,-70517 41790,-70517 41790,-70516 41789,-70515 41789,-70514 41774,-70494 41773,-70493 41768,-70483 41767,-70482 41763,-70474 41763,-70473 41762,-70472 41758,-70459 41745,-70414 41744,-70412 41739,-70377 41739,-70375 41736,-70318 41736,-70315 41734,-70291 41733,-70288 41727,-70277 41726,-70275 41724,-70274 41721,-70272 41714,-70264 41714,-70263 41714,-70261 41714,-70259 41716,-70256 41719,-70253 41720,-70252 41721,-70251 41723,-70248 41724,-70247 41732,-70237 41734,-70235 41738,-70226 41738,-70225 41739,-70224 41741,-70221 41743,-70217 41743,-70216 41749,-70198 41751,-70193 41752,-70189 41751,-70182 41752,-70177 41756,-70159 41760,-70144 41760,-70143 41760,-70142 41760,-70140 41760,-70136 41759,-70129 41759,-70124 41759,-70122 41761,-70116 41761,-70115 41763,-70109 41766,-70098 41766,-70097 41767,-70096 41768,-70086 41769,-70082 41772,-70068 41773,-70065 41773,-70064 41774,-70061 41784,-70034 41784,-70033 41787,-70025 41789,-70023 41789,-70022 41800,-70010 41800,-70009 41801,-70008 41809,-70004 41839,-70004 41877,-70009 41887,-70000 41890,-70003 41892,-70012 41899,-70024 41912,-70026 41929,-70031 41930,-70045 41927,-70054 41912,-70066 41900,-70066 41888,-70065 41879,-70064 41877,-70066 41878,-70068 41883,-70071 41900,-70073 41939,-70074 41985,-70077 42012,-70084 42025,-70090 42033,-70096 42044,-70108 42052,-70123 42062,-70147 42062,-70148 42062,-70155 42060,-70170 42056,-70178 42050,-70187 42039,-70194 42034,-70195 42028,-70193 42021,-70186 42020,-70187 42020,-70191 42022,-70197 42031,-70208 42046,-70219 42058,-70233 42060,-70239 42061,-70244 42064,-70245 42073,-70238 42079,-70226 42082,-70207 42082,-70189 42079,-70160 42077,-70154 42068,-70116 42055,-70083 42040,-70059 42019,-70035 42018,-70034 42015,-70031 42013,-70030 42012,-70029 41995,-70016 41993,-70014 41992,-70014 41990,-70012 41988,-70011 41980,-70006 41980,-70005 41978,-70005 41978,-70004 41950,-69986 41949,-69986 41912,-69969 41845,-69945 41809,-69936 41741,-69929 41698,-69928 41694,-69928 41692,-69928 41690,-69929 41687,-69929 41686,-69929 41680,-69931 41670,-69933 41668,-69934 41654,-69943 41652,-69943 41645,-69948 41641,-69951 41641,-69952 41640,-69953 41640,-69954 41640,-69957 41639,-69958 41634,-69963 41628,-69968 41604,-69976 41582,-69983 41555,-69988 41554,-69988 41545,-69997 41544,-69998 41543,-69999 41542,-70004 41542,-70005 41543,-70011 41543,-70012 41546,-70014 41551,-70017 41553,-70015 41553,-70012 41553,-70011 41555,-70009 41562,-70002 41562,-70001 41563,-70001 41564,-70001 41577,-69994 41589,-69992 41609,-69987 41618,-69983 41624,-69980 41631,-69977 41632,-69977 41633,-69977 41635,-69976 41636,-69975 41641,-69973 41647,-69973 41654,-69976 41663,-69991 41664,-69991 41667,-69996 41667,-69997 41670,-70003 41672,-70007 41672,-70014 41672,-70016 41670,-70021 41668,-70029 41667,-70037 41667,-70038 41665,-70056 41663,-70089 41655,-70120 41655,-70121 41655,-70123 41652,-70135 41651,-70140 41650,-70141 41650,-70143 41650,-70146 41650,-70147 41650,-70148 41650,-70159 41645,-70191 41628,-70246 41621,-70256 41618,-70255 41611,-70260 41609,-70265 41611,-70268 41618,-70270 41626,-70269 41633,-70275 41635,-70281 41635,-70291 41631,-70322 41635,-70330 41636,-70338 41635,-70352 41631,-70360 41627,-70365 41624,-70365 41616,-70370 41611,-70379 41606,-70401 41607,-70409 41607,-70414 41605,-70437 41604,-70438 41600,-70441 41597,-70442 41593,-70444 41592,-70445 41590,-70447 41585,-70450 41578,-70456 41577,-70457 41572,-70461 41571,-70462 41562,-70473 41561,-70473 41559,-70476 41558,-70476 41555,-70483 41554,-70485 41554,-70486 41554,-70487 41552,-70493 41549,-70522 41549,-70532 41548,-70559 41548,-70560 41548,-70561 41547,-70574 41545,-70588 41545,-70589 41545,-70590 41544,-70597 41543,-70611 41543,-70613 41542,-70614 41542,-70617 41542,-70618 41538,-70634 41532,-70644 41524,-70650 41522,-70652 41519,-70654 41514,-70664 41513,-70670 41513,-70675 41497,-70705 41486,-70734 41470,-70757 41466,-70756 41461,-70761 41446,-70790 41446,-70817 41442,-70836 41426,-70858 41422,-70867 41421,-70903 41416,-70928 41412,-70937 41409,-70948 41412,-70951 41415,-70950 41431,-70928 41431,-70924 41425,-70919 41424,-70912 41426,-70906 41432,-70883 41449,-70855 41456,-70829 41461,-70802 41475,-70788 41477,-70775 41492,-70754 41501,-70745 41526,-70695 41543,-70659 41550,-70654 41557,-70655 41565,-70654 41570,-70649 41572,-70643 41577,-70641 41583,-70642 41605,-70652 41610,-70652 41625,-70640 41634,-70645 41638,-70653 41644,-70650 41649,-70639 41655,-70638 41678,-70646 41681,-70649 41682,-70661 41694,-70646 41699,-70625 41707,-70624 41713,-70627 41718,-70643 41719,-70645 41716,-70651 41715,-70657 41722,-70670 41731,-70708 41736,-70719 41733,-70726 41723,-70729 41713,-70721 41694,-70717 41685,-70720 41688,-70729 41697,-70744 41694,-70755 41677,-70761 41668,-70762 41661,-70758 41654,-70758 41642,-70765 41641,-70769 41645,-70774 41649,-70776 41651,-70777 41656,-70809 41656,-70813 41653,-70816 41646,-70816 41641,-70805 41632,-70800 41630,-70801 41625,-70810 41625,-70835 41628,-70843 41629,-70844 41627,-70853 41624,-70855 41618,-70854 41614,-70853 41594,-70850 41589,-70852 41589,-70853 41587,-70853 41588,-70857 41601,-70863 41602,-70863 41614,-70869 41615,-70869 41623,-70868 41626,-70870 41628,-70873 41630,-70879 41632,-70888 41633,-70889 41633,-70890 41624,-70905 41623,-70906 41619,-70913 41610,-70905 41594,-70900 41593,-70901 41596,-70911 41607,-70917 41611,-70920 41611,-70927 41609,-70930 41600,-70930 41594,-70927 41584,-70931 41577,-70938 41581,-70942 41581,-70947 41579,-70949 41574,-70947 41565,-70938 41540,-70932 41540,-70942 41530,-70979 41521,-70983 41512,-71003 41509,-71019 41506,-71024 41499,-71036 41506,-71058 41509,-71086 41497,-71121 41630,-71133 41632,-71134 41634,-71134 41641,-71134 41661,-71135 41663,-71146 41664,-71154 41668,-71176 41669,-71176 41671,-71176 41673,-71181 41674,-71191 41675,-71194 41675,-71196 41710,-71225 41752,-71261 41776,-71318 41781,-71328 41806,-71339 41832,-71340 41834,-71338 41893,-71339 41894,-71339 41897,-71353 41896,-71355 41896,-71362 41895,-71365 41895,-71371 41894,-71374 41894,-71377 41923,-71382 41965,-71381 41967,-71382 41985,-71381 42019,-71381 42018,-71458 42017,-71498 42017,-71500 42017,-71501 42015,-71527 42015,-71528 42014,-71559 42014,-71577 42014,-71591 42008,-71799 42024,-71801 42027,-72060 42029,-72102 42030,-72136 42031,-72199
MI 45760,-85566 45757,-85550 45751,-85544 45750,-85536 45750,-85525 45755,-85506 45754,-85501 45746,-85498 45743,-85504 45742,-85509 45743,-85510 45745,-85509 45748,-85509 45749,-85515 45745,-85521 45739,-85522 45737,-85521 45734,-85511 45726,-85499 45705,-85494 45698,-85494 45691,-85503 45681,-85506 45670,-85504 45664,-85500 45652,-85490 45621,-85487 45610,-85491 45596,-85509 45593,-85518 45592,-85527 45589,-85530 45578,-85534 45575,-85541 45572,-85562 45583,-85618 45586,-85623 45598,-85630 45625,-85620 45632,-85609 45639,-85605 45648,-85605 45658,-85609 45682,-85605 45689,-85601 45698,-85591 45701,-85584 45711,-85572 45731,-85565 45745,-85565 45750,-85567 45758,-85568 45760,-85566
MI 48116,-88684 48120,-88676 48125,-88676 48127,-88674 48139,-88657 48155,-88614 48162,-88578 48175,-88547 48165,-88525 48168,-88501 48175,-88492 48180,-88482 48184,-88460 48183,-88447 48191,-88423 48180,-88418 48171,-88420 48167,-88427 48163,-88450 48159,-88460 48153,-88470 48138,-88486 48122,-88512 48094,-88567 48084,-88578 48078,-88578 48075,-88576 48069,-88574 48064,-88575 48059,-88580 48011,-88670 47995,-88719 47981,-88772 47979,-88792 47965,-88832 47965,-88853 47953,-88899 47946,-88918 47938,-88924 47924,-88963 47909,-88969 47902,-88969 47895,-88958 47895,-88942 47902,-88900 47901,-88899 47891,-88912 47867,-88999 47859,-89023 47856,-89044 47853,-89056 47836,-89108 47829,-89124 47824,-89158 47832,-89190 47833,-89193 47841,-89192 47850,-89202 47852,-89235 47854,-89236 47855,-89235 47858,-89229 47871,-89247 47870,-89251 47876,-89255 47889,-89247 47895,-89226 47901,-89221 47908,-89221 47914,-89214 47935,-89179 47968,-89095 47993,-89018 48002,-88994 48020,-88941 48022,-88931 48020,-88928 48021,-88915 48029,-88895 48032,-88896 48035,-88894 48057,-88836 48057,-88816 48055,-88810 48063,-88788 48071,-88772 48079,-88772 48085,-88764 48093,-88744 48102,-88728 48111,-88706 48111,-88695 48116,-88684
MI 45817,-84593 45819,-84594 45823,-84597 45833,-84612 45835,-84613 45847,-84624 45850,-84629 45853,-84640 45859,-84651 45863,-84651 45885,-84647 45885,-84642 45883,-84629 45878,-84623 45862,-84608 45852,-84603 45826,-84589 45820,-84578 45808,-84538 45810,-84514 45805,-84493 45787,-84432 45788,-84427 45793,-84421 45800,-84420 45806,-84422 45807,-84419 45797,-84411 45784,-84403 45772,-84356 45769,-84356 45756,-84370 45746,-84372 45735,-84394 45733,-84396 45728,-84394 45722,-84406 45722,-84419 45726,-84430 45728,-84451 45732,-84469 45731,-84484 45737,-84501 45745,-84507 45754,-84509 45764,-84525 45790,-84550 45796,-84562 45803,-84582 45807,-84588 45813,-84590 45817,-84593
MI 45008,-86094 44999,-86116 44997,-86134 45002,-86155 45011,-86157 45018,-86155 45040,-86142 45043,-86138 45048,-86118 45041,-86093 45031,-86079 45032,-86093 45030,-86097 45026,-86100 45023,-86102 45018,-86101 45008,-86094
MI 45158,-86033 45156,-86006 45153,-85993 45151,-85989 45138,-85977 45121,-85976 45113,-85980 45087,-85984 45081,-85983 45073,-85977 45063,-85977 45056,-85997 45064,-86013 45072,-86020 45087,-86037 45095,-86052 45101,-86059 45105,-86060 45140,-86065 45152,-86059 45158,-86050 45160,-86044 45158,-86033
MI 41874,-83372 41872,-83380 41871,-83382 41862,-83389 41856,-83394 41853,-83396 41833,-83408 41830,-83410 41822,-83422 41821,-83425 41821,-83426 41820,-83431 41819,-83434 41817,-83436 41816,-83436 41813,-83440 41809,-83442 41801,-83442 41799,-83443 41795,-83443 41789,-83443 41771,-83438 41770,-83438 41769,-83437 41766,-83436 41763,-83434 41761,-83433 41759,-83432 41757,-83431 41750,-83427 41748,-83426 41741,-83424 41737,-83434 41734,-83452 41733,-83454 41732,-83498 41732,-83500 41732,-83503 41732,-83504 41729,-83585 41729,-83594 41729,-83595 41728,-83637 41728,-83640 41727,-83666 41726,-83685 41724,-83763 41720,-83880 41720,-83881 41707,-84360 41706,-84397 41706,-84399 41706,-84400 41705,-84438 41696,-84806 41707,-84806 41721,-84806 41733,-84806 41738,-84806 41743,-84806 41760,-84819 41760,-84825 41760,-84932 41759,-84961 41760,-84962 41760,-84972 41759,-84973 41760,-85038 41760,-85039 41760,-85117 41760,-85123 41760,-85172 41760,-85197 41760,-85233 41760,-85272 41760,-85273 41760,-85274 41760,-85292 41760,-85298 41760,-85308 41760,-85318 41760,-85331 41760,-85350 41760,-85379 41760,-85428 41760,-85432 41759,-85516 41760,-85518 41759,-85608 41759,-85623 41759,-85625 41759,-85633 41759,-85648 41759,-85651 41759,-85660 41759,-85725 41759,-85750 41759,-85775 41759,-85791 41759,-85872 41759,-85875 41759,-85889 41760,-85975 41760,-85991 41760,-86004 41760,-86063 41761,-86125 41761,-86128 41760,-86218 41760,-86226 41760,-86265 41760,-86502 41759,-86519 41759,-86524 41760,-86640 41760,-86641 41760,-86747 41760,-86748 41760,-86801 41760,-86802 41760,-86804 41760,-86824 41760,-86825 41761,-86824 41772,-86802 41776,-86795 41776,-86794 41784,-86778 41785,-86777 41785,-86776 41786,-86775 41800,-86751 41809,-86735 41819,-86717 41820,-86716 41833,-86698 41845,-86680 41845,-86679 41870,-86649 41871,-86648 41873,-86645 41874,-86644 41885,-86630 41886,-86629 41890,-86624 41892,-86621 41894,-86619 41897,-86617 41898,-86616 41902,-86612 41903,-86612 41904,-86611 41915,-86601 41918,-86598 41920,-86597 41932,-86589 41934,-86588 41935,-86587 41937,-86586 41938,-86585 41941,-86583 41942,-86582 41944,-86582 41981,-86565 41982,-86564 41983,-86564 41984,-86564 41989,-86562 42000,-86557 42000,-86556 42011,-86549 42017,-86545 42018,-86545 42023,-86542 42024,-86541 42031,-86536 42035,-86534 42036,-86533 42037,-86533 42037,-86532 42073,-86509 42085,-86501 42105,-86490 42118,-86485 42124,-86479 42134,-86467 42134,-86466 42136,-86465 42136,-86464 42137,-86464 42160,-86441 42161,-86439 42163,-86438 42163,-86437 42196,-86404 42199,-86402 42202,-86399 42203,-86399 42203,-86398 42206,-86395 42207,-86394 42208,-86394 42216,-86387 42217,-86385 42219,-86384 42222,-86381 42223,-86380 42224,-86380 42243,-86365 42254,-86356 42311,-86322 42358,-86297 42395,-86284 42402,-86285 42413,-86277 42419,-86274 42444,-86262 42480,-86250 42535,-86241 42540,-86241 42565,-86235 42566,-86235 42567,-86235 42575,-86231 42583,-86228 42593,-86226 42595,-86226 42638,-86229 42645,-86227 42664,-86216 42692,-86209 42719,-86207 42763,-86208 42768,-86209 42784,-86211 42833,-86212 42859,-86211 42884,-86214 42919,-86216 42988,-86226 43016,-86233 43050,-86244 43057,-86250 43067,-86251 43083,-86255 43118,-86272 43136,-86281 43166,-86299 43187,-86311 43188,-86312 43195,-86316 43216,-86330 43238,-86345 43244,-86349 43245,-86349 43246,-86350 43247,-86350 43250,-86352 43253,-86355 43259,-86358 43297,-86383 43298,-86384 43302,-86386 43305,-86388 43307,-86389 43311,-86392 43313,-86393 43316,-86396 43327,-86402 43330,-86403 43331,-86404 43333,-86405 43338,-86408 43347,-86412 43381,-86428 43396,-86435 43397,-86435 43404,-86438 43405,-86438 43406,-86439 43431,-86448 43432,-86449 43449,-86455 43454,-86456 43456,-86457 43458,-86458 43472,-86462 43492,-86469 43510,-86477 43511,-86477 43514,-86479 43515,-86479 43516,-86480 43518,-86481 43519,-86482 43520,-86482 43521,-86483 43555,-86506 43560,-86509 43565,-86512 43568,-86514 43569,-86515 43570,-86516 43571,-86516 43571,-86517 43573,-86517 43574,-86519 43576,-86520 43577,-86520 43593,-86530 43616,-86538 43618,-86538 43620,-86539 43621,-86539 43623,-86539 43633,-86541 43634,-86541 43635,-86541 43643,-86541 43645,-86541 43657,-86539 43659,-86538 43677,-86530 43678,-86529 43680,-86528 43680,-86527 43690,-86518 43692,-86516 43694,-86514 43698,-86511 43699,-86510 43701,-86508 43702,-86507 43704,-86505 43705,-86503 43706,-86502 43712,-86496 43719,-86488 43720,-86487 43725,-86482 43726,-86481 43727,-86480 43745,-86463 43747,-86462 43748,-86460 43771,-86446 43772,-86445 43777,-86443 43789,-86438 43789,-86437 43816,-86431 43819,-86431 43837,-86431 43838,-86431 43841,-86431 43850,-86433 43853,-86433 43856,-86434 43857,-86434 43859,-86435 43890,-86445 43893,-86446 43895,-86446 43901,-86446 43918,-86448 43919,-86448 43924,-86450 43930,-86451 43941,-86454 43970,-86463 43971,-86463 43999,-86482 44001,-86483 44002,-86484 44022,-86502 44024,-86503 44026,-86504 44033,-86509 44048,-86515 44058,-86515 44067,-86509 44068,-86509 44068,-86508 44075,-86501 44076,-86500 44077,-86498 44093,-86469 44101,-86455 44106,-86448 44106,-86447 44120,-86430 44123,-86427 44124,-86426 44125,-86425 44129,-86422 44129,-86421 44157,-86401 44161,-86398 44163,-86397 44179,-86387 44189,-86380 44208,-86363 44224,-86355 44224,-86354 44229,-86352 44235,-86349 44250,-86344 44263,-86327 44264,-86327 44279,-86319 44280,-86318 44283,-86317 44284,-86316 44288,-86314 44289,-86313 44290,-86312 44301,-86305 44302,-86304 44308,-86300 44345,-86269 44401,-86252 44421,-86248 44435,-86248 44452,-86252 44465,-86252 44483,-86249 44489,-86244 44502,-86239 44518,-86234 44549,-86224 44567,-86221 44595,-86225 44609,-86232 44648,-86254 44664,-86259 44687,-86257 44692,-86255 44699,-86248 44706,-86232 44721,-86172 44722,-86169 44728,-86161 44728,-86160 44728,-86123 44728,-86122 44728,-86121 44731,-86108 44731,-86106 44732,-86105 44741,-86091 44741,-86089 44758,-86078 44760,-86077 44761,-86077 44767,-86075 44770,-86074 44778,-86073 44805,-86072 44822,-86066 44835,-86066 44865,-86071 44885,-86072 44896,-86071 44906,-86067 44911,-86059 44916,-86038 44907,-86031 44903,-86022 44899,-86009 44900,-85993 44906,-85980 44915,-85973 44929,-85967 44936,-85962 44941,-85953 44954,-85942 44965,-85939 44969,-85932 44968,-85916 44962,-85898 44958,-85892 44943,-85880 44939,-85870 44938,-85854 44940,-85836 44946,-85815 44950,-85807 44978,-85780 44983,-85778 45001,-85776 45015,-85771 45023,-85762 45051,-85746 45056,-85741 45066,-85712 45076,-85696 45093,-85681 45106,-85676 45116,-85675 45146,-85656 45187,-85619 45185,-85613 45181,-85612 45178,-85607 45179,-85593 45180,-85586 45193,-85565 45201,-85562 45211,-85551 45210,-85540 45189,-85527 45177,-85531 45173,-85537 45167,-85552 45159,-85562 45157,-85562 45155,-85563 45154,-85564 45154,-85565 45154,-85566 45154,-85568 45155,-85570 45155,-85574 45153,-85590 45149,-85600 45128,-85614 45114,-85609 45071,-85583 45068,-85573 45059,-85566 45044,-85566 45041,-85570 45043,-85574 45041,-85597 45022,-85600 45013,-85609 45005,-85622 44991,-85607 44991,-85604 44974,-85602 44927,-85602 44923,-85621 44921,-85625 44890,-85640 44884,-85645 44874,-85649 44849,-85652 44832,-85651 44811,-85642 44790,-85637 44776,-85641 44775,-85640 44771,-85636 44768,-85628 44767,-85625 44767,-85624 44766,-85621 44766,-85620 44765,-85611 44765,-85608 44766,-85606 44766,-85600 44766,-85599 44769,-85594 44769,-85593 44779,-85592 44783,-85591 44784,-85591 44808,-85582 44808,-85581 44864,-85546 44869,-85539 44873,-85533 44889,-85531 44890,-85531 44891,-85553 44891,-85554 44888,-85560 44895,-85565 44897,-85563 44902,-85557 44902,-85556 44906,-85552 44917,-85540 44918,-85539 44919,-85538 44926,-85534 44934,-85530 44937,-85529 44960,-85520 44961,-85520 44962,-85521 44967,-85522 44971,-85521 44974,-85520 44975,-85519 44990,-85493 44990,-85492 44991,-85475 44986,-85473 44983,-85472 44981,-85470 44980,-85470 44973,-85468 44972,-85468 44968,-85467 44961,-85465 44959,-85467 44959,-85471 44959,-85472 44959,-85474 44954,-85486 44938,-85489 44934,-85490 44930,-85491 44928,-85491 44926,-85491 44925,-85491 44924,-85491 44910,-85492 44908,-85492 44903,-85489 44902,-85489 44898,-85490 44897,-85490 44865,-85498 44859,-85501 44856,-85502 44848,-85508 44848,-85509 44847,-85512 44847,-85514 44846,-85517 44845,-85519 44841,-85527 44838,-85533 44835,-85539 44834,-85540 44831,-85543 44828,-85546 44827,-85547 44822,-85552 44821,-85553 44820,-85554 44818,-85556 44814,-85558 44810,-85560 44808,-85560 44801,-85560 44800,-85560 44797,-85560 44796,-85560 44795,-85560 44790,-85560 44774,-85569 44770,-85571 44763,-85575 44761,-85576 44760,-85577 44760,-85576 44755,-85571 44749,-85555 44749,-85554 44747,-85538 44748,-85527 44752,-85523 44764,-85509 44768,-85505 44769,-85505 44773,-85504 44774,-85504 44779,-85505 44782,-85505 44784,-85507 44787,-85509 44789,-85508 44790,-85507 44804,-85500 44805,-85496 44811,-85485 44812,-85482 44814,-85477 44815,-85476 44815,-85475 44825,-85463 44826,-85463 44836,-85460 44840,-85457 44842,-85456 44842,-85455 44846,-85453 44860,-85442 44882,-85426 44895,-85423 44912,-85406 44931,-85396 44999,-85378 45018,-85382 45046,-85381 45056,-85378 45069,-85366 45117,-85367 45126,-85373 45143,-85377 45181,-85380 45189,-85387 45208,-85387 45235,-85389 45271,-85372 45283,-85355 45294,-85335 45303,-85324 45313,-85308 45316,-85295 45314,-85290 45315,-85274 45320,-85263 45326,-85255 45331,-85252 45339,-85236 45357,-85210 45361,-85197 45361,-85182 45370,-85144 45367,-85096 45365,-85074 45365,-85067 45365,-85064 45365,-85063 45365,-85061 45364,-85055 45362,-85047 45362,-85046 45362,-85044 45362,-85043 45361,-85033 45367,-85022 45370,-84999 45374,-84975 45376,-84959 45393,-84916 45403,-84913 45410,-84913 45418,-84916 45422,-84922 45429,-84976 45429,-84977 45429,-84979 45429,-84980 45429,-84981 45428,-84990 45425,-84991 45424,-84989 45423,-84987 45421,-84985 45421,-84984 45420,-84978 45420,-84977 45419,-84979 45423,-84994 45435,-85035 45436,-85038 45437,-85040 45437,-85041 45441,-85047 45444,-85050 45444,-85051 45446,-85053 45459,-85070 45460,-85070 45476,-85088 45477,-85088 45496,-85097 45510,-85104 45522,-85109 45526,-85111 45539,-85115 45542,-85116 45553,-85117 45555,-85118 45567,-85119 45569,-85120 45573,-85119 45574,-85119 45575,-85119 45576,-85118 45585,-85112 45586,-85112 45589,-85108 45590,-85107 45590,-85106 45591,-85105 45592,-85104 45593,-85103 45593,-85102 45594,-85102 45598,-85097 45599,-85096 45600,-85094 45617,-85080 45617,-85079 45623,-85076 45624,-85076 45625,-85075 45629,-85075 45630,-85074 45632,-85071 45636,-85066 45638,-85064 45640,-85061 45644,-85045 45645,-85041 45646,-85036 45650,-85020 45651,-85019 45652,-85015 45652,-85014 45653,-85013 45656,-85007 45658,-85006 45660,-85002 45661,-85001 45668,-84997 45670,-84996 45684,-84974 45686,-84971 45687,-84970 45709,-84946 45710,-84944 45714,-84943 45720,-84941 45722,-84941 45728,-84942 45729,-84943 45730,-84944 45732,-84946 45733,-84947 45736,-84950 45737,-84951 45737,-84952 45739,-84954 45739,-84955 45740,-84958 45745,-84968 45752,-84982 45752,-84983 45752,-84984 45752,-84985 45753,-84997 45754,-85002 45754,-85003 45758,-85011 45760,-85015 45762,-85009 45763,-85007 45760,-84995 45760,-84938 45758,-84931 45757,-84927 45757,-84925 45756,-84922 45755,-84921 45755,-84920 45750,-84910 45752,-84867 45745,-84841 45746,-84811 45746,-84810 45746,-84808 45746,-84807 45746,-84805 45747,-84801 45747,-84800 45751,-84792 45752,-84790 45752,-84789 45760,-84782 45761,-84781 45770,-84780 45775,-84787 45778,-84792 45780,-84793 45787,-84780 45789,-84774 45789,-84773 45783,-84752 45784,-84742 45788,-84734 45788,-84732 45787,-84726 45778,-84719 45766,-84716 45756,-84682 45749,-84680 45740,-84645 45722,-84605 45710,-84574 45702,-84555 45699,-84553 45690,-84539 45652,-84462 45655,-84442 45664,-84435 45669,-84427 45669,-84414 45663,-84400 45656,-84376 45664,-84330 45653,-84290 45645,-84270 45635,-84215 45627,-84204 45621,-84196 45605,-84181 45585,-84157 45574,-84139 45562,-84129 45557,-84127 45542,-84127 45524,-84122 45513,-84117 45505,-84109 45497,-84096 45491,-84076 45489,-84056 45494,-84040 45496,-84036 45497,-84029 45495,-84010 45491,-83998 45494,-83978 45493,-83939 45486,-83909 45468,-83882 45447,-83859 45435,-83842 45419,-83807 45416,-83789 45417,-83773 45411,-83756 45411,-83737 45413,-83722 45396,-83697 45385,-83668 45372,-83644 45353,-83599 45347,-83570 45351,-83550 45353,-83547 45358,-83546 45358,-83538 45347,-83520 45346,-83515 45358,-83497 45356,-83489 45342,-83478 45332,-83468 45311,-83446 45304,-83433 45297,-83425 45293,-83423 45291,-83422 45290,-83421 45280,-83401 45279,-83400 45279,-83399 45277,-83388 45274,-83385 45269,-83382 45255,-83388 45246,-83413 45239,-83412 45227,-83406 45207,-83388 45203,-83384 45203,-83382 45182,-83369 45172,-83368 45166,-83364 45163,-83360 45162,-83349 45147,-83338 45142,-83316 45140,-83316 45138,-83319 45129,-83318 45099,-83308 45090,-83298 45069,-83291 45063,-83291 45046,-83280 45045,-83277 45038,-83271 45027,-83266 45023,-83272 45026,-83288 45032,-83302 45042,-83340 45051,-83358 45062,-83367 45070,-83399 45058,-83434 45051,-83442 45035,-83453 45032,-83454 45017,-83446 45012,-83435 45008,-83431 45000,-83436 45000,-83439 44990,-83450 44952,-83444 44941,-83439 44933,-83433 44927,-83425 44919,-83405 44906,-83399 44903,-83394 44886,-83353 44881,-83321 44858,-83321 44853,-83321 44848,-83318 44842,-83314 44841,-83313 44840,-83312 44837,-83309 44835,-83307 44830,-83301 44823,-83300 44815,-83299 44793,-83296 44790,-83296 44789,-83296 44779,-83296 44759,-83297 44758,-83297 44756,-83298 44755,-83298 44754,-83298 44751,-83298 44748,-83298 44747,-83297 44746,-83297 44744,-83296 44730,-83291 44729,-83291 44726,-83288 44722,-83285 44722,-83284 44721,-83283 44717,-83277 44715,-83275 44714,-83274 44714,-83273 44705,-83275 44702,-83275 44700,-83275 44699,-83275 44699,-83276 44698,-83276 44694,-83276 44689,-83277 44688,-83277 44683,-83279 44682,-83279 44663,-83286 44660,-83287 44659,-83287 44658,-83288 44653,-83289 44645,-83295 44630,-83307 44630,-83308 44625,-83309 44623,-83310 44609,-83314 44609,-83315 44602,-83315 44599,-83315 44597,-83315 44595,-83316 44594,-83316 44572,-83314 44570,-83314 44569,-83314 44568,-83314 44567,-83314 44566,-83314 44565,-83314 44564,-83314 44549,-83309 44548,-83309 44540,-83308 44538,-83309 44535,-83310 44533,-83311 44532,-83312 44515,-83318 44514,-83318 44512,-83318 44486,-83318 44444,-83327 44429,-83327 44415,-83325 44409,-83322 44405,-83322 44372,-83334 44358,-83335 44340,-83333 44333,-83337 44330,-83344 44332,-83352 44333,-83364 44328,-83374 44302,-83402 44295,-83414 44288,-83419 44272,-83426 44270,-83430 44265,-83443 44273,-83446 44274,-83448 44278,-83461 44279,-83463 44280,-83480 44277,-83500 44274,-83509 44262,-83525 44248,-83538 44227,-83549 44211,-83553 44198,-83554 44164,-83565 44163,-83565 44161,-83566 44160,-83566 44156,-83568 44151,-83568 44145,-83568 44144,-83568 44143,-83568 44130,-83569 44129,-83569 44127,-83569 44124,-83569 44121,-83568 44120,-83568 44101,-83573 44087,-83588 44079,-83591 44070,-83590 44057,-83584 44055,-83601 44056,-83621 44052,-83650 44036,-83680 44021,-83688 43994,-83680 43993,-83709 43992,-83744 43989,-83747 43987,-83757 43985,-83763 43985,-83764 43985,-83779 43985,-83788 43989,-83828 43989,-83829 43982,-83848 43979,-83851 43979,-83852 43978,-83854 43977,-83855 43976,-83855 43975,-83856 43974,-83856 43973,-83856 43972,-83856 43971,-83858 43970,-83859 43970,-83860 43969,-83860 43961,-83869 43961,-83870 43959,-83877 43959,-83878 43955,-83880 43947,-83885 43946,-83886 43935,-83890 43923,-83891 43918,-83907 43911,-83911 43899,-83917 43857,-83918 43787,-83926 43777,-83929 43760,-83945 43761,-83955 43759,-83956 43751,-83954 43715,-83939 43701,-83929 43673,-83909 43664,-83897 43645,-83852 43643,-83815 43641,-83807 43630,-83779 43629,-83771 43635,-83770 43619,-83726 43598,-83703 43597,-83699 43591,-83670 43591,-83666 43599,-83654 43629,-83619 43650,-83596 43685,-83563 43685,-83554 43694,-83549 43700,-83551 43709,-83540 43717,-83525 43718,-83516 43715,-83513 43711,-83507 43715,-83480 43723,-83470 43729,-83467 43734,-83465 43741,-83460 43762,-83440 43767,-83439 43770,-83442 43772,-83447 43787,-83438 43800,-83426 43801,-83416 43805,-83411 43808,-83411 43818,-83412 43826,-83411 43832,-83408 43839,-83390 43840,-83389 43844,-83389 43857,-83359 43881,-83332 43894,-83332 43899,-83334 43905,-83341 43906,-83348 43910,-83349 43912,-83347 43916,-83338 43918,-83319 43922,-83306 43938,-83282 43956,-83269 43969,-83262 43974,-83262 43981,-83227 43983,-83196 43982,-83181 43989,-83145 43993,-83135 44001,-83121 44003,-83108 44001,-83079 44003,-83066 44006,-83059 44016,-83047 44041,-83030 44045,-83025 44047,-82999 44049,-82991 44066,-82967 44066,-82959 44063,-82957 44062,-82947 44069,-82929 44071,-82916 44051,-82890 44045,-82876 44037,-82833 44023,-82793 44014,-82788 44009,-82783 44007,-82765 43996,-82746 43990,-82739 43973,-82729 43950,-82712 43948,-82710 43918,-82694 43884,-82679 43868,-82655 43852,-82643 43846,-82643 43844,-82647 43843,-82648 43838,-82644 43831,-82634 43769,-82618 43756,-82619 43747,-82617 43740,-82612 43690,-82606 43679,-82605 43669,-82606 43603,-82600 43590,-82598 43581,-82594 43544,-82586 43503,-82566 43497,-82566 43464,-82554 43438,-82540 43432,-82539 43422,-82540 43368,-82536 43349,-82537 43334,-82530 43316,-82529 43306,-82532 43225,-82523 43213,-82519 43197,-82509 43169,-82503 43168,-82503 43162,-82502 43161,-82502 43158,-82500 43147,-82496 43144,-82494 43143,-82494 43142,-82494 43138,-82493 43135,-82493 43121,-82491 43118,-82491 43118,-82490 43105,-82487 43102,-82486 43088,-82471 43061,-82457 43051,-82451 43040,-82443 43008,-82423 43006,-82416 42937,-82448 42927,-82455 42887,-82470 42733,-82484 42637,-82510 42614,-82519 42607,-82523 42554,-82584 42551,-82590 42549,-82607 42557,-82625 42522,-82679 42519,-82686 42529,-82685 42536,-82680 42538,-82671 42546,-82664 42558,-82681 42575,-82681 42588,-82688 42586,-82701 42591,-82711 42598,-82713 42607,-82701 42609,-82683 42619,-82682 42625,-82690 42627,-82690 42637,-82669 42631,-82646 42642,-82631 42647,-82626 42656,-82623 42665,-82624 42673,-82631 42676,-82635 42679,-82660 42687,-82674 42690,-82686 42690,-82701 42684,-82706 42684,-82708 42683,-82726 42670,-82753 42656,-82766 42652,-82781 42655,-82792 42654,-82797 42641,-82814 42626,-82820 42616,-82819 42611,-82811 42603,-82789 42598,-82788 42593,-82789 42583,-82788 42572,-82782 42565,-82782 42564,-82785 42568,-82789 42571,-82797 42571,-82821 42568,-82834 42561,-82846 42556,-82849 42549,-82851 42542,-82859 42541,-82860 42524,-82874 42501,-82882 42472,-82884 42451,-82871 42451,-82870 42408,-82886 42398,-82888 42389,-82894 42385,-82898 42378,-82915 42374,-82919 42359,-82929 42352,-82924 42340,-82959 42332,-82989 42330,-83018 42318,-83064 42309,-83080 42290,-83097 42239,-83128 42203,-83131 42175,-83134 42138,-83125 42088,-83134 42086,-83158 42074,-83169 42073,-83171 42066,-83189 42062,-83189 42061,-83187 42052,-83186 42031,-83188 42029,-83186 42019,-83181 42008,-83187 42006,-83191 42005,-83209 41996,-83209 41989,-83217 41989,-83223 41989,-83225 41988,-83228 41987,-83228 41987,-83229 41973,-83249 41972,-83249 41971,-83250 41963,-83255 41960,-83257 41959,-83257 41955,-83257 41954,-83257 41951,-83257 41939,-83270 41944,-83287 41945,-83293 41945,-83296 41944,-83298 41944,-83299 41943,-83303 41942,-83306 41936,-83316 41925,-83326 41923,-83327 41915,-83330 41909,-83333 41907,-83334 41903,-83334 41902,-83334 41896,-83335 41892,-83336 41890,-83336 41880,-83342 41868,-83359 41866,-83366 41874,-83372
MI 46074,-88933 46078,-88943 46080,-88949 46097,-88991 46125,-89059 46145,-89125 46152,-89162 46153,-89167 46158,-89195 46159,-89201 46160,-89203 46160,-89206 46163,-89218 46163,-89220 46174,-89276 46174,-89277 46296,-89908 46296,-89910 46300,-89929 46337,-90120 46360,-90120 46375,-90135 46439,-90167 46440,-90167 46441,-90178 46479,-90205 46519,-90285 46518,-90308 46516,-90314 46540,-90358 46539,-90374 46544,-90400 46557,-90414 46557,-90415 46566,-90418 46576,-90398 46576,-90397 46577,-90397 46578,-90395 46589,-90372 46597,-90355 46598,-90353 46601,-90348 46608,-90328 46603,-90307 46607,-90295 46611,-90285 46611,-90284 46612,-90283 46613,-90280 46614,-90278 46619,-90265 46621,-90252 46622,-90250 46624,-90238 46646,-90164 46655,-90101 46668,-90045 46674,-90028 46693,-89996 46703,-89986 46710,-89974 46717,-89957 46740,-89918 46750,-89908 46763,-89892 46766,-89889 46776,-89875 46785,-89863 46793,-89852 46794,-89851 46796,-89849 46797,-89847 46798,-89845 46799,-89841 46804,-89832 46804,-89831 46805,-89830 46805,-89828 46818,-89791 46819,-89788 46819,-89787 46824,-89758 46830,-89724 46830,-89720 46831,-89718 46831,-89713 46831,-89710 46831,-89709 46831,-89708 46833,-89678 46833,-89677 46833,-89673 46831,-89661 46831,-89660 46828,-89652 46827,-89647 46826,-89643 46825,-89642 46821,-89637 46819,-89635 46819,-89619 46824,-89599 46830,-89578 46831,-89572 46832,-89570 46832,-89565 46835,-89542 46835,-89541 46835,-89539 46836,-89536 46836,-89534 46839,-89526 46841,-89517 46841,-89516 46842,-89514 46842,-89500 46842,-89499 46841,-89498 46840,-89494 46838,-89491 46838,-89485 46838,-89475 46837,-89472 46837,-89471 46837,-89470 46837,-89469 46839,-89453 46839,-89448 46839,-89447 46839,-89446 46839,-89445 46839,-89440 46840,-89437 46840,-89434 46844,-89415 46845,-89413 46848,-89401 46850,-89395 46857,-89372 46858,-89371 46871,-89336 46878,-89317 46883,-89305 46890,-89286 46892,-89279 46903,-89250 46903,-89249 46913,-89228 46914,-89226 46930,-89203 46931,-89202 46933,-89200 46950,-89184 46965,-89168 46966,-89168 46985,-89143 46985,-89142 46993,-89129 46993,-89128 46993,-89125 46994,-89118 46992,-89116 46989,-89113 46986,-89106 46985,-89087 46989,-89063 46991,-89059 46995,-89048 46999,-89039 47000,-89038 47001,-89029 47000,-89028 46995,-89023 46995,-88999 46995,-88998 46996,-88992 46997,-88987 46999,-88982 47000,-88979 47000,-88978 47002,-88973 47008,-88960 47008,-88959 47010,-88957 47020,-88944 47032,-88933 47041,-88926 47042,-88924 47044,-88923 47058,-88915 47059,-88914 47074,-88908 47086,-88904 47090,-88900 47099,-88891 47099,-88890 47100,-88890 47101,-88889 47102,-88885 47107,-88872 47114,-88855 47115,-88848 47133,-88826 47133,-88825 47140,-88817 47141,-88815 47142,-88814 47148,-88799 47151,-88790 47151,-88785 47151,-88784 47151,-88779 47150,-88778 47156,-88764 47168,-88750 47171,-88747 47186,-88730 47187,-88729 47187,-88728 47197,-88712 47203,-88702 47205,-88700 47205,-88699 47206,-88698 47217,-88677 47218,-88675 47218,-88674 47219,-88673 47219,-88672 47221,-88667 47225,-88657 47226,-88656 47226,-88648 47227,-88642 47227,-88640 47229,-88634 47232,-88625 47232,-88624 47232,-88623 47235,-88619 47239,-88610 47239,-88608 47240,-88599 47242,-88585 47246,-88574 47246,-88573 47247,-88572 47277,-88527 47282,-88518 47284,-88515 47286,-88512 47291,-88505 47293,-88501 47294,-88501 47295,-88499 47305,-88487 47312,-88479 47313,-88478 47326,-88471 47328,-88470 47333,-88466 47334,-88465 47340,-88459 47361,-88432 47361,-88431 47371,-88419 47380,-88400 47382,-88394 47384,-88391 47384,-88389 47388,-88379 47393,-88360 47404,-88324 47412,-88303 47413,-88301 47422,-88286 47422,-88285 47423,-88284 47424,-88275 47430,-88239 47430,-88238 47435,-88229 47435,-88227 47436,-88226 47442,-88218 47445,-88217 47449,-88218 47450,-88213 47451,-88208 47451,-88207 47452,-88206 47458,-88182 47458,-88180 47459,-88169 47459,-88168 47459,-88167 47460,-88151 47460,-88150 47462,-88144 47462,-88141 47463,-88140 47463,-88138 47464,-88129 47464,-88128 47468,-88090 47469,-88085 47469,-88084 47469,-88082 47468,-88081 47468,-88080 47468,-88079 47468,-88076 47468,-88075 47468,-88074 47468,-88067 47470,-88049 47470,-88048 47475,-88048 47475,-88047 47476,-88040 47476,-88037 47477,-88031 47477,-88027 47477,-88022 47477,-88017 47477,-88016 47477,-88015 47478,-88011 47478,-88010 47479,-87982 47479,-87979 47479,-87978 47479,-87963 47479,-87959 47479,-87958 47479,-87957 47479,-87955 47479,-87954 47479,-87952 47479,-87948 47479,-87930 47479,-87929 47479,-87928 47478,-87922 47478,-87921 47478,-87920 47477,-87902 47475,-87898 47472,-87817 47473,-87801 47461,-87757 47449,-87731 47440,-87716 47406,-87710 47401,-87712 47401,-87721 47406,-87742 47405,-87751 47403,-87759 47399,-87765 47392,-87800 47385,-87815 47386,-87827 47390,-87835 47395,-87848 47395,-87857 47396,-87882 47390,-87942 47387,-87957 47374,-87965 47369,-87966 47363,-87963 47357,-87955 47355,-87947 47347,-87939 47342,-87938 47336,-87943 47334,-87946 47334,-87958 47333,-87969 47323,-87989 47306,-88016 47298,-88055 47296,-88060 47287,-88071 47261,-88097 47259,-88109 47255,-88117 47240,-88132 47216,-88163 47209,-88194 47210,-88205 47209,-88212 47200,-88228 47199,-88229 47192,-88235 47189,-88237 47180,-88240 47175,-88242 47172,-88242 47171,-88242 47161,-88243 47158,-88243 47157,-88242 47151,-88239 47150,-88238 47149,-88237 47149,-88234 47150,-88232 47146,-88232 47139,-88240 47136,-88248 47136,-88250 47137,-88250 47140,-88251 47143,-88254 47144,-88255 47144,-88256 47145,-88263 47144,-88272 47138,-88282 47130,-88289 47127,-88290 47126,-88289 47126,-88288 47125,-88288 47121,-88287 47120,-88287 47117,-88288 47116,-88288 47115,-88288 47114,-88289 47113,-88289 47112,-88290 47111,-88291 47110,-88291 47109,-88292 47105,-88294 47100,-88297 47099,-88298 47098,-88298 47092,-88313 47091,-88315 47083,-88333 47082,-88337 47080,-88340 47080,-88345 47079,-88347 47076,-88350 47069,-88353 47058,-88354 47048,-88357 47045,-88358 47043,-88358 47042,-88359 47040,-88359 47019,-88368 47018,-88368 47012,-88374 47009,-88379 47005,-88384 47005,-88385 47005,-88386 47004,-88386 47003,-88387 47002,-88388 47001,-88389 47000,-88390 46983,-88404 46983,-88405 46982,-88406 46979,-88410 46978,-88411 46977,-88416 46972,-88444 46947,-88449 46939,-88451 46935,-88452 46934,-88452 46927,-88454 46925,-88455 46924,-88455 46923,-88455 46919,-88458 46889,-88474 46886,-88476 46882,-88476 46868,-88477 46856,-88478 46855,-88478 46852,-88478 46851,-88478 46832,-88484 46826,-88483 46806,-88473 46787,-88462 46787,-88438 46794,-88434 46812,-88415 46838,-88381 46844,-88382 46846,-88382 46848,-88382 46850,-88381 46852,-88380 46855,-88378 46857,-88376 46858,-88373 46857,-88369 46856,-88363 46856,-88362 46856,-88361 46856,-88360 46857,-88352 46861,-88347 46871,-88335 46872,-88333 46889,-88311 46890,-88310 46891,-88309 46891,-88308 46892,-88307 46893,-88305 46896,-88300 46898,-88296 46902,-88289 46904,-88286 46906,-88282 46907,-88281 46909,-88277 46910,-88275 46910,-88274 46911,-88272 46916,-88262 46918,-88258 46925,-88250 46928,-88247 46930,-88244 46930,-88243 46931,-88242 46931,-88241 46932,-88238 46933,-88236 46934,-88233 46949,-88194 46955,-88177 46959,-88167 46960,-88165 46961,-88164 46961,-88163 46961,-88162 46962,-88161 46963,-88160 46965,-88156 46965,-88155 46966,-88146 46967,-88144 46966,-88143 46966,-88142 46962,-88133 46960,-88135 46944,-88150 46940,-88156 46932,-88168 46930,-88171 46927,-88176 46926,-88176 46925,-88178 46920,-88186 46919,-88188 46914,-88183 46912,-88182 46905,-88175 46905,-88162 46905,-88161 46909,-88130 46910,-88127 46910,-88126 46910,-88125 46911,-88125 46911,-88123 46916,-88106 46916,-88105 46917,-88103 46917,-88102 46917,-88101 46917,-88100 46918,-88099 46918,-88098 46920,-88084 46920,-88082 46920,-88080 46920,-88075 46919,-88065 46918,-88064 46912,-88045 46909,-88033 46909,-88032 46909,-88030 46909,-88029 46907,-88004 46906,-87986 46906,-87983 46906,-87982 46907,-87975 46909,-87958 46909,-87957 46909,-87956 46909,-87955 46910,-87916 46910,-87914 46910,-87911 46910,-87909 46910,-87901 46910,-87900 46901,-87888 46893,-87875 46892,-87874 46884,-87847 46884,-87846 46884,-87845 46884,-87841 46885,-87839 46889,-87830 46890,-87827 46891,-87817 46889,-87814 46888,-87813 46881,-87793 46880,-87788 46880,-87783 46880,-87782 46877,-87778 46877,-87777 46875,-87777 46874,-87777 46873,-87776 46871,-87778 46870,-87779 46867,-87777 46861,-87766 46860,-87756 46861,-87756 46861,-87754 46864,-87748 46865,-87747 46865,-87746 46865,-87745 46865,-87744 46865,-87742 46865,-87741 46850,-87735 46847,-87737 46846,-87737 46846,-87736 46837,-87734 46831,-87732 46828,-87727 46827,-87726 46826,-87714 46827,-87695 46832,-87686 46833,-87686 46839,-87688 46841,-87687 46842,-87687 46842,-87682 46842,-87681 46842,-87680 46837,-87675 46830,-87673 46829,-87673 46828,-87673 46827,-87673 46825,-87674 46824,-87674 46820,-87672 46815,-87662 46812,-87652 46813,-87647 46814,-87643 46814,-87642 46814,-87641 46812,-87633 46806,-87629 46805,-87628 46805,-87627 46804,-87627 46798,-87620 46797,-87618 46796,-87617 46793,-87614 46791,-87611 46789,-87609 46788,-87608 46783,-87595 46777,-87594 46769,-87593 46763,-87592 46761,-87592 46758,-87591 46757,-87591 46755,-87591 46754,-87591 46753,-87591 46752,-87591 46750,-87590 46745,-87588 46744,-87588 46736,-87585 46733,-87584 46731,-87583 46729,-87582 46720,-87573 46717,-87567 46710,-87557 46708,-87553 46707,-87552 46705,-87549 46702,-87544 46696,-87535 46695,-87534 46694,-87533 46688,-87523 46684,-87524 46678,-87524 46670,-87519 46653,-87507 46648,-87503 46647,-87503 46647,-87502 46643,-87493 46642,-87492 46636,-87469 46636,-87468 46632,-87467 46626,-87468 46615,-87464 46606,-87451 46603,-87443 46602,-87411 46595,-87403 46593,-87384 46580,-87382 46573,-87393 46571,-87393 46554,-87382 46547,-87376 46543,-87390 46533,-87394 46524,-87389 46517,-87381 46507,-87367 46501,-87352 46501,-87351 46492,-87312 46492,-87311 46492,-87309 46488,-87259 46488,-87258 46491,-87205 46491,-87202 46491,-87200 46498,-87175 46495,-87146 46494,-87127 46495,-87117 46496,-87108 46504,-87099 46515,-87077 46520,-87046 46526,-87030 46534,-87017 46533,-87009 46527,-86977 46517,-86965 46510,-86963 46485,-86947 46479,-86946 46476,-86950 46472,-86947 46465,-86928 46466,-86904 46458,-86889 46451,-86884 46442,-86884 46437,-86875 46434,-86850 46434,-86837 46438,-86816 46450,-86811 46461,-86809 46467,-86804 46478,-86788 46479,-86769 46479,-86750 46475,-86736 46472,-86731 46468,-86731 46445,-86711 46439,-86703 46439,-86698 46455,-86686 46463,-86689 46472,-86686 46498,-86684 46503,-86696 46512,-86702 46544,-86709 46555,-86696 46561,-86678 46557,-86676 46556,-86671 46558,-86656 46561,-86653 46534,-86627 46518,-86629 46509,-86632 46505,-86635 46500,-86641 46492,-86646 46486,-86646 46478,-86637 46478,-86627 46484,-86621 46489,-86618 46493,-86612 46493,-86609 46479,-86607 46470,-86609 46463,-86586 46487,-86558 46505,-86525 46525,-86495 46536,-86484 46543,-86482 46551,-86469 46552,-86460 46548,-86444 46549,-86437 46563,-86390 46578,-86350 46654,-86188 46669,-86162 46673,-86138 46657,-86120 46655,-86112 46655,-86100 46658,-86074 46668,-86037 46674,-85995 46677,-85954 46685,-85924 46691,-85878 46690,-85865 46690,-85858 46690,-85857 46689,-85841 46689,-85840 46685,-85816 46681,-85797 46681,-85795 46681,-85793 46677,-85751 46677,-85743 46677,-85740 46677,-85739 46677,-85714 46678,-85701 46680,-85674 46680,-85669 46680,-85664 46680,-85647 46679,-85625 46678,-85617 46676,-85596 46675,-85594 46675,-85588 46675,-85587 46675,-85585 46674,-85559 46674,-85548 46674,-85543 46676,-85510 46680,-85483 46680,-85482 46714,-85370 46717,-85363 46723,-85347 46742,-85296 46745,-85290 46753,-85258 46753,-85257 46753,-85256 46756,-85238 46764,-85173 46758,-85064 46760,-85036 46769,-85009 46772,-84989 46773,-84965 46771,-84954 46769,-84952 46745,-84988 46728,-85008 46712,-85020 46697,-85028 46685,-85030 46675,-85028 46625,-85036 46601,-85037 46582,-85035 46569,-85032 46554,-85030 46554,-85027 46546,-85025 46543,-85027 46538,-85046 46533,-85053 46527,-85056 46515,-85055 46504,-85050 46488,-85034 46483,-85026 46480,-85015 46476,-84969 46480,-84955 46487,-84947 46489,-84937 46480,-84934 46470,-84922 46468,-84915 46465,-84893 46467,-84875 46470,-84861 46460,-84850 46449,-84844 46444,-84829 46446,-84800 46454,-84769 46468,-84723 46484,-84690 46488,-84678 46482,-84654 46485,-84631 46472,-84616 46457,-84608 46439,-84584 46428,-84574 46419,-84551 46439,-84504 46440,-84493 46433,-84480 46434,-84472 46441,-84463 46454,-84456 46463,-84455 46467,-84463 46489,-84445 46501,-84420 46499,-84395 46509,-84375 46500,-84325 46495,-84264 46534,-84226 46540,-84194 46532,-84139 46530,-84129 46518,-84118 46504,-84111 46470,-84125 46419,-84146 46372,-84139 46268,-84116 46241,-84108 46234,-84118 46233,-84125 46232,-84135 46225,-84146 46224,-84147 46224,-84149 46224,-84151 46224,-84152 46225,-84152 46226,-84152 46228,-84152 46233,-84159 46235,-84183 46232,-84219 46224,-84233 46206,-84249 46193,-84245 46180,-84248 46176,-84251 46163,-84221 46166,-84197 46184,-84177 46182,-84172 46180,-84125 46174,-84115 46169,-84113 46151,-84100 46148,-84096 46146,-84089 46146,-84060 46132,-84027 46123,-84031 46126,-84039 46120,-84052 46113,-84061 46104,-84069 46097,-84072 46092,-84072 46087,-84066 46079,-84052 46055,-84028 46045,-84006 46033,-83990 46028,-83964 46029,-83951 46031,-83944 46029,-83939 46020,-83935 46018,-83931 46011,-83909 45999,-83901 45993,-83873 45995,-83868 46026,-83845 46022,-83830 46002,-83818 45996,-83794 46004,-83776 46018,-83765 46032,-83765 46051,-83774 46057,-83797 46073,-83813 46104,-83824 46109,-83816 46109,-83812 46102,-83793 46094,-83780 46091,-83772 46092,-83756 46091,-83728 46094,-83723 46101,-83720 46103,-83704 46100,-83661 46104,-83635 46102,-83626 46096,-83615 46090,-83599 46090,-83581 46084,-83576 46075,-83573 46070,-83573 46062,-83565 46059,-83554 46048,-83547 46037,-83543 46021,-83541 46011,-83533 46000,-83495 46000,-83488 45996,-83481 45989,-83474 45984,-83473 45972,-83482 45969,-83489 45929,-83511 45924,-83517 45919,-83526 45913,-83562 45916,-83583 45932,-83632 45945,-83658 45935,-83688 45934,-83719 45938,-83733 45938,-83743 45935,-83766 45932,-83769 45933,-83786 45938,-83801 45943,-83803 45946,-83808 45944,-83823 45941,-83828 45942,-83836 45953,-83841 45953,-83846 45959,-83865 45966,-83880 45968,-83881 45966,-83911 45958,-83921 45965,-83952 45967,-83985 45961,-83996 45959,-84018 45971,-84080 45967,-84090 45973,-84105 45977,-84107 45979,-84111 45978,-84114 45975,-84140 45975,-84141 45967,-84169 45966,-84172 45967,-84175 45968,-84175 45969,-84178 45969,-84203 45968,-84214 45968,-84219 45968,-84238 45957,-84254 45956,-84255 45956,-84261 45956,-84262 45956,-84267 45956,-84282 45956,-84317 45956,-84320 45956,-84325 45956,-84326 45956,-84327 45956,-84330 45955,-84332 45947,-84345 45942,-84353 45941,-84354 45940,-84358 45932,-84376 45937,-84387 45940,-84391 45943,-84398 45943,-84399 45944,-84399 45944,-84400 45950,-84411 45958,-84428 45958,-84429 45972,-84436 45972,-84437 45974,-84438 45978,-84443 45970,-84460 45969,-84463 45974,-84474 45977,-84479 45978,-84480 45978,-84481 45981,-84483 45982,-84483 45985,-84483 45985,-84482 45986,-84483 45988,-84484 45988,-84486 45989,-84489 45991,-84507 45987,-84514 45971,-84514 45969,-84525 45969,-84532 45973,-84534 45978,-84535 45991,-84530 46006,-84533 46020,-84541 46023,-84544 46032,-84564 46031,-84581 46027,-84587 46026,-84609 46050,-84648 46053,-84657 46050,-84667 46046,-84676 46035,-84687 46027,-84693 46017,-84693 45979,-84686 45977,-84684 45973,-84685 45971,-84688 45971,-84704 45967,-84723 45961,-84730 45946,-84739 45942,-84739 45933,-84733 45927,-84719 45920,-84714 45916,-84713 45907,-84734 45897,-84730 45895,-84729 45874,-84721 45866,-84716 45866,-84715 45861,-84710 45854,-84702 45853,-84702 45853,-84701 45851,-84702 45850,-84702 45849,-84705 45849,-84706 45849,-84708 45849,-84709 45848,-84721 45847,-84723 45846,-84723 45844,-84724 45837,-84726 45837,-84727 45836,-84747 45838,-84752 45839,-84755 45841,-84758 45849,-84774 45850,-84775 45859,-84793 45868,-84821 45871,-84829 45872,-84831 45873,-84832 45876,-84834 45877,-84835 45881,-84838 45882,-84838 45884,-84838 45887,-84838 45888,-84838 45889,-84838 45893,-84840 45895,-84841 45898,-84842 45898,-84843 45899,-84845 45899,-84846 45900,-84851 45900,-84853 45902,-84856 45903,-84859 45904,-84861 45907,-84868 45908,-84870 45910,-84873 45913,-84877 45915,-84879 45916,-84880 45924,-84903 45931,-84917 45955,-84937 45956,-84937 45984,-84971 45986,-84974 45987,-84975 45999,-84993 46006,-85004 46009,-85010 46009,-85011 46011,-85014 46013,-85021 46021,-85047 46021,-85048 46021,-85049 46023,-85054 46023,-85056 46027,-85082 46028,-85088 46028,-85089 46032,-85103 46034,-85105 46034,-85107 46038,-85114 46043,-85125 46044,-85125 46044,-85127 46046,-85130 46047,-85134 46049,-85138 46049,-85140 46050,-85141 46050,-85142 46050,-85145 46050,-85147 46051,-85152 46048,-85191 46046,-85195 46045,-85198 46053,-85211 46056,-85215 46058,-85218 46059,-85220 46060,-85221 46061,-85222 46061,-85223 46061,-85225 46064,-85248 46065,-85255 46066,-85266 46066,-85268 46069,-85278 46072,-85288 46073,-85290 46076,-85295 46081,-85304 46084,-85311 46087,-85316 46092,-85335 46093,-85336 46092,-85356 46087,-85367 46082,-85381 46083,-85382 46084,-85383 46091,-85390 46095,-85394 46099,-85404 46101,-85409 46101,-85412 46102,-85427 46101,-85429 46101,-85430 46100,-85432 46098,-85437 46098,-85438 46096,-85442 46095,-85442 46094,-85442 46093,-85441 46093,-85440 46086,-85446 46085,-85447 46087,-85453 46092,-85467 46092,-85469 46095,-85476 46096,-85480 46096,-85481 46097,-85486 46097,-85499 46097,-85500 46095,-85513 46091,-85521 46091,-85522 46087,-85528 46087,-85529 46084,-85533 46080,-85539 46080,-85541 46078,-85543 46076,-85546 46064,-85561 46062,-85564 46030,-85604 46012,-85616 46009,-85618 46008,-85618 46003,-85625 46000,-85628 45999,-85629 45986,-85646 45985,-85646 45985,-85647 45985,-85648 45984,-85649 45983,-85649 45981,-85650 45980,-85651 45974,-85655 45967,-85664 45967,-85665 45962,-85688 45960,-85697 45960,-85698 45961,-85702 45962,-85704 45962,-85705 45962,-85707 45964,-85716 45965,-85724 45965,-85725 45965,-85732 45965,-85744 45969,-85760 45971,-85771 45972,-85774 45977,-85790 45978,-85791 45978,-85792 45980,-85809 45980,-85810 45980,-85811 45979,-85817 45979,-85818 45978,-85821 45976,-85826 45971,-85830 45968,-85832 45968,-85833 45967,-85835 45966,-85838 45966,-85839 45965,-85842 45965,-85843 45968,-85860 45968,-85861 45968,-85865 45969,-85882 45967,-85893 45959,-85909 45956,-85912 45956,-85913 45948,-85923 45938,-85926 45932,-85926 45928,-85917 45922,-85910 45919,-85914 45921,-85921 45937,-85954 45951,-85999 45962,-86051 45965,-86072 45967,-86095 45965,-86124 45957,-86146 45954,-86150 45954,-86159 45963,-86197 45963,-86208 45959,-86221 45949,-86229 45946,-86234 45945,-86248 45949,-86255 45942,-86278 45915,-86316 45906,-86324 45852,-86333 45834,-86349 45805,-86355 45798,-86352 45790,-86364 45789,-86370 45790,-86396 45795,-86402 45794,-86416 45790,-86425 45786,-86428 45783,-86429 45779,-86427 45776,-86428 45768,-86432 45764,-86435 45764,-86436 45761,-86440 45760,-86442 45757,-86456 45758,-86460 45760,-86466 45757,-86479 45747,-86486 45749,-86496 45754,-86504 45752,-86515 45748,-86518 45736,-86523 45721,-86525 45711,-86533 45708,-86537 45708,-86541 45716,-86571 45712,-86581 45705,-86586 45682,-86585 45666,-86588 45666,-86594 45670,-86611 45667,-86620 45664,-86625 45659,-86628 45621,-86617 45607,-86617 45613,-86624 45618,-86633 45616,-86648 45622,-86666 45634,-86687 45640,-86689 45648,-86695 45649,-86708 45668,-86718 45677,-86718 45684,-86716 45691,-86705 45688,-86689 45692,-86676 45702,-86666 45709,-86666 45711,-86669 45721,-86671 45729,-86663 45733,-86647 45748,-86633 45764,-86635 45782,-86631 45784,-86617 45779,-86612 45775,-86598 45778,-86583 45789,-86577 45792,-86581 45795,-86582 45801,-86577 45805,-86571 45804,-86563 45808,-86557 45813,-86556 45822,-86559 45832,-86555 45836,-86550 45836,-86546 45840,-86539 45853,-86529 45857,-86528 45875,-86530 45883,-86533 45890,-86541 45896,-86554 45901,-86568 45899,-86583 45885,-86593 45877,-86603 45876,-86614 45868,-86626 45860,-86633 45843,-86632 45834,-86646 45845,-86721 45849,-86729 45865,-86742 45868,-86750 45867,-86758 45860,-86782 45855,-86784 45830,-86782 45827,-86777 45822,-86775 45811,-86773 45795,-86786 45780,-86801 45770,-86822 45765,-86824 45761,-86821 45757,-86822 45742,-86839 45729,-86842 45722,-86839 45710,-86870 45712,-86877 45711,-86895 45710,-86904 45698,-86921 45696,-86944 45673,-86964 45675,-86967 45685,-86967 45692,-86970 45696,-86981 45706,-86985 45720,-86982 45729,-86978 45753,-86975 45766,-86981 45792,-86982 45811,-86988 45832,-87005 45832,-87006 45839,-87019 45837,-87031 45834,-87040 45824,-87050 45822,-87052 45812,-87057 45809,-87058 45806,-87058 45804,-87058 45802,-87059 45796,-87059 45795,-87059 45788,-87058 45779,-87058 45778,-87059 45767,-87064 45759,-87064 45753,-87062 45752,-87056 45748,-87053 45737,-87057 45733,-87062 45719,-87070 45709,-87060 45708,-87060 45708,-87061 45706,-87074 45705,-87075 45701,-87093 45701,-87095 45699,-87099 45695,-87100 45686,-87112 45686,-87113 45682,-87129 45674,-87147 45672,-87150 45667,-87162 45662,-87172 45660,-87173 45642,-87191 45636,-87197 45616,-87211 45610,-87216 45606,-87219 45599,-87224 45591,-87232 45589,-87235 45569,-87250 45556,-87261 45554,-87262 45552,-87263 45551,-87264 45550,-87264 45518,-87281 45502,-87289 45501,-87289 45476,-87306 45467,-87317 45465,-87320 45451,-87330 45447,-87333 45446,-87333 45443,-87334 45442,-87334 45437,-87333 45434,-87331 45432,-87330 45431,-87329 45431,-87327 45430,-87326 45429,-87326 45425,-87328 45423,-87330 45422,-87331 45415,-87336 45414,-87338 45408,-87351 45407,-87351 45400,-87360 45399,-87360 45397,-87361 45389,-87364 45384,-87371 45372,-87388 45371,-87389 45371,-87390 45370,-87391 45369,-87392 45364,-87395 45349,-87400 45339,-87410 45321,-87427 45316,-87432 45308,-87436 45306,-87437 45304,-87438 45293,-87439 45281,-87456 45280,-87456 45274,-87465 45273,-87465 45240,-87497 45234,-87503 45233,-87504 45224,-87512 45208,-87530 45204,-87535 45192,-87549 45190,-87552 45188,-87556 45184,-87563 45169,-87582 45166,-87586 45164,-87588 45152,-87597 45147,-87601 45135,-87608 45132,-87609 45123,-87612 45122,-87612 45121,-87612 45121,-87611 45120,-87611 45114,-87610 45113,-87609 45110,-87607 45109,-87605 45108,-87604 45106,-87603 45105,-87602 45104,-87601 45103,-87600 45102,-87599 45101,-87598 45098,-87592 45096,-87590 45096,-87589 45097,-87582 45095,-87590 45108,-87660 45171,-87731 45177,-87735 45198,-87742 45202,-87739 45207,-87732 45243,-87712 45258,-87708 45260,-87709 45339,-87648 45351,-87648 45369,-87657 45382,-87675 45389,-87686 45390,-87694 45377,-87719 45352,-87751 45351,-87771 45353,-87790 45352,-87833 45351,-87835 45345,-87838 45340,-87850 45352,-87885 45355,-87888 45424,-87860 45460,-87820 45464,-87813 45472,-87806 45485,-87799 45500,-87793 45566,-87789 45617,-87792 45619,-87796 45647,-87824 45660,-87824 45673,-87782 45680,-87781 45708,-87807 45723,-87829 45749,-87868 45795,-87991 45790,-88040 45781,-88051 45781,-88058 45780,-88072 45786,-88094 45810,-88130 45819,-88136 45823,-88134 45838,-88114 45841,-88107 45856,-88089 45872,-88073 45876,-88074 45910,-88103 45919,-88119 45930,-88139 45945,-88176 45950,-88202 45945,-88211 45949,-88240 45952,-88244 45963,-88250 45951,-88296 45989,-88376 45982,-88423 45991,-88490 45995,-88497 46000,-88500 46018,-88507 46021,-88532 45991,-88613 45988,-88616 45985,-88638 45988,-88666 46000,-88671 46000,-88670 46011,-88675 46014,-88679 46015,-88683 46027,-88731 46027,-88740 46019,-88770 46022,-88816 46031,-88841 46039,-88848 46040,-88850 46074,-88933
MN 46673,-92192 46663,-92197 46655,-92202 46652,-92207 46650,-92212 46650,-92222 46650,-92228 46649,-92232 46649,-92233 46649,-92235 46649,-92242 46650,-92251 46650,-92254 46651,-92257 46651,-92263 46651,-92264 46652,-92270 46654,-92274 46655,-92276 46656,-92277 46663,-92292 46625,-92292 46605,-92292 46496,-92292 46479,-92293 46432,-92293 46421,-92293 46417,-92293 46322,-92293 46319,-92293 46315,-92293 46314,-92293 46307,-92293 46304,-92293 46298,-92293 46295,-92293 46244,-92294 46225,-92294 46180,-92294 46167,-92294 46157,-92294 46114,-92294 46078,-92294 46074,-92294 46072,-92307 46067,-92327 46015,-92443 45924,-92656 45895,-92708 45884,-92721 45868,-92734 45819,-92762 45798,-92768 45764,-92785 45750,-92804 45730,-92841 45722,-92864 45718,-92869 45655,-92884 45644,-92886 45628,-92888 45595,-92886 45575,-92884 45568,-92871 45561,-92823 45562,-92803 45531,-92726 45464,-92680 45393,-92664 45327,-92705 45304,-92733 45296,-92746 45293,-92752 45279,-92761 45210,-92766 45194,-92767 45078,-92793 45046,-92791 45008,-92769 44937,-92751 44862,-92762 44861,-92762 44836,-92765 44794,-92784 44746,-92802 44745,-92802 44717,-92737 44714,-92732 44649,-92632 44639,-92622 44629,-92620 44576,-92550 44570,-92534 44566,-92492 44558,-92357 44555,-92340 44551,-92329 44545,-92320 44541,-92316 44538,-92314 44519,-92303 44500,-92302 44485,-92291 44474,-92277 44454,-92242 44446,-92234 44440,-92221 44416,-92115 44406,-92084 44394,-92046 44367,-91972 44362,-91964 44334,-91926 44323,-91919 44253,-91887 44246,-91888 44235,-91893 44231,-91893 44201,-91875 44193,-91863 44159,-91808 44134,-91741 44130,-91722 44091,-91673 44031,-91592 44027,-91580 44024,-91559 44022,-91547 44019,-91506 44009,-91464 44000,-91437 43997,-91433 43984,-91420 43927,-91363 43867,-91311 43857,-91299 43847,-91284 43792,-91262 43727,-91268 43668,-91273 43615,-91269 43610,-91265 43501,-91218 43501,-91369 43501,-91372 43500,-91377 43500,-91442 43501,-91446 43501,-91461 43501,-91465 43501,-91491 43501,-91534 43501,-91541 43501,-91551 43501,-91591 43501,-91611 43501,-91615 43501,-91617 43501,-91621 43501,-91626 43500,-91634 43500,-91636 43501,-91640 43501,-91645 43500,-91651 43501,-91658 43501,-91671 43501,-91701 43501,-91730 43501,-91733 43501,-91737 43501,-91738 43501,-91761 43501,-91778 43501,-91779 43501,-91805 43501,-91807 43501,-91825 43501,-91942 43500,-91950 43501,-92080 43501,-92090 43501,-92104 43501,-92179 43501,-92199 43500,-92277 43500,-92279 43500,-92369 43500,-92388 43500,-92406 43501,-92409 43500,-92449 43500,-92465 43500,-92553 43500,-92649 43500,-92653 43500,-92673 43500,-92689 43500,-92693 43500,-92707 43500,-92752 43500,-92790 43500,-92870 43500,-93008 43500,-93024 43500,-93049 43500,-93229 43499,-93272 43499,-93399 43499,-93429 43499,-93469 43499,-93473 43499,-93482 43499,-93488 43499,-93497 43499,-93528 43499,-93532 43500,-93559 43500,-93577 43500,-93617 43500,-93649 43500,-93699 43500,-93705 43500,-93709 43500,-93716 43500,-93794 43500,-93796 43500,-93971 43500,-94093 43500,-94094 43500,-94108 43500,-94110 43500,-94248 43500,-94377 43500,-94391 43501,-94443 43501,-94447 43500,-94470 43500,-94561 43500,-94566 43501,-94616 43501,-94855 43501,-94858 43501,-94860 43501,-94873 43501,-94874 43501,-94887 43500,-94915 43500,-94935 43500,-94954 43501,-94974 43501,-94994 43501,-95014 43501,-95034 43501,-95054 43501,-95115 43501,-95123 43501,-95167 43501,-95168 43501,-95180 43501,-95215 43500,-95251 43500,-95375 43500,-95388 43500,-95434 43501,-95454 43501,-95455 43500,-95475 43500,-95487 43500,-95515 43500,-95741 43500,-95742 43500,-95821 43500,-95834 43500,-95861 43500,-96053 43500,-96198 43500,-96199 43500,-96209 43500,-96332 43500,-96351 43500,-96453 43587,-96453 43588,-96453 43608,-96453 43610,-96453 43675,-96453 43690,-96453 43791,-96453 43805,-96453 43850,-96453 43877,-96453 43879,-96453 43949,-96453 43951,-96453 43967,-96453 43978,-96453 43980,-96453 43993,-96453 43995,-96453 44007,-96453 44009,-96453 44024,-96453 44025,-96453 44036,-96453 44038,-96453 44197,-96453 44255,-96453 44255,-96452 44269,-96452 44272,-96452 44283,-96453 44286,-96453 44297,-96452 44299,-96452 44312,-96452 44313,-96452 44326,-96452 44328,-96452 44341,-96452 44342,-96452 44345,-96452 44355,-96452 44360,-96452 44384,-96452 44390,-96452 44442,-96452 44460,-96452 44471,-96452 44473,-96452 44507,-96452 44517,-96452 44527,-96452 44544,-96452 44631,-96452 44703,-96452 44761,-96452 44762,-96451 44776,-96452 44790,-96452 44792,-96452 44798,-96452 44805,-96452 44806,-96452 44890,-96452 44907,-96452 44911,-96452 44963,-96452 44977,-96452 45042,-96452 45050,-96452 45052,-96452 45094,-96452 45095,-96452 45123,-96452 45124,-96452 45179,-96452 45203,-96452 45205,-96452 45209,-96452 45269,-96453 45284,-96453 45298,-96453 45302,-96454 45327,-96470 45357,-96489 45376,-96522 45408,-96618 45410,-96680 45417,-96693 45459,-96733 45479,-96743 45489,-96745 45521,-96765 45541,-96785 45586,-96835 45594,-96844 45599,-96849 45602,-96854 45606,-96858 45640,-96844 45645,-96841 45650,-96836 45702,-96745 45718,-96711 45732,-96673 45747,-96652 45820,-96583 45826,-96580 45840,-96577 45862,-96573 45888,-96569 45891,-96568 45899,-96568 45903,-96568 45911,-96569 45914,-96569 45915,-96569 45921,-96564 45926,-96565 45935,-96563 45964,-96570 46022,-96577 46027,-96578 46051,-96566 46058,-96559 46065,-96557 46085,-96555 46102,-96558 46170,-96578 46177,-96586 46264,-96599 46313,-96598 46354,-96632 46385,-96670 46440,-96722 46445,-96716 46544,-96739 46630,-96783 46631,-96783 46687,-96784 46812,-96802 46905,-96767 46928,-96780 46934,-96792 46971,-96823 46993,-96825 47000,-96823 47125,-96825 47151,-96827 47238,-96833 47375,-96853 47422,-96862 47500,-96854 47504,-96853 47508,-96842 47598,-96851 47664,-96886 47672,-96891 47816,-96980 47861,-97000 47874,-97023 48060,-97088 48071,-97098 48109,-97123 48171,-97148 48173,-97147 48194,-97147 48243,-97147 48247,-97143 48250,-97135 48250,-97130 48280,-97117 48324,-97116 48342,-97127 48352,-97136 48397,-97146 48407,-97131 48421,-97123 48520,-97127 48539,-97151 48543,-97161 48544,-97163 48682,-97093 48749,-97138 48788,-97158 48881,-97200 48947,-97233 48968,-97239 48983,-97238 48997,-97234 49001,-97229 49000,-96405 48999,-95369 48999,-95356 48999,-95341 48999,-95323 48999,-95320 48999,-95154 49185,-95153 49250,-95153 49306,-95153 49308,-95153 49309,-95153 49343,-95153 49344,-95153 49354,-95153 49366,-95153 49368,-95153 49369,-95153 49383,-95153 49384,-95153 49369,-95126 49353,-95058 49356,-95014 49369,-94989 49370,-94957 49350,-94909 49309,-94824 49198,-94798 49121,-94773 49100,-94750 49000,-94750 49000,-94719 48884,-94683 48883,-94683 48864,-94690 48863,-94690 48778,-94691 48750,-94646 48749,-94645 48739,-94629 48701,-94533 48696,-94469 48707,-94432 48711,-94416 48712,-94389 48710,-94308 48708,-94291 48696,-94261 48684,-94251 48657,-94250 48656,-94250 48653,-94244 48650,-94224 48644,-94126 48644,-94052 48629,-93841 48625,-93834 48609,-93823 48578,-93807 48568,-93805 48542,-93811 48534,-93818 48530,-93818 48527,-93815 48516,-93794 48516,-93772 48515,-93756 48516,-93662 48529,-93544 48546,-93468 48551,-93461 48562,-93457 48567,-93457 48574,-93462 48587,-93466 48592,-93464 48608,-93404 48608,-93367 48627,-93348 48643,-93255 48642,-93207 48625,-93180 48625,-93142 48628,-93088 48625,-92980 48539,-92728 48546,-92658 48543,-92635 48518,-92626 48513,-92625 48508,-92631 48503,-92627 48499,-92637 48497,-92661 48498,-92685 48495,-92699 48463,-92713 48444,-92688 48437,-92656 48441,-92576 48448,-92537 48448,-92507 48414,-92456 48294,-92415 48243,-92384 48237,-92325 48277,-92295 48278,-92296 48289,-92301 48316,-92306 48323,-92305 48343,-92289 48355,-92262 48359,-92055 48326,-92031 48260,-91990 48247,-91978 48246,-91977 48252,-91954 48251,-91954 48238,-91908 48238,-91907 48218,-91868 48200,-91798 48198,-91790 48204,-91742 48199,-91715 48194,-91711 48145,-91699 48123,-91708 48117,-91712 48115,-91712 48098,-91641 48093,-91570 48068,-91488 48073,-91340 48071,-91329 48074,-91290 48079,-91266 48084,-91250 48126,-91176 48148,-91141 48151,-91138 48189,-91036 48191,-91033 48219,-90977 48246,-90885 48244,-90847 48244,-90844 48240,-90839 48178,-90804 48143,-90790 48136,-90795 48136,-90794 48122,-90776 48119,-90774 48098,-90762 48091,-90752 48107,-90570 48099,-90496 48100,-90495 48105,-90452 48105,-90403 48094,-90344 48095,-90343 48100,-90337 48102,-90330 48105,-90312 48112,-90177 48112,-90136 48108,-90125 48107,-90124 48105,-90092 48101,-90074 48085,-90024 48058,-89998 48049,-89994 48035,-89997 48028,-89993 48014,-89968 47988,-89897 47985,-89873 47992,-89848 48015,-89820 48023,-89764 48023,-89749 48020,-89724 48011,-89688 48008,-89656 48003,-89564 48015,-89489 48005,-89492 48002,-89495 47993,-89542 47987,-89552 47981,-89553 47975,-89555 47967,-89572 47966,-89588 47971,-89596 47981,-89611 47983,-89625 47980,-89632 47973,-89637 47968,-89640 47960,-89640 47954,-89638 47954,-89640 47951,-89661 47941,-89698 47925,-89730 47918,-89738 47907,-89759 47891,-89794 47874,-89854 47874,-89872 47862,-89924 47858,-89931 47851,-89928 47847,-89934 47831,-89974 47821,-90014 47818,-90043 47811,-90072 47808,-90072 47803,-90076 47804,-90082 47803,-90088 47795,-90117 47796,-90132 47793,-90161 47786,-90179 47778,-90188 47776,-90229 47773,-90249 47759,-90296 47757,-90306 47757,-90314 47754,-90323 47751,-90330 47746,-90333 47741,-90386 47738,-90394 47735,-90421 47732,-90438 47726,-90442 47721,-90458 47703,-90537 47690,-90551 47681,-90585 47656,-90648 47644,-90686 47624,-90736 47557,-90868 47533,-90907 47530,-90910 47526,-90910 47523,-90914 47520,-90919 47519,-90928 47515,-90939 47465,-91023 47458,-91033 47457,-91046 47429,-91078 47414,-91098 47412,-91106 47400,-91128 47394,-91131 47381,-91147 47379,-91157 47366,-91170 47340,-91189 47329,-91206 47305,-91239 47290,-91250 47279,-91263 47279,-91266 47277,-91271 47266,-91288 47239,-91326 47213,-91354 47207,-91358 47198,-91374 47187,-91387 47184,-91398 47172,-91419 47145,-91452 47139,-91457 47126,-91477 47123,-91498 47118,-91507 47108,-91519 47090,-91574 47069,-91592 47063,-91601 47063,-91605 47059,-91613 47050,-91627 47040,-91637 47026,-91645 47019,-91660 47014,-91666 47005,-91705 46983,-91737 46952,-91777 46946,-91781 46940,-91794 46934,-91807 46927,-91826 46927,-91835 46925,-91841 46908,-91871 46906,-91883 46891,-91906 46884,-91915 46867,-91953 46850,-91985 46839,-91998 46834,-92013 46810,-92059 46804,-92062 46794,-92086 46788,-92094 46774,-92088 46745,-92064 46711,-92026 46706,-92015 46704,-92020 46706,-92025 46709,-92034 46749,-92089 46749,-92117 46726,-92170 46724,-92173 46718,-92189 46710,-92195 46704,-92196 46703,-92196 46702,-92197 46698,-92195 46697,-92194 46695,-92193 46690,-92188 46679,-92188 46673,-92191 46673,-92192
MS 34994,-89198 34994,-89139 34995,-89017 34995,-88823 34995,-88787 34996,-88470 34996,-88381 34996,-88364 34995,-88258 34996,-88254 34996,-88200 34902,-88125 34892,-88098 34724,-88118 34589,-88139 34588,-88139 34582,-88140 34463,-88155 34383,-88166 34381,-88166 34321,-88174 34302,-88176 34294,-88177 34087,-88204 34058,-88207 33913,-88226 33912,-88227 33745,-88248 33699,-88254 33696,-88255 33683,-88256 33682,-88256 33594,-88267 33592,-88267 33585,-88268 33577,-88269 33573,-88270 33571,-88270 33534,-88275 33516,-88277 33512,-88277 33399,-88291 33288,-88305 32991,-88340 32929,-88348 32627,-88383 32578,-88389 32450,-88404 32309,-88421 32228,-88432 32173,-88439 32172,-88439 32041,-88455 32040,-88455 31933,-88469 31930,-88469 31894,-88470 31851,-88471 31698,-88464 31624,-88460 31622,-88459 31436,-88449 31421,-88449 31356,-88445 31231,-88438 31230,-88438 31114,-88432 31001,-88426 31000,-88426 30998,-88426 30736,-88412 30732,-88412 30730,-88412 30713,-88412 30706,-88411 30669,-88410 30637,-88408 30632,-88407 30623,-88407 30545,-88404 30543,-88404 30533,-88404 30511,-88402 30369,-88395 30368,-88397 30361,-88399 30355,-88397 30352,-88394 30349,-88394 30344,-88401 30342,-88410 30354,-88419 30355,-88434 30348,-88446 30338,-88447 30330,-88454 30320,-88472 30318,-88480 30321,-88505 30322,-88506 30327,-88506 30340,-88522 30343,-88536 30344,-88579 30358,-88596 30359,-88599 30356,-88602 30353,-88614 30359,-88625 30362,-88664 30356,-88680 30347,-88692 30344,-88701 30342,-88714 30343,-88729 30348,-88747 30365,-88772 30385,-88812 30388,-88813 30391,-88810 30395,-88810 30402,-88824 30410,-88841 30405,-88846 30393,-88858 30375,-88851 30387,-88881 30389,-88884 30392,-88885 30393,-88894 30394,-88922 30391,-88971 30384,-89016 30368,-89083 30331,-89187 30322,-89220 30305,-89272 30303,-89286 30303,-89291 30308,-89294 30328,-89292 30333,-89288 30332,-89282 30350,-89280 30366,-89292 30375,-89315 30374,-89336 30373,-89341 30371,-89349 30369,-89353 30357,-89364 30352,-89366 30344,-89346 30343,-89339 30338,-89333 30319,-89322 30315,-89323 30303,-89330 30293,-89345 30289,-89359 30285,-89366 30270,-89380 30268,-89384 30254,-89419 30245,-89425 30239,-89424 30223,-89430 30205,-89447 30185,-89448 30175,-89461 30174,-89464 30176,-89470 30192,-89476 30194,-89480 30188,-89490 30183,-89503 30183,-89523 30181,-89525 30181,-89573 30186,-89581 30217,-89608 30288,-89643 30293,-89644 30301,-89641 30321,-89630 30339,-89630 30452,-89683 30459,-89691 30492,-89725 30493,-89733 30516,-89761 30572,-89807 30609,-89823 30666,-89843 30737,-89826 30852,-89790 30898,-89773 30899,-89771 30900,-89757 30919,-89745 30971,-89728 31002,-89728 31005,-89733 31002,-89753 31002,-89816 31002,-89825 31002,-89836 31002,-89857 31002,-89893 31002,-89898 31001,-89923 31001,-89927 31001,-89973 31002,-89975 31001,-90005 31001,-90022 31001,-90030 31001,-90051 31001,-90128 31001,-90131 31001,-90164 31001,-90165 31001,-90260 31000,-90346 31000,-90347 31000,-90369 31000,-90422 31000,-90427 31000,-90437 31000,-90442 31000,-90474 31000,-90476 31000,-90477 31000,-90486 31000,-90487 31000,-90548 31000,-90567 31000,-90584 31000,-90587 31000,-90589 30999,-90649 31000,-90651 30999,-90734 30999,-90735 31000,-90759 30999,-90769 30999,-90776 30999,-90780 30999,-90784 30999,-90826 30999,-91060 30999,-91068 30999,-91081 30999,-91108 30999,-91176 30999,-91224 30999,-91225 30999,-91424 30999,-91426 30999,-91539 30999,-91625 30999,-91637 31020,-91585 31030,-91572 31043,-91562 31054,-91560 31061,-91561 31067,-91564 31078,-91577 31155,-91604 31192,-91600 31205,-91598 31261,-91574 31264,-91548 31273,-91522 31278,-91516 31292,-91509 31311,-91520 31327,-91531 31337,-91540 31357,-91541 31379,-91525 31387,-91514 31401,-91505 31419,-91500 31433,-91505 31439,-91510 31449,-91515 31520,-91523 31531,-91516 31533,-91511 31530,-91480 31540,-91450 31546,-91438 31554,-91423 31562,-91417 31567,-91415 31578,-91425 31581,-91438 31583,-91449 31583,-91459 31586,-91471 31592,-91477 31598,-91478 31605,-91478 31611,-91478 31622,-91475 31629,-91465 31631,-91453 31631,-91441 31631,-91422 31638,-91405 31656,-91398 31688,-91400 31709,-91398 31733,-91380 31747,-91369 31753,-91365 31761,-91366 31780,-91364 31799,-91360 31843,-91346 31851,-91338 31855,-91327 31860,-91293 31870,-91248 31986,-91128 32101,-91035 32113,-91028 32120,-91027 32124,-91027 32130,-91030 32135,-91034 32137,-91041 32139,-91047 32137,-91052 32136,-91057 32132,-91067 32126,-91131 32133,-91163 32134,-91165 32144,-91172 32155,-91175 32177,-91171 32197,-91164 32202,-91158 32213,-91134 32217,-91123 32241,-91047 32242,-91039 32236,-91022 32224,-91006 32215,-91005 32315,-90905 32329,-90899 32338,-90902 32339,-90912 32352,-90987 32358,-91000 32362,-91004 32368,-91005 32404,-90994 32434,-91030 32438,-91053 32445,-91070 32459,-91095 32472,-91109 32483,-91116 32500,-91117 32545,-91098 32549,-91094 32553,-91089 32563,-91091 32564,-91091 32577,-91097 32585,-91104 32585,-91120 32586,-91128 32597,-91141 32604,-91146 32616,-91151 32631,-91154 32642,-91152 32674,-91118 32685,-91099 32694,-91076 32703,-91064 32713,-91057 32722,-91054 32727,-91061 32733,-91077 32743,-91123 32742,-91154 32747,-91163 32751,-91165 32786,-91164 32812,-91162 32822,-91158 32843,-91145 32855,-91128 32856,-91116 32858,-91106 32873,-91087 32889,-91071 32904,-91064 32924,-91064 32976,-91087 32984,-91094 32989,-91107 32985,-91125 32981,-91134 32971,-91139 32964,-91131 32923,-91132 32918,-91134 32905,-91145 32900,-91160 32900,-91175 32907,-91197 32915,-91208 32922,-91213 32930,-91214 32961,-91202 33004,-91166 33011,-91158 33038,-91126 33145,-91088 33222,-91086 33246,-91111 33298,-91141 33420,-91184 33430,-91132 33449,-91118 33473,-91125 33529,-91216 33553,-91232 33560,-91228 33567,-91224 33583,-91152 33594,-91134 33606,-91130 33626,-91157 33646,-91187 33657,-91193 33669,-91189 33679,-91186 33684,-91176 33679,-91148 33684,-91140 33688,-91133 33696,-91128 33708,-91127 33729,-91136 33750,-91145 33777,-91140 33840,-91068 33915,-91037 33960,-91088 33973,-91089 34003,-91019 34008,-90965 34033,-90887 34066,-90879 34087,-90888 34096,-90912 34108,-90929 34120,-90932 34124,-90933 34130,-90935 34154,-90918 34156,-90893 34169,-90880 34180,-90881 34192,-90896 34210,-90913 34223,-90911 34230,-90895 34228,-90869 34239,-90856 34363,-90764 34376,-90659 34391,-90614 34415,-90575 34435,-90566 34525,-90570 34642,-90576 34657,-90577 34666,-90564 34662,-90550 34659,-90539 34663,-90521 34679,-90509 34690,-90510 34707,-90533 34727,-90555 34763,-90550 34784,-90537 34783,-90520 34770,-90501 34767,-90495 34769,-90480 34783,-90467 34833,-90478 34853,-90474 34857,-90461 34855,-90436 34835,-90424 34832,-90415 34833,-90408 34846,-90307 34861,-90294 34907,-90250 34938,-90244 34955,-90254 34996,-90309 34994,-89893 34994,-89883 34994,-89848 34994,-89795 34995,-89724 34995,-89644 34995,-89511 34994,-89494 34994,-89353 34994,-89198
MO 36337,-89545 36338,-89560 36342,-89582 36342,-89606 36340,-89611 36336,-89616 36330,-89620 36323,-89620 36309,-89612 36288,-89578 36278,-89554 36280,-89545 36277,-89539 36271,-89536 36253,-89535 36248,-89542 36239,-89590 36238,-89602 36248,-89678 36252,-89691 36248,-89700 36185,-89629 36180,-89618 36171,-89607 36155,-89594 36144,-89592 36127,-89594 36119,-89602 36109,-89624 36052,-89684 36034,-89687 36025,-89690 36001,-89707 36001,-89733 36001,-89738 36001,-89770 36000,-89869 36000,-89875 36000,-89876 35999,-89897 35999,-89901 35999,-89959 35999,-89960 35999,-89961 35999,-89965 35999,-89973 35998,-90126 35998,-90127 35997,-90159 35996,-90289 35996,-90292 35996,-90339 35996,-90343 35996,-90369 36014,-90364 36090,-90319 36185,-90220 36201,-90199 36266,-90115 36272,-90084 36281,-90076 36303,-90064 36382,-90065 36393,-90073 36438,-90134 36488,-90156 36497,-90154 36498,-90152 36498,-90194 36498,-90217 36498,-90221 36498,-90229 36498,-90340 36498,-90495 36498,-90500 36498,-90576 36498,-90585 36498,-90594 36498,-90605 36499,-90613 36498,-90648 36498,-90653 36499,-90693 36498,-90711 36498,-90766 36499,-90782 36499,-90784 36499,-90850 36498,-90874 36498,-90877 36498,-90879 36498,-90961 36498,-90963 36498,-91009 36498,-91018 36498,-91096 36498,-91127 36498,-91217 36498,-91219 36498,-91227 36497,-91405 36497,-91407 36497,-91433 36497,-91437 36497,-91446 36498,-91450 36499,-91530 36499,-91537 36499,-91539 36499,-91549 36499,-91596 36499,-91601 36499,-91631 36499,-91643 36499,-91672 36499,-91686 36499,-91688 36499,-91727 36499,-91766 36499,-91785 36499,-91799 36499,-91802 36499,-91806 36499,-91864 36499,-91866 36498,-91986 36498,-91989 36499,-92019 36499,-92029 36499,-92056 36499,-92057 36499,-92075 36499,-92098 36499,-92120 36499,-92138 36499,-92150 36498,-92199 36498,-92211 36498,-92214 36498,-92216 36498,-92309 36498,-92318 36498,-92529 36498,-92772 36498,-92839 36498,-92854 36498,-92894 36498,-93014 36498,-93068 36498,-93070 36498,-93088 36498,-93089 36498,-93296 36498,-93315 36499,-93395 36499,-93396 36499,-93427 36499,-93507 36499,-93515 36499,-93584 36499,-93700 36499,-93710 36499,-93719 36499,-93728 36499,-93867 36499,-93906 36499,-93922 36499,-93959 36499,-93964 36499,-94077 36499,-94099 36499,-94100 36499,-94111 36499,-94519 36499,-94559 36499,-94618 36515,-94618 36518,-94618 36534,-94618 36536,-94618 36537,-94618 36578,-94618 36599,-94618 36607,-94618 36613,-94618 36668,-94618 36669,-94618 36701,-94618 36767,-94618 36847,-94618 36880,-94619 36897,-94618 36911,-94618 36926,-94618 36930,-94618 36938,-94618 36947,-94618 36950,-94618 36995,-94618 36996,-94618 36998,-94618 37009,-94618 37041,-94618 37057,-94618 37075,-94618 37086,-94618 37093,-94618 37094,-94618 37097,-94618 37104,-94618 37113,-94618 37130,-94618 37132,-94618 37160,-94618 37175,-94618 37181,-94619 37189,-94618 37207,-94618 37208,-94618 37228,-94618 37229,-94618 37238,-94618 37240,-94618 37324,-94618 37337,-94618 37338,-94618 37364,-94618 37367,-94618 37368,-94618 37396,-94618 37411,-94618 37426,-94617 37440,-94617 37455,-94617 37460,-94617 37465,-94617 37470,-94617 37484,-94617 37522,-94617 37528,-94617 37553,-94617 37557,-94617 37567,-94617 37571,-94617 37572,-94617 37610,-94617 37637,-94617 37654,-94618 37673,-94618 37682,-94618 37687,-94618 37688,-94618 37690,-94618 37722,-94618 37730,-94618 37819,-94617 37838,-94616 37845,-94616 37863,-94616 37873,-94616 37878,-94616 37887,-94616 37902,-94615 37906,-94615 37916,-94615 37934,-94615 37937,-94615 37941,-94615 37944,-94615 37950,-94615 37952,-94615 37971,-94615 37988,-94614 37992,-94614 38037,-94614 38060,-94614 38066,-94614 38067,-94614 38150,-94614 38161,-94614 38168,-94613 38191,-94613 38201,-94613 38204,-94613 38218,-94613 38219,-94613 38227,-94613 38238,-94613 38270,-94613 38290,-94613 38291,-94613 38303,-94613 38315,-94613 38320,-94613 38324,-94613 38336,-94613 38364,-94613 38370,-94613 38389,-94613 38392,-94613 38403,-94613 38478,-94613 38483,-94613 38484,-94613 38492,-94613 38548,-94612 38550,-94612 38577,-94612 38580,-94612 38609,-94612 38620,-94612 38635,-94612 38738,-94610 38741,-94609 38742,-94609 38761,-94609 38811,-94608 38847,-94608 38855,-94608 38861,-94608 38867,-94608 38868,-94608 38869,-94608 38884,-94608 38937,-94608 38940,-94608 38942,-94608 39044,-94607 39066,-94607 39082,-94607 39090,-94607 39113,-94607 39140,-94590 39155,-94592 39158,-94596 39160,-94602 39174,-94707 39170,-94714 39169,-94724 39169,-94737 39173,-94752 39201,-94794 39227,-94832 39302,-94901 39321,-94908 39348,-94911 39356,-94908 39367,-94910 39400,-94947 39419,-94969 39533,-95103 39542,-95109 39554,-95114 39559,-95113 39574,-95107 39615,-95070 39674,-95015 39678,-95011 39725,-94938 39728,-94917 39763,-94895 39812,-94908 39886,-94928 39894,-94936 39901,-94954 39901,-94993 39901,-95008 39899,-95016 39890,-95025 39878,-95025 39872,-95028 39867,-95035 39865,-95042 39862,-95085 39869,-95108 39876,-95133 39900,-95181 39984,-95302 39991,-95308 40000,-95308 40009,-95312 40249,-95522 40262,-95552 40264,-95552 40286,-95551 40291,-95553 40342,-95623 40465,-95687 40483,-95693 40491,-95681 40520,-95659 40545,-95697 40537,-95697 40524,-95710 40524,-95749 40526,-95757 40532,-95767 40537,-95769 40574,-95775 40578,-95774 40585,-95766 40585,-95746 40584,-95688 40584,-95687 40584,-95642 40583,-95611 40583,-95574 40583,-95555 40582,-95533 40582,-95527 40582,-95525 40582,-95469 40581,-95415 40581,-95374 40580,-95358 40580,-95336 40579,-95222 40579,-95219 40579,-95217 40579,-95213 40579,-95212 40579,-95211 40579,-95202 40578,-95164 40578,-95154 40577,-95121 40577,-95112 40577,-95111 40577,-95110 40577,-95107 40577,-95098 40577,-95080 40577,-95069 40576,-94966 40576,-94955 40575,-94915 40575,-94901 40575,-94897 40574,-94824 40574,-94820 40574,-94811 40573,-94774 40572,-94717 40572,-94715 40572,-94683 40571,-94632 40571,-94594 40571,-94542 40571,-94538 40571,-94537 40571,-94534 40571,-94489 40571,-94471 40571,-94460 40571,-94430 40571,-94358 40571,-94337 40571,-94325 40572,-94311 40571,-94295 40572,-94287 40572,-94232 40573,-94091 40573,-94089 40573,-94080 40574,-94034 40574,-94015 40575,-93977 40575,-93964 40575,-93940 40575,-93939 40575,-93937 40575,-93936 40576,-93914 40576,-93901 40576,-93899 40576,-93898 40577,-93854 40577,-93841 40577,-93819 40577,-93815 40578,-93774 40578,-93770 40578,-93750 40578,-93743 40578,-93737 40578,-93728 40578,-93722 40578,-93690 40578,-93677 40578,-93669 40578,-93662 40578,-93659 40578,-93656 40579,-93597 40580,-93566 40580,-93565 40580,-93561 40580,-93559 40580,-93557 40580,-93554 40580,-93548 40580,-93528 40580,-93524 40580,-93467 40580,-93465 40580,-93442 40580,-93374 40581,-93345 40581,-93318 40581,-93261 40584,-93099 40584,-93097 40584,-93086 40587,-92958 40588,-92942 40588,-92904 40588,-92890 40588,-92879 40588,-92863 40588,-92857 40588,-92835 40589,-92828 40589,-92757 40589,-92742 40590,-92715 40590,-92690 40590,-92687 40591,-92639 40591,-92638 40592,-92580 40595,-92485 40595,-92482 40595,-92462 40595,-92454 40597,-92380 40597,-92351 40598,-92331 40598,-92299 40600,-92236 40600,-92218 40600,-92202 40600,-92196 40601,-92180 40602,-92096 40602,-92093 40602,-92083 40602,-92082 40603,-92070 40603,-92068 40604,-92030 40604,-91999 40605,-91971 40606,-91943 40608,-91868 40610,-91832 40610,-91825 40611,-91814 40611,-91800 40611,-91795 40611,-91786 40614,-91729 40599,-91717 40588,-91696 40541,-91620 40534,-91618 40514,-91622 40507,-91619 40411,-91525 40393,-91491 40384,-91485 40378,-91419 40363,-91445 40342,-91462 40286,-91490 40249,-91501 40234,-91506 40201,-91510 40181,-91513 40128,-91510 40037,-91495 39980,-91460 39946,-91456 39870,-91446 39841,-91433 39777,-91365 39759,-91368 39745,-91370 39733,-91370 39729,-91368 39712,-91349 39685,-91313 39621,-91229 39598,-91178 39565,-91168 39553,-91159 39452,-91042 39423,-90994 39394,-90940 39362,-90883 39342,-90842 39313,-90799 39256,-90730 39251,-90727 39225,-90719 39101,-90681 39088,-90683 39057,-90713 39054,-90714 39047,-90712 38934,-90666 38928,-90663 38920,-90657 38889,-90625 38869,-90583 38869,-90567 38871,-90556 38875,-90544 38903,-90507 38926,-90487 38935,-90483 38944,-90482 38959,-90472 38962,-90468 38968,-90451 38963,-90406 38957,-90386 38926,-90276 38919,-90250 38909,-90226 38899,-90207 38849,-90113 38844,-90109 38837,-90109 38815,-90115 38806,-90118 38798,-90123 38771,-90165 38767,-90171 38726,-90210 38712,-90212 38703,-90209 38693,-90202 38688,-90195 38675,-90186 38660,-90181 38643,-90178 38634,-90178 38618,-90183 38612,-90185 38594,-90196 38589,-90203 38575,-90225 38545,-90249 38532,-90258 38528,-90260 38520,-90263 38472,-90279 38443,-90285 38427,-90295 38387,-90340 38382,-90346 38375,-90351 38334,-90371 38323,-90373 38282,-90374 38236,-90364 38214,-90354 38190,-90334 38122,-90254 38113,-90243 38089,-90204 38042,-90127 38017,-90072 37963,-89997 37927,-89975 37918,-89974 37882,-89951 37875,-89938 37875,-89937 37871,-89923 37870,-89902 37880,-89881 37897,-89863 37904,-89851 37906,-89845 37847,-89740 37803,-89674 37801,-89671 37671,-89515 37625,-89507 37585,-89512 37584,-89518 37579,-89521 37572,-89521 37566,-89522 37557,-89522 37537,-89517 37494,-89492 37471,-89476 37450,-89451 37437,-89440 37407,-89426 37388,-89421 37356,-89428 37347,-89433 37344,-89436 37340,-89448 37338,-89475 37335,-89485 37333,-89489 37311,-89512 37289,-89518 37282,-89517 37249,-89491 37218,-89468 37125,-89414 37055,-89385 37046,-89384 37040,-89378 37009,-89323 36992,-89292 36989,-89279 36985,-89271 36982,-89261 36983,-89245 36985,-89226 36982,-89207 36974,-89185 36970,-89170 36982,-89133 36944,-89101 36847,-89148 36836,-89177 36817,-89179 36813,-89179 36785,-89124 36752,-89130 36755,-89142 36759,-89169 36754,-89185 36739,-89198 36726,-89201 36716,-89199 36673,-89172 36650,-89175 36641,-89188 36629,-89198 36618,-89201 36602,-89203 36580,-89214 36569,-89227 36567,-89237 36565,-89260 36571,-89272 36594,-89295 36620,-89313 36632,-89327 36632,-89328 36631,-89344 36625,-89366 36614,-89376 36573,-89388 36538,-89401 36499,-89417 36482,-89429 36464,-89448 36458,-89460 36457,-89472 36462,-89486 36470,-89493 36479,-89493 36498,-89485 36514,-89472 36530,-89466 36536,-89465 36547,-89468 36560,-89473 36568,-89479 36572,-89485 36576,-89500 36581,-89528 36580,-89546 36577,-89553 36564,-89567 36553,-89572 36544,-89570 36525,-89560 36498,-89539 36481,-89523 36475,-89520 36375,-89510 36360,-89513 36349,-89519 36339,-89532 36337,-89545
MT 45001,-111044 44936,-111056 44934,-111056 44867,-111057 44666,-111055 44625,-111055 44474,-111049 44486,-111107 44494,-111123 44500,-111131 44517,-111139 44623,-111219 44724,-111324 44752,-111378 44751,-111395 44709,-111482 44706,-111489 44644,-111517 44605,-111526 44554,-111601 44553,-111618 44552,-111632 44560,-111704 44543,-111737 44515,-111807 44528,-111843 44540,-111849 44564,-111871 44557,-111948 44534,-112078 44534,-112187 44544,-112222 44549,-112229 44555,-112236 44561,-112247 44564,-112258 44564,-112274 44559,-112299 44539,-112340 44520,-112347 44493,-112357 44486,-112359 44472,-112371 44460,-112387 44463,-112410 44480,-112473 44484,-112544 44499,-112688 44504,-112719 44485,-112781 44451,-112812 44434,-112822 44421,-112822 44406,-112823 44394,-112825 44385,-112829 44382,-112831 44371,-112849 44374,-112876 44427,-112970 44451,-113004 44496,-113027 44619,-113057 44621,-113054 44629,-113049 44637,-113052 44719,-113101 44763,-113135 44781,-113158 44808,-113208 44823,-113247 44813,-113278 44789,-113329 44785,-113342 44791,-113354 44865,-113455 44895,-113476 44942,-113499 44949,-113494 44950,-113481 44948,-113473 44972,-113447 44980,-113446 45018,-113446 45046,-113449 45063,-113464 45062,-113474 45064,-113485 45130,-113576 45134,-113576 45143,-113566 45149,-113566 45191,-113600 45235,-113650 45249,-113674 45330,-113739 45407,-113761 45465,-113774 45483,-113766 45512,-113773 45521,-113786 45531,-113810 45550,-113813 45579,-113802 45589,-113805 45601,-113814 45613,-113835 45641,-113897 45682,-113934 45686,-113943 45701,-113972 45705,-113988 45696,-114016 45693,-114019 45680,-114023 45648,-114035 45557,-114135 45542,-114188 45545,-114248 45469,-114310 45469,-114351 45492,-114367 45561,-114461 45563,-114474 45565,-114514 45559,-114551 45565,-114561 45565,-114562 45637,-114564 45640,-114561 45643,-114551 45643,-114546 45641,-114542 45653,-114515 45667,-114501 45703,-114495 45711,-114498 45722,-114505 45732,-114529 45743,-114548 45774,-114566 45841,-114515 45846,-114509 45851,-114499 45859,-114449 45894,-114394 45963,-114402 45978,-114412 45987,-114430 45996,-114465 46008,-114483 46023,-114491 46034,-114491 46044,-114491 46062,-114476 46082,-114468 46100,-114468 46113,-114476 46129,-114483 46162,-114473 46290,-114427 46435,-114378 46467,-114385 46536,-114347 46608,-114331 46630,-114331 46641,-114338 46643,-114341 46647,-114350 46654,-114370 46652,-114422 46645,-114447 46639,-114461 46632,-114482 46633,-114592 46634,-114595 46639,-114614 46660,-114636 46673,-114643 46679,-114642 46686,-114641 46695,-114643 46702,-114645 46712,-114656 46719,-114667 46720,-114676 46720,-114691 46714,-114718 46715,-114739 46739,-114767 46782,-114826 46800,-114853 46809,-114888 46828,-114920 46836,-114928 46869,-114939 46900,-114936 46933,-114976 47014,-115073 47048,-115099 47133,-115193 47139,-115201 47181,-115267 47210,-115292 47221,-115295 47256,-115320 47262,-115339 47272,-115422 47282,-115479 47299,-115524 47334,-115551 47352,-115561 47367,-115577 47403,-115661 47415,-115691 47422,-115721 47447,-115730 47467,-115726 47489,-115712 47518,-115730 47538,-115740 47555,-115736 47576,-115721 47593,-115718 47638,-115706 47697,-115724 47703,-115729 47857,-115919 47945,-116007 47977,-116048 48067,-116049 48072,-116049 48075,-116049 48077,-116049 48215,-116049 48502,-116049 48958,-116049 49001,-116049 49000,-115251 49001,-114728 49001,-114678 49001,-114674 49001,-114439 48999,-114068 48998,-113693 48998,-113116 48999,-113110 48999,-113107 48999,-113103 48998,-113098 48999,-113095 48999,-113092 48999,-113088 48999,-113086 48999,-113011 48999,-113010 48998,-112194 48998,-111854 48998,-111762 48998,-111271 48998,-110887 48998,-110743 48999,-110216 48999,-110172 49000,-109996 49000,-109490 49000,-109385 49000,-109384 49000,-109061 49000,-109060 48999,-109001 48999,-108995 48999,-108543 48999,-108488 48999,-108236 49000,-107180 49000,-106626 49000,-106618 49000,-106518 49000,-106501 49000,-106375 49000,-106368 48999,-106274 48999,-106246 48999,-106243 48999,-106234 48999,-106112 48999,-106051 48999,-105966 49000,-105834 49000,-105776 48999,-105650 49000,-105613 49000,-105608 49000,-105579 49000,-105523 49000,-105412 48999,-105408 48999,-105391 48999,-105387 48999,-105356 48999,-105278 48999,-105265 48999,-105058 48999,-104647 49000,-104544 49000,-104049 48987,-104048 48967,-104049 48964,-104049 48959,-104049 48957,-104049 48952,-104049 48950,-104049 48943,-104049 48940,-104049 48934,-104049 48912,-104049 48907,-104049 48903,-104049 48880,-104049 48876,-104049 48874,-104049 48868,-104049 48866,-104049 48847,-104049 48797,-104049 48789,-104049 48751,-104049 48747,-104048 48664,-104048 48663,-104048 48659,-104048 48657,-104048 48650,-104048 48649,-104048 48634,-104048 48627,-104048 48626,-104048 48620,-104048 48599,-104048 48592,-104048 48563,-104048 48540,-104048 48531,-104048 48526,-104048 48518,-104048 48494,-104048 48467,-104047 48453,-104047 48447,-104047 48446,-104047 48421,-104047 48411,-104047 48391,-104047 48389,-104047 48375,-104047 48374,-104046 48342,-104046 48257,-104046 48255,-104046 48246,-104046 48245,-104046 48241,-104046 48194,-104046 48192,-104045 48176,-104045 48164,-104045 47996,-104044 47993,-104044 47972,-104044 47954,-104043 47950,-104043 47891,-104042 47862,-104042 47842,-104042 47808,-104043 47805,-104042 47803,-104042 47747,-104043 47459,-104045 47438,-104045 47397,-104045 47343,-104045 47332,-104045 47330,-104045 47277,-104045 47274,-104045 47271,-104045 47267,-104045 47266,-104045 47264,-104045 47093,-104045 47081,-104045 47079,-104045 47064,-104045 47058,-104045 47054,-104045 47041,-104045 47038,-104045 46941,-104046 46934,-104046 46725,-104045 46722,-104045 46721,-104045 46714,-104046 46709,-104045 46641,-104045 46541,-104045 46342,-104045 46325,-104045 46280,-104046 46000,-104047 45945,-104045 45882,-104044 45872,-104044 45868,-104044 45558,-104042 45551,-104042 45539,-104042 45503,-104041 45500,-104041 45491,-104042 45393,-104040 45374,-104040 45345,-104040 45336,-104040 45213,-104040 45000,-104040 44997,-104058 44998,-104470 44999,-104664 44999,-104665 44999,-104760 44999,-104765 45000,-105018 45000,-105019 45000,-105025 45000,-105038 45000,-105077 45000,-105848 44998,-105919 44994,-105928 44994,-106025 44994,-106264 44996,-106889 44996,-106893 44997,-107081 45000,-107134 45001,-107608 45001,-107609 45001,-107911 45001,-108126 44999,-108249 45001,-108566 45000,-108578 45000,-108621 45000,-109062 45000,-109083 45006,-109103 45005,-109263 45005,-109269 45002,-109799 45004,-110026 45004,-110110 44996,-110221 44992,-110547 44992,-110552 44992,-110705 44998,-110751 45002,-110876 45001,-111044
NE 41698,-104053 41733,-104053 41885,-104053 41906,-104053 41915,-104053 41973,-104053 41976,-104053 41995,-104053 41999,-104053 42002,-104053 42016,-104053 42022,-104053 42075,-104053 42089,-104053 42125,-104053 42134,-104053 42137,-104053 42167,-104053 42170,-104053 42250,-104053 42258,-104053 42611,-104053 42612,-104053 42631,-104053 42634,-104053 42650,-104053 42750,-104053 42755,-104053 43001,-104053 43001,-103816 43001,-103814 43001,-103577 43001,-103576 43001,-103507 43001,-103506 43001,-103505 43001,-103405 43001,-103341 43001,-103133 43001,-103132 43000,-103001 43000,-102792 43000,-102487 43000,-102441 42999,-102083 42999,-102082 42999,-101875 42996,-101625 42998,-101230 42998,-101229 42998,-101228 42998,-101227 42998,-101226 42998,-100964 42998,-100958 42998,-100907 42998,-100888 42999,-100553 42999,-100544 42999,-100534 42999,-100473 42999,-100355 42999,-100350 42999,-100284 42999,-100278 42999,-100198 42999,-100127 42999,-100126 42999,-100119 42998,-100034 42998,-100028 42998,-100005 42998,-99961 42998,-99951 42998,-99950 42998,-99928 42998,-99918 42998,-99878 42998,-99870 42998,-99860 42998,-99850 42998,-99822 42998,-99809 42998,-99803 42998,-99800 42998,-99788 42998,-99769 42998,-99743 42998,-99727 42998,-99719 42998,-99701 42998,-99699 42998,-99569 42998,-99535 42998,-99534 42998,-99494 42998,-99491 42998,-99475 42998,-99471 42998,-99396 42998,-99374 42998,-99371 42998,-99369 42998,-99347 42998,-99288 42998,-99263 42998,-99254 42998,-99234 42998,-99195 42998,-99161 42998,-99151 42999,-99139 42998,-99136 42998,-99082 42998,-99080 42998,-99022 42998,-99000 42998,-98962 42998,-98919 42998,-98903 42998,-98900 42998,-98824 42998,-98801 42998,-98764 42998,-98742 42999,-98666 42998,-98664 42999,-98569 42998,-98565 42999,-98499 42988,-98496 42978,-98490 42948,-98467 42935,-98447 42886,-98326 42881,-98310 42847,-98205 42837,-98166 42832,-98157 42771,-98057 42764,-98035 42762,-98017 42763,-98000 42770,-97950 42776,-97937 42795,-97909 42817,-97889 42835,-97880 42859,-97875 42863,-97866 42868,-97845 42869,-97828 42861,-97814 42850,-97774 42842,-97687 42845,-97635 42850,-97532 42855,-97485 42861,-97423 42860,-97329 42854,-97257 42830,-97218 42805,-97190 42793,-97163 42782,-97137 42770,-97052 42763,-97026 42759,-97016 42738,-96961 42731,-96920 42734,-96907 42706,-96813 42703,-96807 42666,-96724 42648,-96713 42631,-96707 42620,-96711 42610,-96711 42602,-96708 42524,-96636 42514,-96626 42506,-96611 42480,-96487 42480,-96476 42489,-96443 42488,-96409 42484,-96396 42473,-96385 42462,-96381 42446,-96381 42432,-96388 42408,-96414 42400,-96416 42351,-96418 42343,-96414 42337,-96408 42326,-96384 42318,-96375 42282,-96349 42255,-96329 42234,-96323 42230,-96324 42219,-96336 42215,-96357 42211,-96360 42172,-96350 42162,-96344 42131,-96307 42074,-96279 42047,-96273 42040,-96252 42026,-96222 41972,-96130 41965,-96129 41921,-96137 41915,-96142 41910,-96159 41906,-96162 41902,-96162 41872,-96144 41866,-96140 41831,-96111 41811,-96086 41809,-96078 41805,-96071 41798,-96066 41793,-96065 41715,-96077 41699,-96097 41683,-96122 41661,-96100 41653,-96095 41647,-96095 41640,-96098 41622,-96116 41613,-96118 41539,-96094 41532,-96090 41510,-96055 41507,-96047 41507,-96041 41509,-96037 41527,-96031 41526,-95995 41507,-95981 41434,-95931 41394,-95937 41392,-95938 41349,-95957 41345,-95957 41340,-95953 41329,-95939 41322,-95926 41320,-95914 41273,-95902 41211,-95925 41202,-95927 41196,-95926 41191,-95923 41185,-95915 41165,-95853 41160,-95853 41052,-95866 41044,-95867 41002,-95867 40984,-95835 40976,-95829 40901,-95823 40877,-95821 40784,-95854 40763,-95862 40758,-95872 40751,-95882 40742,-95887 40732,-95889 40718,-95883 40677,-95843 40667,-95823 40662,-95795 40657,-95787 40647,-95776 40603,-95749 40597,-95750 40593,-95753 40585,-95766 40578,-95774 40574,-95775 40537,-95769 40532,-95767 40526,-95757 40524,-95749 40524,-95710 40537,-95697 40545,-95697 40520,-95659 40491,-95681 40483,-95693 40465,-95687 40342,-95623 40291,-95553 40286,-95551 40264,-95552 40262,-95552 40249,-95522 40009,-95312 40000,-95308 40000,-95340 40000,-95375 40000,-95785 40000,-95788 40000,-95883 40001,-95958 40001,-96011 40001,-96024 40001,-96052 40001,-96081 40001,-96090 40000,-96126 40000,-96147 40000,-96154 40001,-96220 40001,-96224 40001,-96239 40001,-96301 40001,-96305 40001,-96464 40001,-96468 40001,-96470 40001,-96527 40001,-96539 40001,-96558 40001,-96571 40001,-96581 40001,-96605 40001,-96610 40001,-96622 40001,-96806 40001,-96874 40001,-96875 40001,-96878 40001,-96880 40002,-96916 40001,-97009 40001,-97031 40001,-97050 40002,-97138 40001,-97142 40002,-97182 40002,-97200 40001,-97202 40001,-97245 40002,-97245 40002,-97350 40002,-97351 40002,-97369 40002,-97416 40002,-97418 40002,-97425 40002,-97445 40002,-97463 40002,-97510 40002,-97511 40002,-97515 40002,-97768 40002,-97769 40002,-97771 40002,-97777 40002,-97819 40002,-97821 40002,-97822 40002,-97838 40002,-97857 40002,-97876 40002,-97932 40002,-97972 40002,-98010 40002,-98014 40002,-98047 40002,-98050 40002,-98069 40002,-98076 40002,-98100 40002,-98142 40002,-98172 40002,-98179 40003,-98193 40002,-98250 40002,-98268 40003,-98274 40002,-98491 40002,-98504 40002,-98523 40002,-98543 40002,-98561 40002,-98575 40002,-98593 40002,-98614 40002,-98641 40002,-98652 40002,-98654 40002,-98670 40002,-98673 40003,-98690 40003,-98691 40002,-98693 40002,-98710 40002,-98726 40002,-98775 40002,-98777 40002,-98821 40002,-98834 40002,-98935 40002,-98961 40002,-98972 40002,-98992 40002,-99019 40002,-99020 40002,-99067 40002,-99086 40002,-99114 40002,-99123 40002,-99170 40002,-99179 40002,-99187 40002,-99189 40002,-99198 40002,-99216 40002,-99250 40002,-99254 40002,-99283 40002,-99287 40002,-99291 40002,-99403 40002,-99413 40002,-99481 40002,-99493 40002,-99498 40002,-99499 40002,-99502 40002,-99625 40002,-99626 40002,-99628 40002,-99720 40002,-99732 40002,-99747 40001,-99757 40002,-99764 40002,-99772 40002,-99776 40001,-99813 40002,-99907 40002,-99930 40002,-99944 40002,-99948 40002,-99987 40002,-99991 40002,-100178 40002,-100188 40002,-100190 40002,-100194 40001,-100197 40002,-100215 40002,-100229 40002,-100232 40002,-100390 40002,-100439 40002,-100447 40002,-100469 40002,-100476 40002,-100477 40002,-100487 40002,-100511 40002,-100552 40002,-100567 40002,-100595 40002,-100601 40002,-100645 40002,-100660 40002,-100683 40002,-100721 40002,-100730 40002,-100733 40002,-100739 40002,-100752 40002,-100759 40002,-100937 40002,-101028 40002,-101060 40002,-101131 40003,-101169 40002,-101179 40002,-101192 40003,-101215 40003,-101249 40003,-101287 40003,-101294 40003,-101324 40003,-101326 40003,-101343 40003,-101374 40002,-101410 40002,-101411 40002,-101417 40003,-101542 40003,-101626 40003,-101627 40003,-101805 40003,-101808 40003,-101832 40003,-101841 40003,-101904 40003,-101917 40003,-102052 40148,-102052 40163,-102052 40229,-102052 40235,-102052 40349,-102052 40393,-102052 40396,-102052 40440,-102051 40520,-102052 40538,-102052 40698,-102051 40750,-102051 41002,-102052 41002,-102071 41002,-102125 41002,-102191 41002,-102209 41002,-102212 41002,-102232 41002,-102268 41002,-102272 41002,-102291 41002,-102293 41002,-102364 41002,-102380 41002,-102469 41002,-102471 41002,-102488 41002,-102557 41002,-102566 41002,-102575 41002,-102576 41002,-102579 41003,-102621 41002,-102653 41002,-102740 41002,-102755 41002,-102767 41002,-102774 41002,-102827 41002,-102830 41002,-102846 41002,-102849 41002,-102866 41002,-102868 41002,-102886 41002,-102887 41002,-102905 41002,-102907 41002,-102924 41002,-102926 41002,-102943 41002,-102945 41002,-102960 41002,-102961 41002,-102963 41002,-102964 41002,-102981 41002,-102983 41002,-103000 41002,-103002 41002,-103039 41002,-103043 41002,-103058 41002,-103060 41002,-103077 41002,-103078 41002,-103363 41002,-103365 41002,-103382 41002,-103422 41002,-103487 41002,-103497 41002,-103575 41002,-103858 41002,-103878 41002,-103896 41002,-103954 41002,-103971 41002,-103973 41002,-104018 41002,-104023 41002,-104039 41001,-104053 41017,-104053 41018,-104053 41090,-104053 41105,-104053 41114,-104053 41275,-104053 41278,-104053 41278,-104052 41316,-104053 41321,-104052 41393,-104052 41408,-104052 41418,-104052 41516,-104052 41522,-104052 41539,-104053 41541,-104053 41553,-104053 41564,-104053 41592,-104053 41614,-104053 41623,-104053 41638,-104053 41645,-104053 41698,-104053
NV 40117,-114047 39906,-114047 39543,-114048 38677,-114050 38573,-114050 38548,-114050 38544,-114050 38405,-114050 38149,-114050 38000,-114050 37810,-114048 37756,-114051 37747,-114052 37746,-114052 37605,-114052 37518,-114053 37517,-114053 37503,-114053 37492,-114053 37371,-114052 37370,-114052 37294,-114052 37293,-114052 37285,-114052 37284,-114052 37091,-114052 37088,-114052 37000,-114051 36843,-114051 36800,-114051 36656,-114051 36473,-114046 36372,-114046 36290,-114049 36251,-114047 36194,-114047 36189,-114060 36187,-114063 36102,-114120 36078,-114126 36041,-114138 36027,-114149 36024,-114154 36016,-114214 36014,-114233 36015,-114239 36020,-114253 36026,-114263 36051,-114293 36066,-114304 36077,-114307 36084,-114311 36106,-114329 36134,-114366 36142,-114381 36151,-114513 36152,-114572 36142,-114632 36104,-114736 36099,-114745 36087,-114756 35984,-114744 35945,-114731 35879,-114706 35852,-114704 35849,-114706 35812,-114708 35700,-114700 35651,-114689 35641,-114677 35618,-114658 35611,-114653 35599,-114654 35521,-114671 35511,-114675 35499,-114677 35490,-114678 35444,-114662 35429,-114652 35410,-114627 35354,-114604 35325,-114596 35183,-114569 35163,-114570 35139,-114573 35129,-114579 35125,-114584 35121,-114599 35095,-114622 35028,-114635 35016,-114634 35002,-114633 35140,-114804 35140,-114805 35237,-114925 35413,-115146 35414,-115147 35424,-115160 35424,-115161 35476,-115225 35513,-115271 35538,-115304 35605,-115389 35607,-115392 35609,-115394 35618,-115405 35619,-115406 35809,-115647 35809,-115648 35810,-115648 35842,-115689 35964,-115846 36000,-115893 36015,-115913 36156,-116094 36158,-116097 36459,-116488 36848,-117001 36971,-117166 37220,-117501 37465,-117833 37615,-118040 37896,-118429 38125,-118747 38393,-119126 38415,-119157 38535,-119328 38620,-119451 38650,-119494 38713,-119585 38714,-119587 38715,-119588 38933,-119904 39000,-120001 39067,-120002 39113,-120003 39166,-120005 39225,-120006 39229,-120006 39313,-120005 39314,-120005 39316,-120005 39445,-120003 39722,-120001 39780,-120001 39781,-120001 40072,-119997 40077,-119997 40092,-119997 40126,-119997 40262,-119996 40264,-119996 40321,-119996 40322,-119996 40500,-119996 40866,-119999 40867,-119999 40873,-119999 41184,-120000 41995,-119999 41996,-119987 41998,-119790 41994,-119360 41994,-119324 41993,-118777 41993,-118776 41997,-118197 42000,-117026 41999,-117018 41998,-116627 41997,-116587 41997,-116510 41997,-116486 41997,-116483 41997,-116464 41998,-116164 41998,-116161 41997,-116039 41997,-116031 41998,-116019 41998,-116012 41999,-115987 41996,-115038 41996,-115032 42000,-114914 42000,-114764 41995,-114598 41995,-114498 41994,-114282 41994,-114107 41994,-114062 41994,-114048 41994,-114042 41851,-114041 41742,-114040 41000,-114042 40759,-114044 40726,-114044 40507,-114045 40496,-114046 40494,-114046 40117,-114047
NH 43123,-70820 43099,-70784 43080,-70756 43060,-70704 43032,-70719 43000,-70745 42995,-70749 42989,-70760 42936,-70796 42910,-70810 42891,-70815 42884,-70816 42872,-70817 42861,-70849 42883,-70886 42887,-70903 42887,-70915 42885,-70931 42884,-70932 42865,-70997 42854,-71038 42847,-71058 42828,-71114 42815,-71150 42809,-71166 42791,-71186 42738,-71182 42743,-71208 42743,-71246 42734,-71255 42697,-71294 42703,-71543 42705,-71632 42705,-71636 42708,-71773 42709,-71805 42711,-71899 42712,-71929 42716,-72078 42717,-72111 42722,-72283 42726,-72412 42727,-72451 42727,-72459 42732,-72460 42762,-72478 42772,-72491 42781,-72510 42808,-72543 42856,-72556 42858,-72556 42866,-72556 42867,-72556 43006,-72444 43114,-72433 43120,-72433 43137,-72442 43161,-72452 43211,-72439 43232,-72431 43317,-72397 43337,-72401 43358,-72404 43390,-72405 43429,-72397 43472,-72388 43502,-72388 43521,-72396 43600,-72330 43615,-72335 43619,-72334 43635,-72330 43703,-72303 43734,-72271 43734,-72264 43748,-72233 43771,-72206 43772,-72205 43807,-72184 43834,-72182 43886,-72167 43919,-72121 43951,-72104 43959,-72106 43970,-72107 43973,-72113 43988,-72113 44035,-72091 44112,-72055 44156,-72040 44158,-72042 44168,-72053 44188,-72064 44271,-72068 44277,-72065 44286,-72059 44321,-72012 44325,-72002 44359,-71849 44367,-71816 44382,-71814 44399,-71794 44406,-71765 44407,-71762 44406,-71756 44401,-71745 44412,-71709 44428,-71680 44486,-71599 44507,-71580 44588,-71536 44627,-71553 44698,-71599 44730,-71625 44748,-71627 44755,-71624 44810,-71573 44905,-71496 44911,-71494 44948,-71517 44984,-71538 44988,-71539 44994,-71537 45000,-71530 45008,-71505 45007,-71486 45010,-71469 45014,-71465 45013,-71502 45069,-71496 45072,-71489 45124,-71429 45204,-71398 45215,-71403 45235,-71443 45243,-71401 45271,-71343 45299,-71297 45302,-71284 45291,-71267 45277,-71263 45273,-71260 45257,-71233 45245,-71184 45243,-71139 45245,-71132 45255,-71125 45262,-71120 45266,-71120 45295,-71105 45302,-71098 45305,-71084 45224,-71076 45020,-71060 44756,-71038 44610,-71029 44341,-71013 44285,-71010 44259,-71009 44258,-71009 44093,-71001 43914,-70993 43886,-70992 43792,-70989 43715,-70982 43712,-70982 43702,-70982 43701,-70982 43684,-70981 43673,-70980 43570,-70973 43553,-70953 43541,-70955 43538,-70959 43534,-70963 43510,-70955 43476,-70964 43473,-70965 43473,-70964 43414,-70987 43392,-70988 43377,-70984 43376,-70984 43344,-70967 43334,-70952 43330,-70931 43318,-70917 43308,-70912 43307,-70910 43265,-70863 43251,-70839 43250,-70840 43243,-70834 43242,-70828 43241,-70827 43241,-70825 43240,-70823 43238,-70818 43237,-70818 43235,-70816 43187,-70828 43180,-70829 43147,-70834 43129,-70828 43123,-70820
NJ 40077,-74900 40101,-74838 40135,-74741 40147,-74724 40154,-74722 40161,-74722 40201,-74759 40215,-74771 40285,-74860 40341,-74938 40403,-75025 40406,-75036 40418,-75059 40423,-75061 40455,-75071 40519,-75066 40526,-75065 40536,-75067 40542,-75069 40568,-75100 40573,-75117 40576,-75135 40573,-75147 40589,-75190 40591,-75191 40609,-75197 40618,-75201 40691,-75204 40752,-75197 40778,-75172 40778,-75164 40775,-75149 40774,-75134 40791,-75109 40860,-75053 40866,-75051 40872,-75053 40953,-75118 40962,-75120 40963,-75120 40968,-75120 40968,-75121 40969,-75131 40974,-75136 40991,-75131 41004,-75109 41012,-75091 41019,-75069 41027,-75052 41035,-75037 41043,-75026 41078,-74981 41088,-74968 41093,-74967 41094,-74967 41096,-74969 41104,-74974 41138,-74923 41181,-74882 41209,-74867 41225,-74864 41229,-74867 41242,-74862 41277,-74838 41287,-74830 41319,-74796 41336,-74762 41357,-74695 41248,-74458 41216,-74392 41203,-74366 41143,-74234 41134,-74213 41084,-74097 41082,-74092 41059,-74041 41001,-73912 40997,-73903 40997,-73894 40918,-73918 40913,-73920 40896,-73927 40882,-73933 40875,-73938 40858,-73948 40798,-73987 40789,-73993 40776,-74001 40764,-74009 40757,-74014 40709,-74025 40711,-74039 40696,-74051 40685,-74070 40674,-74083 40660,-74090 40654,-74087 40650,-74094 40642,-74143 40644,-74161 40646,-74181 40646,-74186 40644,-74189 40631,-74202 40595,-74207 40576,-74209 40561,-74215 40557,-74218 40559,-74232 40550,-74249 40542,-74251 40521,-74246 40499,-74268 40495,-74270 40488,-74273 40472,-74268 40465,-74262 40458,-74237 40453,-74225 40453,-74224 40452,-74223 40447,-74210 40441,-74206 40439,-74206 40438,-74209 40435,-74207 40439,-74202 40441,-74194 40443,-74191 40447,-74188 40456,-74175 40454,-74175 40449,-74175 40448,-74177 40447,-74175 40451,-74170 40449,-74167 40447,-74166 40448,-74164 40448,-74163 40447,-74158 40448,-74154 40447,-74153 40448,-74152 40450,-74143 40453,-74140 40454,-74138 40455,-74136 40455,-74134 40453,-74131 40451,-74127 40450,-74125 40448,-74122 40446,-74117 40438,-74088 40434,-74076 40423,-74059 40419,-74048 40411,-74006 40411,-73999 40419,-73995 40443,-73992 40465,-74006 40472,-74018 40474,-74018 40476,-74014 40475,-74007 40469,-73996 40440,-73978 40409,-73977 40372,-73971 40348,-73971 40299,-73977 40279,-73982 40238,-73993 40167,-74016 40123,-74030 40103,-74034 40101,-74032 40101,-74031 40100,-74034 40081,-74039 40001,-74059 39979,-74064 39911,-74077 39800,-74091 39768,-74097 39763,-74097 39760,-74099 39756,-74101 39741,-74114 39689,-74142 39625,-74191 39555,-74241 39548,-74249 39514,-74277 39508,-74292 39507,-74311 39500,-74312 39494,-74314 39484,-74308 39483,-74305 39479,-74302 39471,-74304 39432,-74335 39402,-74367 39378,-74407 39374,-74407 39365,-74408 39361,-74413 39345,-74460 39314,-74522 39300,-74541 39294,-74551 39287,-74553 39279,-74561 39271,-74581 39259,-74598 39245,-74614 39221,-74636 39212,-74647 39199,-74651 39180,-74671 39120,-74714 39117,-74715 39115,-74714 39108,-74704 39103,-74706 39075,-74738 39023,-74779 39000,-74786 38992,-74793 38986,-74808 38979,-74819 38955,-74851 38940,-74864 38941,-74865 38944,-74870 38942,-74882 38932,-74907 38929,-74920 38929,-74934 38931,-74963 38933,-74967 38940,-74972 39001,-74955 39016,-74949 39035,-74938 39087,-74904 39099,-74898 39113,-74893 39144,-74886 39159,-74887 39175,-74905 39178,-74915 39190,-74962 39192,-74976 39191,-74998 39194,-75026 39195,-75029 39199,-75028 39203,-75024 39205,-75023 39210,-75026 39215,-75036 39216,-75042 39212,-75048 39214,-75052 39214,-75063 39208,-75086 39212,-75101 39211,-75107 39208,-75115 39190,-75127 39179,-75137 39180,-75139 39202,-75166 39217,-75165 39235,-75170 39243,-75178 39263,-75206 39263,-75213 39274,-75242 39278,-75244 39281,-75243 39286,-75244 39300,-75252 39304,-75272 39299,-75283 39292,-75285 39290,-75289 39302,-75306 39311,-75315 39332,-75327 39339,-75327 39345,-75334 39349,-75342 39348,-75356 39341,-75365 39358,-75390 39364,-75394 39371,-75395 39379,-75399 39382,-75407 39387,-75422 39392,-75432 39402,-75442 39439,-75465 39438,-75476 39441,-75484 39453,-75506 39459,-75508 39461,-75536 39470,-75543 39480,-75544 39497,-75543 39498,-75528 39500,-75527 39563,-75515 39568,-75512 39578,-75513 39584,-75526 39588,-75531 39590,-75534 39593,-75537 39594,-75540 39596,-75544 39597,-75545 39606,-75556 39630,-75559 39656,-75527 39656,-75526 39685,-75509 39686,-75510 39698,-75504 39731,-75475 39735,-75474 39744,-75469 39751,-75466 39774,-75448 39781,-75441 39783,-75438 39796,-75416 39802,-75415 39817,-75390 39826,-75375 39850,-75306 39849,-75271 39857,-75235 39866,-75211 39866,-75210 39882,-75185 39906,-75154 39923,-75133 39968,-75086 39981,-75072 39992,-75056 40021,-75014 40049,-74975 40049,-74974 40077,-74900
NM 32002,-105998 32002,-106100 32002,-106182 32002,-106201 32002,-106206 32002,-106313 32001,-106377 32001,-106394 32001,-106411 32001,-106565 32001,-106566 32001,-106588 32001,-106595 32001,-106599 31956,-106615 31948,-106616 31861,-106628 31856,-106626 31853,-106622 31846,-106615 31846,-106606 31846,-106605 31813,-106567 31813,-106563 31805,-106545 31804,-106545 31802,-106542 31799,-106536 31798,-106535 31797,-106535 31796,-106535 31792,-106533 31792,-106532 31792,-106531 31791,-106528 31790,-106528 31789,-106528 31787,-106528 31784,-106529 31784,-106751 31784,-106994 31784,-106998 31784,-107001 31784,-107297 31784,-107422 31784,-108208 31500,-108209 31333,-108209 31332,-108851 31332,-108861 31333,-109050 31500,-109050 31797,-109049 31811,-109049 31861,-109049 31871,-109049 32014,-109049 32028,-109049 32084,-109048 32089,-109048 32426,-109048 32681,-109048 32686,-109048 32690,-109048 32693,-109048 32778,-109047 33068,-109047 33069,-109047 33092,-109047 33093,-109047 33138,-109047 33209,-109047 33365,-109047 33366,-109047 33369,-109047 33373,-109047 33778,-109047 34522,-109046 34523,-109046 34579,-109046 34960,-109046 35175,-109046 35546,-109046 35546,-109047 35614,-109046 35617,-109046 35880,-109046 35889,-109046 35926,-109046 36002,-109046 36875,-109045 36969,-109045 36999,-109045 36999,-108959 36999,-108954 36999,-108620 36999,-108379 37000,-108321 36999,-108320 37000,-108288 37000,-107482 37000,-107421 37000,-107001 36992,-106870 36993,-106676 36993,-106661 36993,-106629 36993,-106617 36993,-106476 36994,-106249 36994,-106248 36995,-106007 36995,-105997 36995,-105996 36996,-105718 36996,-105716 36996,-105665 36996,-105627 36996,-105534 36996,-105512 36996,-105509 36996,-105465 36996,-105447 36996,-105442 36996,-105419 36995,-105221 36995,-105155 36995,-105121 36993,-105001 36993,-104732 36996,-104008 36998,-103734 36998,-103733 37000,-103086 37000,-103002 36912,-103002 36910,-103002 36719,-103002 36675,-103003 36617,-103002 36603,-103002 36527,-103003 36500,-103002 36479,-103042 36318,-103042 36055,-103041 35739,-103041 35622,-103042 35212,-103042 35183,-103042 35182,-103042 35179,-103042 35159,-103043 35145,-103043 35143,-103043 35136,-103043 34954,-103043 34900,-103043 34850,-103043 34792,-103043 34747,-103043 34671,-103043 34620,-103043 34463,-103044 34460,-103044 34456,-103044 34405,-103044 34401,-103044 34397,-103044 34394,-103044 34390,-103044 34389,-103044 34385,-103044 34384,-103044 34381,-103044 34380,-103044 34313,-103044 34303,-103044 34289,-103044 34257,-103044 34088,-103044 34079,-103044 34063,-103044 34050,-103044 34044,-103044 34042,-103044 34037,-103044 34033,-103044 34018,-103044 34004,-103044 33975,-103044 33946,-103045 33906,-103046 33902,-103046 33850,-103047 33825,-103047 33746,-103049 33702,-103050 33672,-103051 33658,-103051 33650,-103052 33642,-103051 33629,-103052 33571,-103053 33388,-103057 33329,-103057 33315,-103058 33219,-103060 33042,-103064 33039,-103064 33010,-103064 33000,-103065 32964,-103065 32959,-103065 32900,-103065 32879,-103065 32868,-103065 32858,-103065 32857,-103065 32849,-103065 32828,-103065 32785,-103065 32784,-103065 32777,-103065 32727,-103065 32709,-103065 32691,-103065 32683,-103065 32646,-103065 32625,-103065 32602,-103065 32600,-103065 32588,-103065 32522,-103065 32145,-103064 32123,-103064 32087,-103064 32001,-103064 32000,-103086 32000,-103089 32001,-103216 32000,-103268 32000,-103270 32000,-103279 32000,-103327 32000,-103723 32000,-103980 32000,-104025 32000,-104532 32000,-104641 32000,-104644 32000,-104848 32000,-104918 32001,-105077 32001,-105079 32000,-105118 32001,-105131 32001,-105133 32000,-105148 32000,-105150 32000,-105154 32001,-105390 32001,-105427 32001,-105429 32002,-105886 32002,-105901 32002,-105998
NY 40535,-74144 40534,-74149 40527,-74161 40520,-74178 40521,-74182 40512,-74200 40509,-74210 40503,-74220 40501,-74233 40496,-74247 40497,-74250 40502,-74255 40508,-74256 40514,-74253 40521,-74243 40531,-74242 40543,-74248 40555,-74229 40555,-74217 40561,-74211 40589,-74204 40597,-74197 40602,-74195 40616,-74196 40617,-74201 40620,-74202 40631,-74201 40642,-74189 40646,-74180 40645,-74174 40642,-74170 40639,-74153 40642,-74120 40649,-74086 40648,-74076 40641,-74070 40624,-74068 40612,-74060 40604,-74053 40594,-74059 40584,-74068 40566,-74091 40547,-74111 40548,-74113 40543,-74122 40530,-74137 40534,-74140 40535,-74144
NY 44153,-73404 44079,-73429 44047,-73437 44043,-73437 44027,-73411 44016,-73406 43949,-73406 43930,-73408 43906,-73397 43832,-73388 43808,-73379 43786,-73358 43771,-73350 43753,-73361 43736,-73371 43685,-73404 43674,-73409 43647,-73422 43588,-73431 43584,-73429 43569,-73400 43613,-73376 43623,-73367 43628,-73306 43626,-73303 43540,-73246 43535,-73242 43515,-73247 43371,-73253 43370,-73253 43363,-73253 43355,-73253 43315,-73255 43217,-73259 43031,-73269 42944,-73274 42942,-73274 42940,-73274 42833,-73279 42834,-73285 42802,-73291 42746,-73276 42746,-73265 42633,-73307 42510,-73353 42352,-73411 42086,-73508 42050,-73497 42050,-73487 41824,-73505 41759,-73510 41667,-73517 41616,-73521 41527,-73530 41480,-73534 41479,-73534 41478,-73534 41477,-73534 41476,-73534 41457,-73536 41456,-73536 41455,-73536 41453,-73536 41451,-73536 41441,-73537 41436,-73537 41434,-73538 41377,-73544 41366,-73545 41295,-73551 41213,-73483 41201,-73509 41198,-73515 41153,-73614 41145,-73632 41141,-73640 41101,-73728 41059,-73694 41051,-73687 41042,-73680 41030,-73670 41013,-73655 41012,-73655 40985,-73657 40980,-73656 40968,-73660 40966,-73662 40967,-73664 40963,-73678 40949,-73683 40945,-73686 40940,-73698 40932,-73722 40925,-73732 40913,-73757 40885,-73781 40881,-73784 40879,-73785 40869,-73786 40858,-73789 40854,-73788 40852,-73785 40847,-73782 40845,-73782 40842,-73782 40839,-73781 40838,-73783 40837,-73784 40838,-73785 40842,-73788 40847,-73791 40851,-73790 40856,-73792 40856,-73794 40852,-73797 40848,-73800 40850,-73807 40847,-73813 40835,-73816 40831,-73815 40825,-73812 40819,-73805 40816,-73797 40801,-73786 40795,-73781 40795,-73776 40801,-73768 40821,-73754 40827,-73754 40853,-73728 40857,-73727 40865,-73731 40867,-73730 40870,-73714 40857,-73676 40859,-73671 40864,-73656 40878,-73654 40893,-73641 40898,-73634 40899,-73627 40898,-73618 40903,-73602 40907,-73595 40915,-73570 40916,-73566 40909,-73548 40914,-73519 40913,-73515 40918,-73500 40923,-73497 40942,-73492 40946,-73485 40943,-73480 40942,-73478 40941,-73474 40938,-73464 40937,-73461 40937,-73457 40936,-73445 40935,-73438 40935,-73437 40930,-73430 40928,-73430 40922,-73429 40920,-73406 40925,-73403 40942,-73403 40954,-73401 40955,-73400 40955,-73393 40938,-73374 40932,-73366 40927,-73353 40925,-73346 40927,-73344 40930,-73331 40924,-73295 40905,-73229 40929,-73149 40935,-73146 40956,-73145 40966,-73141 40972,-73110 40973,-73082 40962,-73044 40964,-73040 40966,-72996 40966,-72955 40962,-72914 40963,-72888 40970,-72826 40965,-72774 40975,-72760 40986,-72714 40990,-72689 40987,-72665 40991,-72635 40998,-72585 41010,-72565 41015,-72561 41020,-72550 41038,-72522 41052,-72477 41067,-72461 41086,-72445 41088,-72418 41096,-72397 41134,-72356 41138,-72333 41141,-72322 41156,-72291 41159,-72279 41155,-72273 41154,-72268 41161,-72245 41159,-72238 41156,-72238 41137,-72254 41128,-72265 41112,-72300 41132,-72300 41138,-72306 41139,-72313 41137,-72318 41132,-72327 41120,-72335 41107,-72335 41089,-72317 41081,-72298 41080,-72280 41077,-72277 41068,-72283 41052,-72274 41042,-72261 41045,-72241 41044,-72229 41041,-72217 41032,-72202 41033,-72191 41036,-72183 41038,-72179 41046,-72175 41053,-72163 41054,-72160 41052,-72154 41040,-72137 41031,-72135 41024,-72137 41000,-72116 40994,-72109 40992,-72102 40991,-72095 40996,-72083 41003,-72080 41006,-72079 41009,-72076 41009,-72061 41005,-72058 41005,-72057 41005,-72055 41006,-72052 41010,-72050 41016,-72052 41021,-72052 41023,-72047 41021,-72036 41028,-72015 41040,-71999 41048,-71967 41054,-71961 41060,-71960 41064,-71962 41071,-71960 41077,-71938 41081,-71919 41081,-71899 41077,-71895 41076,-71890 41075,-71870 41077,-71864 41074,-71857 41071,-71856 41052,-71874 41040,-71904 41034,-71936 41000,-72029 40972,-72114 40867,-72396 40843,-72470 40813,-72573 40767,-72745 40764,-72753 40764,-72757 40762,-72768 40733,-72863 40713,-72923 40680,-73013 40666,-73055 40645,-73145 40631,-73208 40625,-73239 40621,-73262 40621,-73264 40621,-73306 40623,-73310 40636,-73319 40630,-73351 40618,-73392 40610,-73424 40604,-73450 40584,-73562 40587,-73584 40588,-73611 40583,-73647 40584,-73701 40584,-73755 40586,-73754 40591,-73753 40591,-73775 40586,-73801 40585,-73807 40577,-73834 40561,-73879 40545,-73935 40555,-73934 40560,-73933 40565,-73936 40566,-73939 40569,-73945 40573,-73950 40573,-73959 40570,-73991 40571,-74002 40573,-74009 40575,-74012 40578,-74013 40584,-74007 40585,-74006 40591,-74002 40596,-74003 40601,-74011 40604,-74033 40613,-74040 40625,-74042 40637,-74038 40641,-74036 40646,-74032 40659,-74018 40679,-74020 40681,-74023 40682,-74024 40687,-74025 40694,-74022 40695,-74018 40702,-74017 40707,-74020 40709,-74025 40757,-74014 40764,-74009 40776,-74001 40789,-73993 40798,-73987 40858,-73948 40875,-73938 40882,-73933 40896,-73927 40913,-73920 40918,-73918 40997,-73894 40997,-73903 41001,-73912 41059,-74041 41082,-74092 41084,-74097 41134,-74213 41143,-74234 41203,-74366 41216,-74392 41248,-74458 41357,-74695 41362,-74690 41367,-74691 41427,-74753 41427,-74756 41430,-74799 41440,-74877 41449,-74892 41476,-74913 41483,-74940 41506,-74984 41570,-75040 41607,-75050 41619,-75053 41632,-75048 41753,-75053 41812,-75091 41844,-75114 41852,-75140 41851,-75146 41885,-75263 41939,-75279 41954,-75293 41993,-75342 41999,-75360 41999,-75432 41999,-75436 41999,-75477 41999,-75483 41999,-75484 41999,-75980 41999,-75983 41999,-76106 41999,-76124 41999,-76131 41999,-76146 41998,-76344 41998,-76350 41999,-76462 41999,-76467 42000,-76558 42002,-76816 42002,-76835 42002,-76921 42002,-76922 42002,-76927 42002,-76937 42002,-76943 42001,-76966 42001,-77008 41999,-77125 42000,-77505 42000,-77610 41999,-77750 41999,-77823 41999,-77832 41999,-78031 42000,-78125 42000,-78207 41999,-78308 42000,-78597 41998,-78875 41998,-78919 41999,-79052 41999,-79061 41999,-79538 41999,-79551 41999,-79611 41999,-79625 41999,-79761 42131,-79762 42151,-79762 42163,-79762 42173,-79762 42180,-79762 42184,-79762 42243,-79762 42251,-79762 42270,-79762 42285,-79718 42316,-79645 42342,-79594 42363,-79546 42382,-79511 42404,-79475 42411,-79454 42428,-79429 42453,-79405 42466,-79382 42480,-79362 42489,-79352 42490,-79342 42488,-79335 42489,-79331 42495,-79323 42500,-79318 42511,-79283 42523,-79265 42532,-79243 42536,-79223 42546,-79193 42554,-79149 42564,-79139 42570,-79137 42590,-79130 42591,-79126 42594,-79122 42606,-79114 42613,-79111 42640,-79079 42640,-79073 42645,-79064 42668,-79062 42689,-79049 42702,-79019 42705,-79006 42705,-78991 42732,-78944 42737,-78918 42770,-78869 42784,-78853 42792,-78851 42800,-78856 42801,-78859 42813,-78864 42827,-78866 42835,-78860 42841,-78859 42852,-78866 42853,-78872 42867,-78883 42885,-78892 42887,-78912 42900,-78906 42923,-78906 42933,-78909 42947,-78919 42948,-78921 42956,-78932 42967,-78973 42985,-79012 42995,-79020 43067,-79028 43069,-79029 43075,-79058 43091,-79066 43127,-79057 43138,-79044 43144,-79042 43239,-79058 43262,-79070 43274,-79020 43281,-78972 43293,-78931 43311,-78859 43318,-78836 43318,-78834 43327,-78778 43335,-78747 43341,-78697 43358,-78634 43370,-78547 43375,-78489 43374,-78483 43371,-78473 43371,-78466 43377,-78370 43374,-78359 43371,-78251 43369,-78234 43376,-78145 43376,-78105 43367,-78024 43365,-77996 43365,-77995 43369,-77976 43368,-77965 43363,-77953 43357,-77923 43357,-77905 43350,-77875 43344,-77817 43340,-77797 43339,-77785 43341,-77760 43337,-77757 43330,-77731 43324,-77714 43308,-77701 43283,-77660 43279,-77654 43271,-77628 43257,-77602 43243,-77577 43236,-77551 43235,-77534 43250,-77501 43255,-77477 43266,-77437 43269,-77415 43276,-77391 43277,-77385 43278,-77376 43281,-77341 43281,-77315 43278,-77304 43277,-77264 43284,-77214 43282,-77173 43288,-77143 43286,-77130 43288,-77112 43281,-77067 43271,-77034 43271,-77000 43275,-76988 43270,-76958 43271,-76952 43285,-76922 43292,-76904 43294,-76887 43293,-76877 43298,-76855 43305,-76842 43310,-76795 43318,-76769 43331,-76747 43343,-76731 43344,-76723 43344,-76698 43353,-76685 43367,-76670 43401,-76643 43413,-76631 43419,-76617 43423,-76607 43449,-76563 43460,-76532 43469,-76522 43471,-76516 43469,-76507 43475,-76487 43493,-76472 43509,-76437 43521,-76418 43523,-76411 43526,-76369 43513,-76345 43512,-76331 43513,-76297 43525,-76260 43529,-76236 43533,-76229 43545,-76218 43560,-76210 43575,-76203 43600,-76199 43650,-76197 43680,-76201 43719,-76205 43754,-76213 43804,-76229 43826,-76250 43838,-76267 43841,-76278 43844,-76283 43851,-76284 43859,-76283 43863,-76276 43869,-76269 43873,-76262 43876,-76250 43878,-76243 43877,-76235 43875,-76227 43867,-76219 43865,-76202 43869,-76193 43878,-76181 43888,-76158 43889,-76146 43893,-76133 43898,-76127 43913,-76125 43933,-76130 43940,-76134 43946,-76134 43955,-76134 43962,-76139 43965,-76146 43962,-76170 43971,-76185 43983,-76228 43978,-76237 43976,-76244 43976,-76252 43976,-76258 43978,-76264 43981,-76269 43987,-76269 43996,-76267 44001,-76270 44009,-76282 44011,-76288 44013,-76297 44018,-76299 44023,-76300 44031,-76300 44045,-76297 44057,-76301 44059,-76304 44071,-76360 44088,-76361 44100,-76367 44112,-76364 44123,-76358 44133,-76356 44199,-76313 44204,-76287 44204,-76245 44215,-76207 44221,-76191 44240,-76164 44295,-76118 44332,-76045 44348,-76001 44347,-75978 44343,-75970 44349,-75950 44368,-75913 44395,-75871 44403,-75860 44432,-75821 44472,-75808 44516,-75765 44568,-75697 44713,-75491 44750,-75433 44806,-75334 44827,-75302 44837,-75308 44849,-75283 44877,-75216 44883,-75189 44897,-75140 44929,-75065 44947,-75027 44958,-75005 44966,-75000 44972,-74999 44977,-74993 44983,-74972 45016,-74827 45015,-74802 45006,-74725 45003,-74702 44992,-74291 44992,-74147 44996,-74027 45001,-73875 45004,-73625 45011,-73343 44994,-73350 44916,-73359 44829,-73370 44779,-73340 44703,-73365 44618,-73390 44575,-73374 44563,-73362 44558,-73357 44547,-73339 44500,-73307 44477,-73300 44439,-73294 44428,-73296 44389,-73315 44265,-73323 44244,-73325 44226,-73351 44191,-73391 44153,-73404
NC 35200,-75754 35203,-75745 35204,-75734 35209,-75718 35214,-75709 35221,-75699 35223,-75694 35231,-75687 35233,-75684 35233,-75682 35228,-75675 35228,-75665 35234,-75641 35238,-75630 35249,-75615 35256,-75599 35261,-75598 35267,-75598 35269,-75597 35266,-75585 35264,-75582 35266,-75561 35273,-75536 35288,-75529 35318,-75524 35336,-75519 35363,-75513 35387,-75507 35424,-75500 35454,-75495 35485,-75488 35498,-75489 35508,-75490 35526,-75488 35539,-75482 35553,-75479 35599,-75479 35623,-75481 35648,-75488 35666,-75499 35681,-75507 35722,-75516 35730,-75515 35774,-75534 35776,-75529 35774,-75522 35743,-75502 35729,-75496 35679,-75479 35597,-75459 35581,-75460 35554,-75462 35480,-75471 35392,-75487 35320,-75502 35234,-75526 35226,-75534 35228,-75545 35232,-75560 35231,-75580 35228,-75610 35220,-75635 35208,-75673 35190,-75729 35185,-75749 35183,-75758 35180,-75770 35172,-75790 35151,-75840 35120,-75913 35105,-75945 35092,-75964 35082,-75983 35067,-76002 35062,-76013 35065,-76015 35069,-76014 35084,-76001 35092,-75992 35101,-75989 35109,-75991 35115,-75989 35120,-75984 35121,-75973 35118,-75966 35120,-75955 35135,-75924 35142,-75910 35150,-75894 35172,-75840 35177,-75819 35179,-75813 35183,-75801 35189,-75793 35194,-75786 35199,-75754 35200,-75754
NC 35929,-75675 35920,-75660 35916,-75663 35907,-75662 35905,-75653 35907,-75649 35906,-75645 35883,-75628 35856,-75617 35848,-75620 35816,-75614 35809,-75620 35809,-75624 35819,-75639 35824,-75668 35830,-75675 35839,-75660 35863,-75661 35870,-75663 35882,-75673 35884,-75681 35902,-75698 35910,-75697 35915,-75702 35926,-75724 35934,-75727 35936,-75727 35940,-75718 35939,-75705 35937,-75691 35933,-75686 35929,-75675
NC 36550,-76491 36551,-76313 36551,-76122 36551,-76035 36551,-76027 36551,-75958 36551,-75956 36551,-75953 36551,-75922 36551,-75911 36551,-75909 36551,-75905 36551,-75903 36551,-75894 36551,-75893 36551,-75892 36551,-75887 36551,-75886 36551,-75881 36551,-75880 36551,-75867 36500,-75857 36423,-75835 36358,-75819 36290,-75796 36232,-75773 36229,-75773 36205,-75760 36154,-75738 36114,-75718 36077,-75697 36020,-75659 35863,-75570 35822,-75552 35797,-75539 35787,-75533 35780,-75536 35780,-75543 35787,-75547 35799,-75554 35813,-75566 35829,-75573 35845,-75589 35867,-75601 35889,-75619 35906,-75617 35914,-75618 35925,-75620 35942,-75631 35966,-75649 35978,-75668 35985,-75672 35994,-75679 36003,-75724 36011,-75727 36021,-75727 36032,-75722 36037,-75723 36041,-75727 36041,-75737 36047,-75741 36056,-75742 36067,-75739 36075,-75740 36121,-75750 36131,-75750 36141,-75752 36154,-75756 36201,-75776 36216,-75784 36226,-75793 36227,-75794 36231,-75799 36236,-75804 36244,-75812 36248,-75812 36260,-75808 36285,-75814 36292,-75823 36292,-75834 36295,-75838 36306,-75845 36329,-75841 36339,-75832 36346,-75832 36363,-75836 36371,-75843 36372,-75847 36379,-75851 36385,-75853 36416,-75851 36431,-75864 36436,-75880 36442,-75888 36461,-75891 36482,-75900 36486,-75907 36486,-75913 36486,-75917 36482,-75924 36483,-75927 36491,-75935 36495,-75960 36495,-75973 36506,-76004 36504,-76019 36501,-76024 36494,-76029 36482,-76032 36459,-76020 36447,-76012 36442,-76004 36437,-75990 36435,-75980 36417,-75962 36419,-75941 36423,-75936 36428,-75933 36429,-75928 36426,-75924 36389,-75916 36383,-75917 36368,-75924 36362,-75923 36354,-75918 36352,-75915 36320,-75895 36293,-75888 36285,-75882 36283,-75873 36285,-75865 36281,-75861 36266,-75862 36252,-75867 36236,-75864 36223,-75859 36217,-75849 36200,-75838 36194,-75841 36177,-75840 36158,-75824 36146,-75823 36137,-75813 36113,-75800 36082,-75792 36072,-75794 36073,-75800 36093,-75836 36102,-75848 36127,-75868 36141,-75866 36151,-75867 36155,-75870 36157,-75875 36160,-75887 36164,-75905 36165,-75920 36164,-75925 36166,-75939 36178,-75995 36186,-76017 36188,-76019 36189,-76032 36183,-76047 36181,-76052 36174,-76063 36171,-76065 36165,-76065 36155,-76060 36149,-76059 36144,-76064 36140,-76072 36136,-76093 36123,-76179 36122,-76184 36116,-76191 36113,-76192 36107,-76192 36095,-76217 36099,-76239 36105,-76265 36105,-76287 36101,-76299 36093,-76304 36085,-76323 36084,-76332 36086,-76337 36086,-76355 36078,-76411 36075,-76412 36072,-76413 36061,-76421 36043,-76443 36039,-76451 36028,-76459 36024,-76459 36018,-76492 36006,-76514 36010,-76548 36010,-76563 36006,-76576 36007,-76581 36016,-76590 36033,-76604 36038,-76615 36038,-76632 36035,-76653 36021,-76669 36018,-76672 36010,-76685 36000,-76684 35992,-76680 35983,-76685 35974,-76695 35965,-76700 35952,-76698 35945,-76692 35935,-76674 35934,-76668 35935,-76657 35937,-76608 35940,-76604 35942,-76587 35944,-76529 35950,-76507 35955,-76497 35961,-76474 35970,-76461 35984,-76398 35980,-76390 35972,-76382 35963,-76381 35945,-76365 35942,-76363 35943,-76340 35947,-76318 35973,-76272 35988,-76214 35993,-76177 35993,-76094 35990,-76083 35993,-76062 35971,-76024 35960,-76015 35957,-76014 35934,-76020 35914,-76012 35905,-76005 35904,-75999 35897,-75978 35899,-75966 35901,-75963 35920,-75948 35928,-75934 35929,-75930 35932,-75927 35940,-75927 35951,-75938 35952,-75944 35956,-75947 35960,-75947 35965,-75938 35977,-75899 35979,-75879 35978,-75860 35976,-75850 35959,-75809 35954,-75805 35945,-75801 35936,-75782 35928,-75782 35918,-75779 35901,-75769 35878,-75752 35871,-75753 35852,-75748 35839,-75735 35823,-75727 35811,-75727 35791,-75733 35778,-75738 35771,-75739 35768,-75735 35743,-75725 35714,-75719 35708,-75715 35698,-75713 35694,-75714 35672,-75742 35655,-75742 35638,-75737 35629,-75730 35626,-75730 35610,-75747 35604,-75763 35592,-75778 35579,-75775 35574,-75797 35571,-75837 35579,-75852 35587,-75860 35583,-75870 35573,-75895 35559,-75907 35555,-75909 35546,-75909 35538,-75916 35534,-75946 35531,-75950 35527,-75955 35511,-75964 35505,-75965 35497,-75962 35494,-75963 35484,-75987 35475,-75996 35464,-75995 35453,-75998 35442,-76010 35433,-76013 35423,-76011 35417,-76015 35411,-76021 35408,-76025 35414,-76037 35416,-76050 35410,-76060 35405,-76064 35398,-76064 35393,-76061 35384,-76060 35371,-76069 35361,-76093 35351,-76123 35349,-76133 35339,-76143 35329,-76143 35326,-76150 35329,-76165 35332,-76169 35337,-76182 35337,-76206 35350,-76235 35350,-76253 35344,-76258 35343,-76265 35346,-76282 35356,-76305 35357,-76327 35356,-76335 35347,-76341 35346,-76350 35349,-76365 35356,-76374 35357,-76382 35357,-76388 35349,-76399 35350,-76408 35353,-76409 35359,-76421 35362,-76432 35378,-76436 35384,-76449 35384,-76455 35380,-76462 35371,-76472 35371,-76486 35381,-76499 35392,-76522 35390,-76547 35387,-76580 35387,-76606 35378,-76621 35369,-76628 35368,-76629 35346,-76620 35338,-76605 35337,-76603 35333,-76588 35332,-76554 35329,-76549 35322,-76500 35314,-76482 35295,-76472 35277,-76468 35261,-76468 35243,-76478 35241,-76484 35233,-76490 35221,-76491 35213,-76495 35207,-76505 35193,-76522 35175,-76536 35167,-76540 35150,-76536 35142,-76536 35123,-76546 35116,-76558 35108,-76561 35097,-76569 35093,-76576 35093,-76587 35084,-76593 35076,-76594 35068,-76600 35061,-76614 35061,-76623 35057,-76632 35051,-76640 35042,-76647 35025,-76647 35020,-76645 35013,-76642 34995,-76629 34991,-76588 34998,-76567 35000,-76540 35007,-76503 35012,-76496 35017,-76491 35034,-76490 35052,-76480 35070,-76475 35075,-76469 35076,-76463 35058,-76436 35049,-76433 35031,-76432 35001,-76425 34987,-76406 34977,-76398 34975,-76396 34971,-76332 34976,-76326 34987,-76330 35017,-76350 35026,-76361 35031,-76364 35035,-76364 35033,-76352 35021,-76319 35010,-76294 35006,-76288 34997,-76289 34994,-76291 34992,-76294 34987,-76296 34976,-76297 34969,-76291 34961,-76276 34954,-76275 34940,-76278 34937,-76284 34910,-76311 34898,-76320 34882,-76334 34872,-76348 34873,-76368 34868,-76377 34863,-76380 34855,-76395 34855,-76400 34841,-76412 34826,-76416 34814,-76416 34806,-76403 34806,-76390 34808,-76384 34817,-76373 34824,-76363 34843,-76341 34861,-76323 34897,-76274 34926,-76234 34963,-76195 34991,-76160 35034,-76112 35049,-76093 35076,-76070 35077,-76065 35070,-76044 35065,-76039 35059,-76036 35031,-76073 34988,-76137 34905,-76233 34852,-76310 34785,-76387 34714,-76450 34662,-76494 34615,-76524 34589,-76536 34616,-76555 34628,-76554 34631,-76550 34646,-76549 34660,-76579 34673,-76619 34678,-76643 34686,-76663 34693,-76676 34693,-76694 34697,-76727 34697,-76770 34694,-76817 34683,-76906 34670,-76990 34661,-77031 34639,-77113 34633,-77137 34622,-77170 34605,-77209 34588,-77241 34536,-77323 34471,-77463 34456,-77492 34440,-77518 34417,-77557 34401,-77582 34360,-77635 34342,-77662 34320,-77687 34295,-77713 34293,-77716 34273,-77740 34246,-77764 34163,-77829 34141,-77842 34079,-77870 34076,-77874 34068,-77878 33972,-77916 33945,-77928 33929,-77937 33912,-77947 33878,-77957 33853,-77960 33845,-77971 33859,-78007 33861,-78010 33868,-78009 33888,-78019 33906,-78095 33912,-78137 33914,-78178 33912,-78276 33902,-78384 33866,-78509 33851,-78541 33944,-78650 33995,-78710 33997,-78712 34299,-79071 34360,-79143 34367,-79151 34400,-79191 34401,-79192 34407,-79199 34515,-79323 34516,-79325 34522,-79331 34545,-79358 34621,-79450 34629,-79460 34630,-79461 34630,-79462 34635,-79469 34637,-79472 34645,-79479 34654,-79490 34677,-79519 34678,-79520 34706,-79554 34712,-79562 34769,-79632 34771,-79634 34805,-79688 34805,-79690 34805,-79693 34806,-79744 34806,-79745 34806,-79773 34806,-79774 34807,-79928 34809,-80027 34809,-80043 34810,-80073 34810,-80077 34810,-80098 34810,-80099 34814,-80320 34815,-80400 34816,-80417 34816,-80418 34816,-80420 34816,-80426 34816,-80435 34816,-80449 34816,-80452 34817,-80486 34817,-80562 34818,-80621 34818,-80626 34819,-80645 34819,-80647 34820,-80772 34820,-80778 34825,-80797 34936,-80782 34963,-80806 34963,-80807 35002,-80840 35077,-80906 35077,-80907 35107,-80935 35093,-80958 35045,-81041 35062,-81057 35073,-81058 35086,-81057 35096,-81052 35101,-81047 35103,-81036 35109,-81033 35146,-81043 35148,-81043 35153,-81090 35160,-81239 35160,-81242 35161,-81269 35163,-81328 35165,-81367 35168,-81452 35169,-81461 35170,-81493 35170,-81494 35180,-81768 35183,-81858 35184,-81874 35187,-81969 35194,-82168 35194,-82177 35194,-82186 35195,-82195 35196,-82216 35197,-82231 35199,-82258 35199,-82288 35207,-82352 35211,-82384 35175,-82476 35163,-82517 35159,-82536 35159,-82537 35144,-82574 35142,-82580 35142,-82582 35122,-82686 35120,-82687 35068,-82764 35067,-82782 35069,-82781 35074,-82779 35077,-82777 35084,-82781 35085,-82781 35056,-82897 35027,-83008 35001,-83109 34994,-83483 34992,-83549 34992,-83620 34987,-83674 34987,-83936 34987,-83937 34987,-84005 34987,-84021 34987,-84030 34988,-84129 34988,-84130 34988,-84322 35093,-84309 35093,-84308 35207,-84292 35226,-84290 35268,-84228 35269,-84224 35266,-84212 35256,-84203 35250,-84125 35251,-84121 35250,-84115 35247,-84098 35268,-84056 35291,-84029 35296,-84024 35301,-84021 35325,-84032 35327,-84032 35348,-84038 35350,-84037 35351,-84035 35354,-84025 35423,-84002 35425,-84000 35459,-83961 35463,-83961 35464,-83961 35461,-83953 35472,-83934 35519,-83880 35564,-83757 35570,-83676 35569,-83663 35566,-83640 35563,-83498 35568,-83486 35577,-83481 35579,-83479 35583,-83479 35612,-83446 35639,-83367 35658,-83297 35696,-83254 35709,-83251 35715,-83255 35720,-83251 35727,-83241 35760,-83165 35775,-83100 35773,-82996 35778,-82984 35794,-82964 35795,-82963 35845,-82918 35881,-82898 35924,-82913 35945,-82899 35953,-82874 35949,-82853 35933,-82830 35975,-82779 36004,-82754 36024,-82715 36046,-82684 36066,-82637 36066,-82632 36057,-82619 36040,-82603 36000,-82615 35973,-82611 35965,-82597 35955,-82558 35976,-82513 35977,-82507 35978,-82506 35992,-82487 36007,-82463 36073,-82417 36083,-82409 36106,-82376 36106,-82371 36108,-82367 36111,-82361 36116,-82348 36117,-82329 36119,-82325 36139,-82238 36140,-82236 36141,-82235 36142,-82235 36157,-82222 36159,-82211 36150,-82148 36129,-82137 36120,-82138 36106,-82131 36104,-82127 36106,-82081 36106,-82080 36130,-82027 36228,-81960 36265,-81933 36287,-81918 36302,-81908 36337,-81855 36358,-81801 36360,-81794 36348,-81790 36339,-81765 36337,-81748 36341,-81731 36340,-81726 36388,-81721 36451,-81714 36453,-81715 36485,-81697 36492,-81696 36493,-81697 36496,-81697 36497,-81698 36498,-81700 36500,-81700 36501,-81700 36504,-81698 36505,-81697 36508,-81698 36512,-81699 36513,-81700 36514,-81700 36515,-81701 36536,-81708 36540,-81700 36588,-81678 36587,-81607 36581,-81521 36575,-81353 36575,-81308 36567,-81062 36567,-81059 36563,-80946 36563,-80944 36562,-80902 36559,-80838 36559,-80837 36562,-80744 36561,-80688 36558,-80612 36551,-80440 36550,-80433 36550,-80432 36544,-80228 36544,-80225 36543,-80172 36543,-80170 36543,-80053 36542,-80027 36543,-79968 36542,-79967 36542,-79920 36542,-79715 36542,-79667 36541,-79511 36541,-79470 36541,-79446 36541,-79343 36542,-79219 36542,-79209 36542,-79138 36542,-79126 36542,-79125 36542,-78972 36542,-78971 36542,-78942 36542,-78915 36542,-78796 36542,-78765 36542,-78758 36542,-78734 36542,-78670 36542,-78663 36541,-78533 36541,-78530 36542,-78471 36542,-78457 36543,-78441 36543,-78436 36544,-78324 36544,-78247 36544,-78245 36544,-78133 36544,-78046 36544,-78039 36545,-77900 36545,-77882 36545,-77875 36545,-77767 36545,-77297 36545,-77250 36546,-77165 36544,-76916 36544,-76915 36551,-76807 36551,-76781 36550,-76542 36550,-76541 36550,-76491
ND 45944,-100512 45944,-100628 45944,-100651 45944,-100721 45944,-100750 45944,-100762 45944,-100770 45944,-100890 45944,-100936 45944,-100939 45944,-100964 45944,-100977 45944,-100981 45944,-101101 45944,-101107 45944,-101143 45944,-101146 45944,-101163 45944,-101171 45944,-101176 45944,-101179 45944,-101204 45944,-101224 45944,-101272 45944,-101287 45944,-101313 45944,-101334 45944,-101365 45944,-101371 45944,-101374 45944,-101557 45944,-101562 45944,-101629 45944,-101658 45944,-101681 45944,-101682 45944,-101709 45944,-101723 45944,-101730 45944,-101759 45944,-101764 45944,-101765 45944,-101766 45944,-101790 45944,-101795 45944,-101833 45944,-101853 45945,-101887 45944,-101957 45944,-101974 45944,-101990 45944,-101992 45945,-101999 45945,-102000 45945,-102001 45945,-102061 45945,-102085 45945,-102088 45945,-102125 45945,-102135 45945,-102145 45945,-102156 45945,-102158 45945,-102159 45945,-102177 45945,-102218 45945,-102328 45945,-102353 45945,-102354 45945,-102393 45945,-102396 45945,-102399 45945,-102406 45945,-102410 45945,-102420 45945,-102425 45945,-102446 45945,-102460 45945,-102468 45945,-102476 45945,-102551 45945,-102559 45945,-102643 45945,-102652 45945,-102667 45945,-102672 45945,-102674 45945,-102705 45945,-102880 45945,-102920 45945,-102942 45945,-102990 45945,-102995 45945,-102996 45945,-103026 45945,-103048 45945,-103078 45945,-103098 45945,-103141 45945,-103161 45945,-103211 45945,-103218 45945,-103284 45945,-103411 45945,-103418 45945,-103432 45945,-103435 45945,-103559 45945,-103577 45945,-103661 45945,-103668 45945,-104045 46000,-104047 46280,-104046 46325,-104045 46342,-104045 46541,-104045 46641,-104045 46709,-104045 46714,-104046 46721,-104045 46722,-104045 46725,-104045 46934,-104046 46941,-104046 47038,-104045 47041,-104045 47054,-104045 47058,-104045 47064,-104045 47079,-104045 47081,-104045 47093,-104045 47264,-104045 47266,-104045 47267,-104045 47271,-104045 47274,-104045 47277,-104045 47330,-104045 47332,-104045 47343,-104045 47397,-104045 47438,-104045 47459,-104045 47747,-104043 47803,-104042 47805,-104042 47808,-104043 47842,-104042 47862,-104042 47891,-104042 47950,-104043 47954,-104043 47972,-104044 47993,-104044 47996,-104044 48164,-104045 48176,-104045 48192,-104045 48194,-104046 48241,-104046 48245,-104046 48246,-104046 48255,-104046 48257,-104046 48342,-104046 48374,-104046 48375,-104047 48389,-104047 48391,-104047 48411,-104047 48421,-104047 48446,-104047 48447,-104047 48453,-104047 48467,-104047 48494,-104048 48518,-104048 48526,-104048 48531,-104048 48540,-104048 48563,-104048 48592,-104048 48599,-104048 48620,-104048 48626,-104048 48627,-104048 48634,-104048 48649,-104048 48650,-104048 48657,-104048 48659,-104048 48663,-104048 48664,-104048 48747,-104048 48751,-104049 48789,-104049 48797,-104049 48847,-104049 48866,-104049 48868,-104049 48874,-104049 48876,-104049 48880,-104049 48903,-104049 48907,-104049 48912,-104049 48934,-104049 48940,-104049 48943,-104049 48950,-104049 48952,-104049 48957,-104049 48959,-104049 48964,-104049 48967,-104049 48987,-104048 49000,-104049 49000,-103992 49000,-103989 49000,-103984 49000,-103982 49000,-103981 49000,-103976 49000,-103969 49000,-103923 49000,-103922 49000,-103919 49000,-103917 49000,-103877 49000,-103865 49000,-103863 49000,-103858 49000,-103856 49000,-103852 48999,-102939 48999,-102217 48999,-102211 48999,-102152 48999,-102132 48999,-102021 48999,-101497 49000,-101226 49000,-101225 48999,-101221 48999,-101216 49000,-100921 49000,-100918 49000,-100914 49000,-100907 48999,-100434 49000,-100434 49000,-100432 48999,-100432 48999,-100183 48999,-99914 48999,-99861 48999,-99526 49000,-99000 49000,-97950 49001,-97776 49001,-97411 49001,-97229 48997,-97234 48983,-97238 48968,-97239 48947,-97233 48881,-97200 48788,-97158 48749,-97138 48682,-97093 48544,-97163 48543,-97161 48539,-97151 48520,-97127 48421,-97123 48407,-97131 48397,-97146 48352,-97136 48342,-97127 48324,-97116 48280,-97117 48250,-97130 48250,-97135 48247,-97143 48243,-97147 48194,-97147 48173,-97147 48171,-97148 48109,-97123 48071,-97098 48060,-97088 47874,-97023 47861,-97000 47816,-96980 47672,-96891 47664,-96886 47598,-96851 47508,-96842 47504,-96853 47500,-96854 47422,-96862 47375,-96853 47238,-96833 47151,-96827 47125,-96825 47000,-96823 46993,-96825 46971,-96823 46934,-96792 46928,-96780 46905,-96767 46812,-96802 46687,-96784 46631,-96783 46630,-96783 46544,-96739 46445,-96716 46440,-96722 46385,-96670 46354,-96632 46313,-96598 46264,-96599 46177,-96586 46170,-96578 46102,-96558 46085,-96555 46065,-96557 46058,-96559 46051,-96566 46027,-96578 46022,-96577 45964,-96570 45935,-96563 45935,-96577 45935,-96597 45935,-96607 45935,-96618 45935,-96639 45936,-96660 45936,-96681 45936,-96701 45936,-96792 45936,-96999 45935,-97020 45935,-97118 45935,-97145 45935,-97228 45935,-97312 45935,-97319 45935,-97482 45935,-97492 45935,-97519 45935,-97543 45935,-97697 45935,-97777 45935,-97785 45936,-97959 45936,-97979 45936,-97987 45936,-98008 45936,-98071 45936,-98185 45936,-98186 45939,-98724 45940,-98904 45940,-98905 45940,-99006 45940,-99093 45940,-99102 45940,-99213 45940,-99214 45940,-99222 45940,-99258 45940,-99276 45940,-99284 45940,-99297 45940,-99318 45940,-99345 45940,-99378 45940,-99386 45940,-99401 45940,-99490 45940,-99493 45941,-99589 45941,-99611 45941,-99672 45941,-99693 45941,-99718 45941,-99748 45941,-99749 45941,-99750 45941,-99839 45942,-99880 45942,-99966 45942,-100005 45942,-100069 45942,-100084 45942,-100108 45942,-100110 45943,-100142 45942,-100152 45943,-100171 45943,-100275 45943,-100276 45943,-100284 45943,-100285 45943,-100294 45943,-100410 45944,-100420 45944,-100424 45944,-100431 45944,-100463 45944,-100499 45944,-100512
OH 39181,-81750 39095,-81747 39082,-81812 39073,-81814 39060,-81812 39048,-81803 39040,-81793 39026,-81773 39015,-81764 38934,-81756 38926,-81760 38881,-81875 38878,-81909 38892,-81927 38895,-81928 38901,-81927 38924,-81901 38930,-81898 38938,-81901 38968,-81920 38989,-81936 39028,-82002 39030,-82018 39025,-82036 39018,-82042 39004,-82046 38994,-82052 38971,-82093 38958,-82099 38866,-82139 38817,-82184 38815,-82191 38797,-82216 38787,-82222 38774,-82220 38758,-82199 38734,-82188 38709,-82182 38626,-82172 38619,-82172 38608,-82175 38604,-82177 38599,-82182 38593,-82194 38592,-82219 38598,-82246 38598,-82262 38594,-82274 38583,-82287 38579,-82291 38573,-82294 38560,-82293 38540,-82296 38468,-82314 38455,-82320 38449,-82324 38444,-82330 38441,-82341 38410,-82507 38408,-82520 38404,-82561 38422,-82594 38506,-82665 38506,-82666 38537,-82691 38542,-82697 38558,-82725 38559,-82731 38560,-82790 38563,-82800 38571,-82816 38573,-82820 38586,-82840 38595,-82847 38611,-82854 38678,-82870 38710,-82873 38722,-82870 38730,-82870 38739,-82871 38745,-82874 38747,-82875 38751,-82879 38756,-82889 38757,-82894 38750,-82924 38743,-82943 38729,-82969 38726,-82979 38730,-83012 38726,-83031 38642,-83128 38632,-83135 38625,-83143 38621,-83157 38605,-83266 38603,-83282 38623,-83321 38633,-83324 38642,-83333 38659,-83369 38702,-83513 38703,-83521 38702,-83533 38693,-83575 38684,-83616 38679,-83627 38671,-83636 38643,-83643 38637,-83647 38633,-83650 38630,-83655 38628,-83664 38630,-83679 38637,-83706 38652,-83762 38655,-83769 38661,-83774 38674,-83778 38753,-83853 38757,-83859 38762,-83870 38768,-83904 38784,-83944 38787,-83962 38787,-83979 38771,-84044 38771,-84053 38770,-84071 38803,-84206 38806,-84213 38818,-84225 38828,-84230 38831,-84231 38854,-84234 38875,-84232 38880,-84232 38893,-84234 39006,-84305 39017,-84314 39022,-84320 39027,-84327 39094,-84433 39102,-84494 39097,-84502 39095,-84506 39094,-84510 39074,-84603 39073,-84620 39074,-84624 39077,-84632 39100,-84685 39104,-84690 39137,-84719 39144,-84732 39147,-84744 39147,-84754 39139,-84767 39115,-84788 39105,-84820 39149,-84820 39157,-84820 39158,-84820 39244,-84820 39248,-84820 39251,-84820 39262,-84820 39272,-84820 39305,-84819 39309,-84819 39392,-84817 39477,-84816 39511,-84816 39522,-84815 39548,-84815 39566,-84815 39567,-84815 39568,-84815 39629,-84815 39669,-84815 39680,-84815 39727,-84814 39786,-84814 39787,-84814 39800,-84814 39811,-84814 39814,-84814 39825,-84814 39827,-84814 39843,-84814 39851,-84814 39853,-84813 39873,-84813 39891,-84813 39892,-84813 39917,-84812 39922,-84812 39927,-84812 40005,-84811 40034,-84810 40049,-84810 40107,-84809 40127,-84808 40129,-84808 40180,-84807 40192,-84806 40198,-84806 40224,-84806 40302,-84804 40310,-84804 40353,-84804 40465,-84803 40528,-84802 40572,-84802 40645,-84802 40660,-84802 40675,-84802 40689,-84802 40691,-84802 40702,-84802 40719,-84802 40728,-84802 40742,-84802 40766,-84803 40922,-84803 40923,-84803 40989,-84803 41089,-84803 41097,-84803 41165,-84803 41173,-84804 41174,-84803 41253,-84803 41271,-84804 41368,-84804 41408,-84804 41412,-84804 41426,-84804 41436,-84804 41488,-84804 41500,-84805 41530,-84805 41613,-84806 41631,-84806 41632,-84806 41675,-84806 41696,-84806 41705,-84438 41706,-84400 41706,-84399 41706,-84397 41707,-84360 41720,-83881 41720,-83880 41724,-83763 41726,-83685 41727,-83666 41728,-83640 41728,-83637 41729,-83595 41729,-83594 41729,-83585 41732,-83504 41732,-83503 41732,-83500 41732,-83498 41733,-83454 41727,-83456 41711,-83449 41707,-83446 41691,-83410 41692,-83393 41687,-83376 41688,-83357 41694,-83342 41699,-83338 41703,-83338 41702,-83327 41684,-83299 41682,-83296 41681,-83294 41677,-83291 41676,-83290 41676,-83288 41675,-83287 41675,-83285 41672,-83278 41651,-83238 41644,-83232 41631,-83195 41623,-83166 41618,-83146 41614,-83104 41607,-83086 41595,-83067 41574,-83048 41568,-83043 41559,-83032 41558,-83031 41556,-83028 41550,-83019 41549,-83017 41539,-83000 41524,-82970 41521,-82958 41514,-82934 41519,-82898 41520,-82897 41523,-82888 41526,-82882 41530,-82875 41534,-82869 41538,-82866 41543,-82861 41547,-82858 41548,-82857 41551,-82857 41564,-82855 41567,-82856 41568,-82857 41574,-82859 41576,-82860 41578,-82858 41579,-82857 41582,-82854 41583,-82853 41586,-82848 41588,-82834 41571,-82820 41546,-82794 41541,-82785 41541,-82772 41546,-82750 41545,-82740 41544,-82733 41544,-82732 41544,-82731 41543,-82728 41543,-82722 41542,-82721 41542,-82718 41540,-82715 41537,-82711 41536,-82711 41527,-82712 41522,-82716 41517,-82722 41511,-82720 41510,-82720 41502,-82714 41498,-82710 41494,-82695 41492,-82688 41462,-82658 41432,-82618 41428,-82617 41400,-82558 41384,-82514 41382,-82499 41381,-82481 41386,-82461 41397,-82431 41414,-82398 41427,-82362 41428,-82348 41430,-82334 41428,-82292 41429,-82283 41431,-82268 41434,-82255 41465,-82193 41468,-82189 41473,-82186 41474,-82185 41472,-82182 41474,-82165 41495,-82094 41516,-82012 41514,-81995 41506,-81968 41505,-81965 41501,-81963 41499,-81958 41491,-81938 41490,-81930 41490,-81929 41483,-81877 41484,-81860 41486,-81850 41489,-81837 41490,-81836 41496,-81811 41496,-81801 41496,-81800 41497,-81794 41496,-81782 41492,-81769 41490,-81762 41490,-81759 41487,-81746 41487,-81745 41487,-81744 41488,-81742 41489,-81739 41491,-81733 41494,-81728 41494,-81726 41495,-81726 41498,-81719 41499,-81717 41500,-81716 41502,-81711 41505,-81708 41506,-81707 41514,-81693 41515,-81691 41517,-81688 41531,-81665 41536,-81650 41536,-81648 41538,-81641 41540,-81634 41544,-81627 41550,-81617 41551,-81617 41551,-81616 41554,-81610 41555,-81610 41561,-81600 41565,-81593 41566,-81593 41566,-81592 41567,-81591 41575,-81580 41576,-81579 41577,-81577 41578,-81576 41588,-81563 41613,-81532 41614,-81530 41615,-81530 41615,-81527 41617,-81521 41621,-81509 41623,-81500 41631,-81489 41633,-81487 41640,-81478 41649,-81466 41663,-81452 41668,-81448 41672,-81444 41673,-81443 41674,-81442 41674,-81441 41676,-81439 41676,-81438 41677,-81437 41678,-81436 41680,-81431 41692,-81413 41695,-81408 41696,-81406 41697,-81404 41698,-81402 41700,-81401 41707,-81389 41707,-81388 41712,-81381 41715,-81375 41715,-81374 41716,-81374 41716,-81373 41719,-81369 41719,-81367 41728,-81353 41738,-81330 41747,-81309 41748,-81307 41748,-81306 41751,-81302 41759,-81289 41760,-81287 41760,-81280 41760,-81279 41758,-81266 41758,-81264 41758,-81263 41759,-81259 41760,-81256 41760,-81253 41761,-81252 41761,-81249 41762,-81248 41780,-81202 41783,-81193 41787,-81184 41787,-81183 41794,-81168 41814,-81122 41818,-81113 41821,-81099 41822,-81096 41823,-81093 41840,-81052 41846,-81025 41854,-81010 41855,-81003 41855,-81002 41856,-80992 41858,-80974 41858,-80971 41860,-80958 41862,-80936 41866,-80917 41869,-80900 41885,-80854 41885,-80852 41894,-80827 41896,-80819 41897,-80816 41898,-80815 41899,-80813 41902,-80809 41902,-80808 41904,-80806 41909,-80801 41910,-80801 41910,-80800 41910,-80798 41910,-80794 41911,-80786 41911,-80785 41912,-80785 41908,-80783 41907,-80782 41907,-80781 41908,-80777 41909,-80772 41910,-80771 41911,-80768 41911,-80766 41912,-80762 41913,-80758 41919,-80728 41920,-80721 41921,-80717 41922,-80712 41923,-80708 41926,-80699 41927,-80693 41943,-80636 41947,-80619 41950,-80609 41958,-80582 41958,-80579 41959,-80577 41960,-80577 41960,-80576 41961,-80572 41964,-80563 41965,-80561 41967,-80556 41968,-80554 41973,-80534 41974,-80531 41974,-80530 41975,-80529 41976,-80526 41977,-80522 41978,-80519 41976,-80519 41944,-80519 41929,-80519 41850,-80519 41765,-80519 41752,-80519 41739,-80519 41701,-80519 41671,-80519 41670,-80519 41539,-80519 41529,-80519 41500,-80519 41489,-80519 41463,-80519 41435,-80519 41416,-80519 41379,-80519 41372,-80519 41361,-80519 41351,-80519 41341,-80519 41340,-80519 41339,-80519 41337,-80519 41336,-80519 41333,-80519 41312,-80519 41306,-80519 41268,-80519 41265,-80519 41249,-80519 41233,-80519 41219,-80519 41209,-80519 41171,-80519 41146,-80519 41133,-80519 41125,-80519 41116,-80519 41105,-80519 41101,-80519 41091,-80519 41082,-80519 41075,-80519 41072,-80519 41071,-80519 41062,-80519 41015,-80519 40995,-80519 40987,-80519 40921,-80519 40901,-80520 40900,-80520 40851,-80519 40850,-80519 40849,-80519 40801,-80519 40792,-80519 40639,-80519 40624,-80561 40620,-80589 40624,-80594 40625,-80601 40620,-80627 40616,-80634 40588,-80666 40582,-80668 40574,-80667 40491,-80610 40483,-80599 40435,-80612 40396,-80617 40382,-80619 40360,-80609 40318,-80600 40307,-80603 40280,-80617 40255,-80637 40251,-80645 40245,-80652 40188,-80685 40157,-80703 40153,-80705 40089,-80727 40059,-80733 40049,-80731 40037,-80732 40033,-80732 39971,-80740 39969,-80743 39958,-80759 39917,-80806 39913,-80809 39906,-80810 39897,-80806 39849,-80812 39721,-80829 39712,-80830 39706,-80832 39621,-80880 39617,-80892 39607,-80944 39555,-81020 39540,-81039 39520,-81064 39465,-81128 39389,-81216 39386,-81224 39390,-81249 39386,-81271 39375,-81295 39346,-81348 39343,-81357 39342,-81371 39342,-81376 39343,-81385 39352,-81394 39388,-81407 39395,-81413 39408,-81436 39410,-81447 39409,-81456 39404,-81468 39353,-81542 39276,-81606 39243,-81696 39212,-81722 39191,-81740 39186,-81750 39181,-81750
OK 34746,-100000 35030,-100000 35183,-100000 35422,-100000 35619,-100000 35881,-100000 36056,-100000 36500,-100000 36500,-100004 36500,-100090 36500,-100181 36500,-100311 36500,-100324 36499,-100334 36499,-100352 36499,-100379 36500,-100379 36499,-100414 36499,-100421 36499,-100434 36499,-100441 36499,-100522 36499,-100530 36499,-100531 36499,-100546 36499,-100578 36499,-100583 36499,-100584 36499,-100593 36499,-100648 36499,-100658 36500,-100709 36500,-100724 36500,-100762 36500,-100803 36500,-100806 36500,-100824 36500,-100851 36500,-100860 36500,-100884 36500,-100919 36500,-100936 36500,-100954 36500,-100977 36500,-101045 36500,-101052 36499,-101085 36500,-101624 36500,-101650 36500,-101654 36500,-101699 36500,-101709 36500,-101779 36500,-101781 36500,-101782 36500,-101783 36500,-101788 36500,-101826 36500,-101827 36500,-102032 36500,-102162 36500,-103002 36527,-103003 36603,-103002 36617,-103002 36675,-103003 36719,-103002 36910,-103002 36912,-103002 37000,-103002 36999,-102987 36999,-102986 36999,-102980 37000,-102875 36995,-102571 36995,-102355 36994,-102208 36994,-102184 36993,-102055 36993,-102042 36993,-102028 36993,-102000 36994,-101902 36995,-101602 36995,-101600 36995,-101555 36996,-101519 36996,-101485 36996,-101415 36996,-101414 36996,-101378 36996,-101360 36996,-101358 36997,-101213 36997,-101211 36998,-101067 36998,-101054 36998,-101013 36998,-100997 36998,-100946 36998,-100945 36999,-100905 36999,-100904 36999,-100892 36999,-100856 36999,-100814 36999,-100806 36999,-100765 36999,-100757 37000,-100676 37000,-100633 37000,-100630 37000,-100591 37001,-100553 37001,-100552 37002,-100202 37002,-100194 37002,-100192 37002,-100188 37002,-100116 37002,-100089 37002,-100006 37002,-100003 37002,-100001 37002,-99995 37001,-99786 37001,-99775 37001,-99774 37000,-99658 37000,-99625 37000,-99558 37000,-99541 37000,-99509 37000,-99504 37000,-99503 37000,-99500 37000,-99484 36999,-99456 37000,-99278 37000,-99248 36999,-99129 36999,-99125 37000,-99029 37000,-99000 36999,-98994 36999,-98881 36999,-98880 36999,-98869 36999,-98797 36999,-98794 36999,-98792 36999,-98762 36999,-98718 36999,-98715 36999,-98545 36999,-98420 36999,-98418 36999,-98409 36998,-98354 36998,-98347 36998,-98346 36998,-98238 36998,-98219 36998,-98208 36998,-98178 36998,-98147 36998,-98112 36998,-98045 36998,-98040 36998,-98034 36999,-97802 36999,-97783 36999,-97769 36999,-97697 36999,-97650 36999,-97637 36999,-97607 36999,-97565 36999,-97546 36999,-97527 36999,-97473 36999,-97462 36999,-97385 36999,-97372 36999,-97148 36999,-97123 36999,-97120 36999,-97104 36999,-97101 36999,-97040 36999,-97030 36999,-96976 36999,-96967 36999,-96935 36999,-96922 36999,-96917 36999,-96904 36999,-96902 36999,-96876 36999,-96868 36999,-96823 36999,-96795 36999,-96792 36999,-96750 36999,-96741 36999,-96737 36999,-96710 36999,-96705 36999,-96525 36999,-96415 36999,-96394 36999,-96279 36999,-96276 36999,-96218 36999,-96200 36999,-96185 36999,-96154 36999,-96152 36999,-96150 36999,-96147 36999,-96143 36999,-96141 36999,-96001 36999,-95964 36999,-95937 36999,-95928 36999,-95910 36999,-95877 36999,-95875 36999,-95874 36999,-95867 36999,-95808 36999,-95787 36999,-95769 36999,-95760 36999,-95742 36999,-95718 36999,-95715 36999,-95710 36999,-95697 36999,-95686 36999,-95664 36999,-95630 36999,-95624 36999,-95616 36999,-95612 36999,-95574 36999,-95534 36999,-95522 36999,-95512 36999,-95408 36999,-95331 36999,-95328 36999,-95323 37000,-95195 37000,-95177 37000,-95155 37000,-95074 37000,-95049 36999,-95038 37000,-95030 37000,-95011 37000,-95008 37000,-94995 36999,-94853 36999,-94850 36999,-94841 36999,-94831 36999,-94777 36999,-94739 36999,-94737 36999,-94713 36999,-94702 36999,-94700 36998,-94618 36996,-94618 36995,-94618 36950,-94618 36947,-94618 36938,-94618 36930,-94618 36926,-94618 36911,-94618 36897,-94618 36880,-94619 36847,-94618 36767,-94618 36701,-94618 36669,-94618 36668,-94618 36613,-94618 36607,-94618 36599,-94618 36578,-94618 36537,-94618 36536,-94618 36534,-94618 36518,-94618 36515,-94618 36499,-94618 36485,-94615 36476,-94614 36462,-94612 36422,-94605 36405,-94603 36402,-94602 36388,-94600 36346,-94593 36300,-94586 36250,-94578 36240,-94576 36234,-94575 36233,-94575 36230,-94574 36214,-94572 36211,-94571 36184,-94567 36178,-94566 36162,-94563 36152,-94561 36102,-94552 36078,-94548 36077,-94548 36008,-94536 36003,-94535 35997,-94534 35988,-94532 35966,-94528 35946,-94525 35944,-94524 35936,-94523 35935,-94523 35934,-94523 35846,-94508 35834,-94506 35826,-94504 35817,-94503 35806,-94501 35804,-94501 35803,-94501 35797,-94500 35793,-94499 35768,-94495 35762,-94493 35759,-94493 35729,-94488 35726,-94488 35639,-94473 35594,-94465 35589,-94464 35587,-94464 35583,-94463 35398,-94432 35394,-94431 35387,-94434 35386,-94434 35381,-94433 35363,-94432 35306,-94434 35291,-94435 35287,-94435 35276,-94435 35274,-94436 35271,-94436 35242,-94438 35239,-94438 35211,-94438 35209,-94438 35197,-94439 35194,-94439 35172,-94440 35169,-94440 35129,-94441 35120,-94441 34934,-94448 34896,-94449 34894,-94449 34891,-94449 34875,-94450 34861,-94450 34859,-94450 34855,-94450 34729,-94455 34643,-94458 34635,-94457 34548,-94460 34545,-94460 34507,-94461 34420,-94464 34414,-94464 34403,-94464 34360,-94465 34352,-94466 34190,-94470 34022,-94475 34020,-94475 33957,-94477 33954,-94477 33941,-94477 33938,-94477 33881,-94479 33851,-94480 33830,-94481 33803,-94481 33796,-94482 33789,-94482 33756,-94483 33754,-94483 33751,-94483 33717,-94484 33711,-94484 33692,-94485 33688,-94485 33663,-94486 33653,-94486 33638,-94486 33629,-94488 33626,-94491 33616,-94524 33616,-94528 33660,-94661 33691,-94735 33703,-94746 33727,-94761 33733,-94822 33746,-94869 33861,-95039 33904,-95062 33914,-95063 33917,-95067 33937,-95130 33944,-95156 33962,-95219 33962,-95226 33960,-95231 33934,-95253 33930,-95254 33922,-95250 33912,-95248 33902,-95250 33892,-95256 33888,-95261 33874,-95288 33871,-95310 33869,-95340 33866,-95408 33869,-95446 33880,-95544 33883,-95548 33888,-95552 33894,-95552 33901,-95549 33908,-95549 33930,-95559 33933,-95567 33934,-95600 33867,-95757 33848,-95764 33838,-95825 33841,-95846 33857,-95950 33848,-96098 33838,-96148 33813,-96157 33784,-96164 33769,-96170 33759,-96182 33752,-96200 33747,-96221 33748,-96230 33746,-96305 33717,-96370 33727,-96378 33776,-96423 33780,-96436 33781,-96448 33773,-96500 33834,-96613 33841,-96615 33853,-96616 33868,-96613 33875,-96611 33878,-96613 33881,-96615 33886,-96622 33889,-96633 33895,-96647 33900,-96659 33900,-96672 33893,-96679 33883,-96682 33873,-96685 33862,-96689 33850,-96695 33841,-96701 33835,-96707 33832,-96712 33824,-96762 33847,-96856 33853,-96866 33868,-96883 33896,-96896 33934,-96899 33950,-96907 33958,-96916 33960,-96922 33954,-96935 33949,-96945 33936,-96973 33887,-96986 33862,-97006 33818,-97048 33733,-97092 33728,-97097 33721,-97107 33717,-97121 33719,-97138 33723,-97151 33729,-97163 33738,-97172 33800,-97205 33819,-97205 33827,-97200 33831,-97195 33831,-97181 33835,-97172 33840,-97167 33847,-97167 33895,-97181 33901,-97185 33916,-97211 33915,-97227 33872,-97311 33819,-97373 33819,-97426 33824,-97444 33829,-97453 33835,-97459 33842,-97463 33850,-97461 33855,-97458 33871,-97451 33891,-97451 33902,-97458 33916,-97484 33917,-97487 33920,-97501 33914,-97519 33900,-97546 33897,-97555 33898,-97561 33900,-97581 33902,-97587 33914,-97596 33918,-97597 33952,-97589 33954,-97590 33968,-97609 33989,-97656 33991,-97672 33987,-97688 33984,-97693 33972,-97700 33936,-97734 33891,-97785 33858,-97834 33849,-97866 33850,-97877 33882,-97967 33890,-97978 33936,-97953 33990,-97946 34002,-97984 33994,-98019 33993,-98041 34003,-98085 34005,-98088 34034,-98106 34114,-98169 34117,-98200 34133,-98294 34135,-98300 34151,-98325 34157,-98364 34148,-98383 34128,-98398 34122,-98400 34096,-98434 34064,-98475 34072,-98504 34134,-98554 34149,-98577 34161,-98600 34161,-98610 34162,-98638 34161,-98652 34152,-98666 34136,-98700 34136,-98766 34153,-98858 34183,-98920 34196,-98953 34201,-98967 34205,-99060 34202,-99119 34207,-99157 34215,-99191 34292,-99212 34314,-99212 34325,-99210 34338,-99211 34403,-99261 34442,-99357 34376,-99399 34373,-99407 34374,-99441 34389,-99453 34398,-99474 34410,-99500 34414,-99515 34418,-99574 34417,-99580 34375,-99617 34374,-99664 34378,-99695 34431,-99767 34454,-99794 34505,-99846 34523,-99865 34532,-99872 34537,-99874 34547,-99885 34575,-99923 34579,-99946 34578,-99955 34561,-99998 34561,-100000 34746,-100000
OR 45654,-121908 45662,-121901 45671,-121902 45693,-121867 45705,-121820 45707,-121811 45694,-121735 45695,-121707 45706,-121626 45727,-121533 45725,-121522 45701,-121463 45697,-121441 45694,-121424 45693,-121402 45703,-121373 45705,-121338 45700,-121312 45671,-121216 45650,-121200 45630,-121195 45647,-121087 45653,-121064 45656,-120944 45641,-120916 45661,-120870 45672,-120856 45686,-120789 45716,-120689 45730,-120669 45737,-120654 45746,-120635 45747,-120591 45738,-120559 45710,-120522 45700,-120506 45694,-120482 45699,-120404 45726,-120211 45762,-120170 45773,-120141 45812,-120001 45812,-120000 45836,-119868 45848,-119803 45846,-119773 45857,-119670 45906,-119623 45920,-119601 45925,-119572 45909,-119525 45906,-119488 45914,-119432 45921,-119376 45933,-119323 45940,-119257 45933,-119226 45928,-119196 45928,-119169 45933,-119126 45943,-119093 45969,-119027 45979,-119009 46000,-118987 46001,-118678 46001,-118659 46001,-118639 46001,-118638 46001,-118580 46001,-118576 46001,-118569 46001,-118537 46001,-118497 46001,-118471 46001,-118378 46001,-118368 46000,-118315 46000,-118256 46000,-118253 46000,-118237 46000,-118229 46000,-118131 46000,-118126 46001,-117997 46001,-117978 45999,-117603 45998,-117505 45998,-117480 45998,-117475 45998,-117217 45998,-117215 45998,-117213 45995,-116916 45942,-116875 45917,-116867 45904,-116857 45854,-116796 45848,-116789 45785,-116633 45779,-116594 45752,-116548 45734,-116536 45715,-116538 45692,-116535 45681,-116528 45668,-116511 45651,-116489 45628,-116472 45616,-116464 45603,-116464 45581,-116481 45499,-116553 45322,-116674 45269,-116691 45255,-116696 45203,-116710 45142,-116730 45079,-116784 45017,-116845 44978,-116858 44958,-116851 44949,-116845 44941,-116836 44933,-116832 44888,-116852 44841,-116891 44792,-116931 44756,-117016 44748,-117038 44745,-117044 44727,-117062 44665,-117096 44623,-117116 44546,-117144 44536,-117149 44528,-117156 44486,-117208 44467,-117215 44337,-117190 44330,-117192 44311,-117195 44302,-117197 44297,-117198 44296,-117198 44288,-117197 44274,-117190 44259,-117170 44244,-117041 44248,-117033 44249,-117028 44245,-116987 44243,-116976 44179,-116903 44171,-116896 44160,-116894 44154,-116896 44153,-116897 44102,-116932 43989,-116935 43918,-116962 43880,-116979 43873,-116982 43865,-116997 43808,-117027 43734,-117027 43733,-117027 43715,-117027 43706,-117027 43683,-117027 43681,-117027 43676,-117027 43664,-117027 43632,-117027 43625,-117027 43621,-117027 43618,-117027 43611,-117027 43602,-117027 43600,-117027 43596,-117027 43594,-117027 43579,-117027 43578,-117027 43025,-117027 42807,-117026 42000,-117026 41997,-118197 41993,-118776 41993,-118777 41994,-119324 41994,-119360 41998,-119790 41996,-119987 41995,-119999 41993,-120286 41993,-120326 41994,-120692 41994,-120694 41994,-120879 41993,-121035 41996,-121154 41997,-121334 41997,-121336 41996,-121341 41997,-121360 41997,-121376 41997,-121435 41997,-121440 41997,-121448 41998,-121520 41999,-121581 42000,-121675 42001,-121689 42001,-121705 42001,-121708 42004,-122001 42007,-122155 42007,-122157 42008,-122160 42008,-122161 42008,-122290 42010,-122378 42008,-122501 42005,-122635 42003,-123001 42003,-123045 42008,-123155 42004,-123231 41999,-123348 42001,-123499 42000,-123499 42001,-123502 42000,-123518 42000,-123625 41995,-123821 41997,-124087 41997,-124088 41997,-124100 41997,-124101 41998,-124212 42006,-124214 42046,-124270 42046,-124287 42052,-124300 42068,-124314 42093,-124341 42115,-124356 42118,-124357 42130,-124352 42135,-124352 42142,-124356 42144,-124362 42152,-124366 42158,-124367 42159,-124363 42162,-124360 42181,-124361 42188,-124368 42190,-124373 42193,-124375 42196,-124376 42209,-124376 42219,-124378 42227,-124384 42251,-124411 42254,-124412 42261,-124409 42278,-124405 42307,-124411 42332,-124429 42335,-124427 42352,-124426 42377,-124424 42395,-124425 42420,-124428 42435,-124435 42440,-124435 42461,-124422 42479,-124423 42492,-124421 42540,-124399 42567,-124391 42575,-124390 42598,-124401 42618,-124399 42627,-124401 42658,-124413 42662,-124417 42676,-124451 42678,-124451 42685,-124447 42690,-124448 42733,-124474 42742,-124492 42741,-124498 42739,-124499 42735,-124510 42735,-124513 42737,-124515 42754,-124516 42790,-124524 42814,-124536 42823,-124544 42841,-124552 42918,-124500 42951,-124481 42955,-124479 42991,-124463 43000,-124457 43071,-124436 43097,-124432 43116,-124434 43127,-124424 43185,-124402 43211,-124395 43224,-124396 43270,-124382 43291,-124389 43299,-124394 43302,-124400 43306,-124403 43326,-124388 43339,-124373 43343,-124353 43351,-124342 43388,-124315 43436,-124287 43502,-124256 43557,-124234 43610,-124219 43668,-124203 43674,-124205 43689,-124198 43706,-124193 43809,-124168 43864,-124159 43911,-124150 43958,-124143 44036,-124134 44104,-124122 44126,-124126 44172,-124117 44198,-124114 44207,-124116 44235,-124111 44265,-124109 44271,-124110 44273,-124115 44275,-124116 44276,-124116 44286,-124115 44304,-124109 44310,-124108 44315,-124110 44332,-124101 44370,-124092 44416,-124084 44420,-124081 44424,-124072 44429,-124068 44434,-124074 44431,-124079 44442,-124082 44478,-124082 44487,-124084 44501,-124084 44531,-124076 44608,-124067 44613,-124069 44609,-124082 44611,-124084 44622,-124065 44633,-124065 44659,-124058 44669,-124060 44684,-124070 44703,-124063 44738,-124059 44763,-124066 44771,-124075 44798,-124074 44831,-124067 44835,-124063 44838,-124054 44850,-124049 44901,-124032 44928,-124025 44937,-124026 44950,-124024 44983,-124015 45045,-124005 45046,-124004 45048,-124005 45047,-124010 45050,-124018 45065,-124016 45077,-124012 45085,-124006 45084,-124005 45094,-123990 45145,-123975 45201,-123968 45217,-123973 45280,-123963 45317,-123964 45337,-123973 45339,-123979 45337,-124008 45340,-124007 45348,-123980 45355,-123973 45386,-123966 45431,-123961 45449,-123964 45468,-123973 45490,-123977 45494,-123971 45493,-123966 45510,-123958 45565,-123948 45571,-123957 45586,-123951 45662,-123939 45709,-123939 45727,-123943 45733,-123946 45757,-123969 45762,-123983 45768,-123982 45782,-123969 45783,-123969 45837,-123962 45870,-123963 45908,-123968 45930,-123980 45939,-123993 45946,-123994 45969,-123970 45974,-123957 45976,-123942 45977,-123937 46010,-123928 46042,-123929 46072,-123933 46116,-123948 46142,-123959 46169,-123974 46204,-123997 46224,-124010 46229,-124024 46236,-124011 46237,-124002 46235,-123998 46224,-123988 46218,-123990 46212,-123987 46210,-123982 46208,-123962 46204,-123950 46192,-123927 46179,-123912 46169,-123904 46165,-123891 46157,-123855 46161,-123843 46170,-123842 46182,-123863 46188,-123867 46190,-123864 46192,-123839 46190,-123822 46196,-123794 46207,-123760 46201,-123737 46199,-123713 46200,-123707 46212,-123675 46215,-123674 46218,-123667 46218,-123655 46214,-123636 46217,-123632 46226,-123626 46234,-123625 46237,-123623 46239,-123613 46239,-123605 46235,-123600 46229,-123586 46248,-123548 46259,-123548 46270,-123484 46268,-123475 46265,-123469 46250,-123448 46229,-123428 46182,-123431 46146,-123371 46146,-123364 46145,-123280 46173,-123213 46189,-123166 46185,-123116 46084,-122904 46060,-122884 45961,-122814 45868,-122785 45851,-122786 45825,-122796 45810,-122796 45781,-122770 45759,-122761 45734,-122760 45729,-122762 45700,-122773 45680,-122775 45657,-122764 45644,-122738 45618,-122675 45610,-122644 45583,-122492 45576,-122380 45569,-122353 45548,-122332 45544,-122295 45544,-122267 45548,-122249 45564,-122202 45578,-122184 45585,-122141 45583,-122130 45583,-122129 45583,-122126 45581,-122112 45584,-122102 45623,-121983 45648,-121922 45654,-121908
PA 39721,-79477 39721,-79608 39721,-79611 39721,-79764 39721,-79853 39721,-79916 39721,-80309 39721,-80421 39721,-80519 39937,-80519 39939,-80519 39957,-80519 39959,-80519 39962,-80519 39963,-80519 40016,-80519 40077,-80519 40078,-80519 40160,-80519 40173,-80519 40399,-80518 40400,-80518 40477,-80519 40518,-80519 40590,-80519 40616,-80519 40639,-80519 40792,-80519 40801,-80519 40849,-80519 40850,-80519 40851,-80519 40900,-80520 40901,-80520 40921,-80519 40987,-80519 40995,-80519 41015,-80519 41062,-80519 41071,-80519 41072,-80519 41075,-80519 41082,-80519 41091,-80519 41101,-80519 41105,-80519 41116,-80519 41125,-80519 41133,-80519 41146,-80519 41171,-80519 41209,-80519 41219,-80519 41233,-80519 41249,-80519 41265,-80519 41268,-80519 41306,-80519 41312,-80519 41333,-80519 41336,-80519 41337,-80519 41339,-80519 41340,-80519 41341,-80519 41351,-80519 41361,-80519 41372,-80519 41379,-80519 41416,-80519 41435,-80519 41463,-80519 41489,-80519 41500,-80519 41529,-80519 41539,-80519 41670,-80519 41671,-80519 41701,-80519 41739,-80519 41752,-80519 41765,-80519 41850,-80519 41929,-80519 41944,-80519 41976,-80519 41978,-80519 42006,-80435 42012,-80410 42024,-80373 42024,-80372 42028,-80363 42030,-80349 42036,-80330 42049,-80297 42078,-80230 42094,-80188 42106,-80166 42115,-80154 42150,-80136 42156,-80130 42166,-80117 42173,-80089 42171,-80077 42169,-80073 42164,-80080 42155,-80072 42151,-80079 42148,-80076 42146,-80072 42145,-80061 42177,-79989 42207,-79931 42208,-79924 42217,-79901 42225,-79886 42231,-79868 42235,-79845 42256,-79798 42270,-79762 42251,-79762 42243,-79762 42184,-79762 42180,-79762 42173,-79762 42163,-79762 42151,-79762 42131,-79762 41999,-79761 41999,-79625 41999,-79611 41999,-79551 41999,-79538 41999,-79061 41999,-79052 41998,-78919 41998,-78875 42000,-78597 41999,-78308 42000,-78207 42000,-78125 41999,-78031 41999,-77832 41999,-77823 41999,-77750 42000,-77610 42000,-77505 41999,-77125 42001,-77008 42001,-76966 42002,-76943 42002,-76937 42002,-76927 42002,-76922 42002,-76921 42002,-76835 42002,-76816 42000,-76558 41999,-76467 41999,-76462 41998,-76350 41998,-76344 41999,-76146 41999,-76131 41999,-76124 41999,-76106 41999,-75983 41999,-75980 41999,-75484 41999,-75483 41999,-75477 41999,-75436 41999,-75432 41999,-75360 41993,-75342 41954,-75293 41939,-75279 41885,-75263 41851,-75146 41852,-75140 41844,-75114 41812,-75091 41753,-75053 41632,-75048 41619,-75053 41607,-75050 41570,-75040 41506,-74984 41483,-74940 41476,-74913 41449,-74892 41440,-74877 41430,-74799 41427,-74756 41427,-74753 41367,-74691 41362,-74690 41357,-74695 41336,-74762 41319,-74796 41287,-74830 41277,-74838 41242,-74862 41229,-74867 41225,-74864 41209,-74867 41181,-74882 41138,-74923 41104,-74974 41096,-74969 41094,-74967 41093,-74967 41088,-74968 41078,-74981 41043,-75026 41035,-75037 41027,-75052 41019,-75069 41012,-75091 41004,-75109 40991,-75131 40974,-75136 40969,-75131 40968,-75121 40968,-75120 40963,-75120 40962,-75120 40953,-75118 40872,-75053 40866,-75051 40860,-75053 40791,-75109 40774,-75134 40775,-75149 40778,-75164 40778,-75172 40752,-75197 40691,-75204 40618,-75201 40609,-75197 40591,-75191 40589,-75190 40573,-75147 40576,-75135 40573,-75117 40568,-75100 40542,-75069 40536,-75067 40526,-75065 40519,-75066 40455,-75071 40423,-75061 40418,-75059 40406,-75036 40403,-75025 40341,-74938 40285,-74860 40215,-74771 40201,-74759 40161,-74722 40154,-74722 40147,-74724 40135,-74741 40101,-74838 40077,-74900 40049,-74974 40049,-74975 40021,-75014 39992,-75056 39981,-75072 39968,-75086 39923,-75133 39906,-75154 39882,-75185 39866,-75210 39866,-75211 39857,-75235 39849,-75271 39850,-75306 39826,-75375 39817,-75390 39802,-75415 39809,-75428 39820,-75454 39833,-75499 39838,-75539 39839,-75580 39837,-75593 39837,-75594 39837,-75595 39837,-75596 39830,-75635 39828,-75642 39821,-75663 39811,-75686 39792,-75717 39773,-75740 39722,-75788 39722,-75800 39722,-75810 39722,-76013 39722,-76028 39722,-76136 39721,-76224 39721,-76233 39721,-76240 39721,-76380 39721,-76381 39721,-76396 39721,-76419 39721,-76492 39721,-76517 39721,-76569 39721,-76712 39721,-76716 39721,-76787 39721,-76806 39721,-76809 39720,-76890 39720,-76898 39720,-76999 39720,-77047 39720,-77058 39720,-77059 39720,-77217 39720,-77240 39720,-77243 39720,-77459 39720,-77469 39720,-77533 39720,-77535 39721,-77672 39721,-77675 39721,-77724 39721,-77733 39721,-77743 39721,-77769 39722,-78074 39722,-78076 39722,-78099 39722,-78203 39723,-78204 39722,-78240 39722,-78243 39723,-78269 39723,-78331 39722,-78337 39723,-78340 39723,-78343 39723,-78381 39723,-78808 39723,-78931 39721,-79392 39721,-79477
RI 41465,-71384 41461,-71389 41455,-71390 41449,-71400 41461,-71401 41492,-71396 41493,-71387 41505,-71379 41515,-71391 41524,-71392 41557,-71384 41568,-71379 41573,-71374 41574,-71370 41571,-71364 41556,-71360 41502,-71363 41483,-71360 41475,-71381 41465,-71384
RI 41197,-71590 41205,-71580 41215,-71577 41224,-71577 41228,-71574 41224,-71561 41217,-71555 41213,-71554 41205,-71557 41195,-71564 41184,-71566 41176,-71561 41167,-71550 41165,-71544 41161,-71544 41154,-71547 41152,-71552 41146,-71594 41147,-71600 41153,-71612 41160,-71613 41182,-71606 41188,-71595 41197,-71590
RI 41654,-71409 41589,-71404 41580,-71448 41565,-71443 41538,-71422 41535,-71417 41523,-71415 41516,-71415 41499,-71421 41485,-71420 41482,-71418 41478,-71418 41473,-71418 41470,-71421 41473,-71423 41471,-71431 41466,-71431 41460,-71428 41454,-71429 41445,-71434 41441,-71438 41442,-71441 41438,-71449 41433,-71456 41408,-71455 41386,-71475 41372,-71483 41375,-71513 41377,-71527 41373,-71555 41361,-71625 41343,-71688 41337,-71702 41332,-71721 41331,-71729 41328,-71774 41326,-71786 41316,-71834 41306,-71857 41310,-71863 41317,-71862 41322,-71860 41335,-71840 41341,-71833 41345,-71831 41371,-71832 41385,-71833 41395,-71842 41406,-71843 41410,-71843 41412,-71840 41420,-71818 41417,-71798 41597,-71789 41640,-71789 41725,-71790 41807,-71793 41809,-71793 41840,-71794 41841,-71794 41904,-71796 41929,-71797 42008,-71799 42014,-71591 42014,-71577 42014,-71559 42015,-71528 42015,-71527 42017,-71501 42017,-71500 42017,-71498 42018,-71458 42019,-71381 41985,-71381 41967,-71382 41965,-71381 41923,-71382 41894,-71377 41894,-71374 41895,-71371 41895,-71365 41896,-71362 41896,-71355 41897,-71353 41894,-71339 41893,-71339 41834,-71338 41832,-71340 41806,-71339 41781,-71328 41776,-71318 41752,-71261 41710,-71225 41705,-71228 41698,-71241 41682,-71238 41667,-71242 41643,-71260 41645,-71267 41652,-71270 41655,-71269 41673,-71280 41672,-71288 41662,-71291 41650,-71299 41650,-71301 41655,-71304 41673,-71306 41682,-71303 41682,-71299 41688,-71293 41703,-71291 41719,-71306 41724,-71315 41729,-71343 41728,-71350 41725,-71353 41725,-71354 41712,-71366 41695,-71366 41673,-71373 41667,-71378 41667,-71382 41672,-71390 41681,-71391 41683,-71389 41684,-71391 41684,-71418 41686,-71441 41688,-71443 41690,-71442 41691,-71446 41687,-71449 41664,-71444 41668,-71430 41671,-71425 41663,-71409 41654,-71409
RI 41497,-71121 41494,-71137 41490,-71141 41486,-71140 41471,-71167 41464,-71170 41458,-71193 41459,-71195 41461,-71197 41465,-71197 41478,-71190 41484,-71190 41492,-71199 41496,-71200 41499,-71206 41514,-71201 41546,-71214 41571,-71209 41601,-71208 41610,-71213 41618,-71212 41623,-71212 41625,-71216 41619,-71241 41588,-71244 41575,-71236 41536,-71237 41533,-71235 41528,-71228 41522,-71229 41515,-71233 41514,-71233 41501,-71241 41487,-71239 41487,-71237 41483,-71237 41481,-71238 41477,-71240 41476,-71240 41475,-71241 41472,-71247 41479,-71246 41481,-71246 41486,-71253 41489,-71265 41489,-71268 41488,-71282 41488,-71286 41484,-71295 41480,-71297 41467,-71300 41460,-71303 41459,-71303 41455,-71304 41454,-71305 41454,-71306 41451,-71310 41451,-71311 41451,-71313 41455,-71313 41456,-71321 41449,-71337 41449,-71338 41451,-71351 41457,-71358 41457,-71359 41458,-71359 41460,-71362 41460,-71363 41463,-71362 41464,-71362 41465,-71362 41471,-71347 41470,-71336 41478,-71317 41489,-71317 41503,-71323 41504,-71328 41508,-71331 41518,-71331 41535,-71313 41547,-71311 41560,-71304 41571,-71294 41573,-71288 41577,-71285 41607,-71273 41615,-71272 41619,-71275 41624,-71272 41639,-71251 41642,-71212 41675,-71196 41675,-71194 41674,-71191 41673,-71181 41671,-71176 41669,-71176 41668,-71176 41664,-71154 41663,-71146 41661,-71135 41641,-71134 41634,-71134 41632,-71134 41630,-71133 41497,-71121
SC 35196,-82216 35195,-82195 35194,-82186 35194,-82177 35194,-82168 35187,-81969 35184,-81874 35183,-81858 35180,-81768 35170,-81494 35170,-81493 35169,-81461 35168,-81452 35165,-81367 35163,-81328 35161,-81269 35160,-81242 35160,-81239 35153,-81090 35148,-81043 35146,-81043 35109,-81033 35103,-81036 35101,-81047 35096,-81052 35086,-81057 35073,-81058 35062,-81057 35045,-81041 35093,-80958 35107,-80935 35077,-80907 35077,-80906 35002,-80840 34963,-80807 34963,-80806 34936,-80782 34825,-80797 34820,-80778 34820,-80772 34819,-80647 34819,-80645 34818,-80626 34818,-80621 34817,-80562 34817,-80486 34816,-80452 34816,-80449 34816,-80435 34816,-80426 34816,-80420 34816,-80418 34816,-80417 34815,-80400 34814,-80320 34810,-80099 34810,-80098 34810,-80077 34810,-80073 34809,-80043 34809,-80027 34807,-79928 34806,-79774 34806,-79773 34806,-79745 34806,-79744 34805,-79693 34805,-79690 34805,-79688 34771,-79634 34769,-79632 34712,-79562 34706,-79554 34678,-79520 34677,-79519 34654,-79490 34645,-79479 34637,-79472 34635,-79469 34630,-79462 34630,-79461 34629,-79460 34621,-79450 34545,-79358 34522,-79331 34516,-79325 34515,-79323 34407,-79199 34401,-79192 34400,-79191 34367,-79151 34360,-79143 34299,-79071 33997,-78712 33995,-78710 33944,-78650 33851,-78541 33848,-78554 33844,-78585 33818,-78672 33800,-78714 33769,-78773 33743,-78813 33706,-78863 33640,-78938 33572,-79002 33567,-79007 33533,-79029 33524,-79041 33484,-79085 33461,-79101 33404,-79135 33378,-79147 33351,-79152 33333,-79158 33327,-79162 33254,-79180 33238,-79181 33207,-79172 33174,-79188 33166,-79196 33156,-79215 33137,-79238 33125,-79246 33110,-79291 33110,-79292 33090,-79330 33072,-79337 33065,-79335 33050,-79339 33007,-79360 33004,-79404 33007,-79417 33015,-79423 33008,-79461 33001,-79483 33016,-79489 33033,-79507 33035,-79522 33021,-79558 33006,-79581 32991,-79587 32979,-79601 32972,-79607 32953,-79618 32945,-79618 32935,-79613 32926,-79606 32926,-79586 32931,-79582 32935,-79575 32934,-79573 32927,-79570 32906,-79576 32889,-79631 32873,-79655 32850,-79695 32840,-79699 32836,-79703 32826,-79720 32814,-79717 32806,-79726 32777,-79811 32766,-79818 32757,-79840 32755,-79849 32757,-79867 32752,-79872 32746,-79874 32735,-79868 32728,-79870 32695,-79888 32684,-79885 32665,-79916 32640,-79968 32640,-79975 32626,-79987 32616,-79992 32612,-79999 32609,-80011 32610,-80037 32603,-80077 32591,-80121 32578,-80148 32560,-80167 32546,-80172 32554,-80188 32554,-80194 32556,-80205 32531,-80246 32530,-80250 32516,-80278 32478,-80332 32479,-80338 32491,-80344 32496,-80364 32486,-80381 32479,-80387 32475,-80393 32471,-80413 32472,-80416 32476,-80418 32491,-80419 32498,-80423 32503,-80439 32497,-80452 32495,-80466 32497,-80472 32485,-80477 32477,-80480 32461,-80485 32447,-80480 32425,-80468 32424,-80446 32411,-80433 32402,-80430 32390,-80429 32375,-80434 32350,-80445 32337,-80457 32326,-80455 32319,-80466 32299,-80518 32287,-80539 32282,-80546 32273,-80571 32274,-80596 32260,-80618 32256,-80639 32249,-80659 32217,-80669 32201,-80689 32160,-80721 32140,-80749 32122,-80790 32110,-80813 32109,-80822 32113,-80828 32113,-80832 32110,-80844 32100,-80859 32080,-80878 32052,-80905 32044,-80892 32035,-80886 32072,-81004 32085,-81043 32088,-81062 32113,-81113 32118,-81117 32162,-81122 32227,-81125 32276,-81128 32286,-81120 32305,-81122 32342,-81134 32349,-81141 32368,-81168 32467,-81199 32539,-81275 32545,-81287 32560,-81318 32561,-81329 32569,-81348 32595,-81389 32618,-81412 32629,-81419 32635,-81418 32637,-81415 32745,-81405 32747,-81405 32811,-81424 32964,-81500 32979,-81495 32999,-81491 33010,-81497 33025,-81512 33046,-81542 33093,-81616 33095,-81620 33117,-81697 33180,-81772 33247,-81852 33248,-81852 33331,-81903 33409,-81913 33469,-81958 33481,-81967 33523,-82007 33523,-82008 33530,-82014 33545,-82028 33564,-82046 33575,-82069 33586,-82099 33590,-82117 33591,-82125 33590,-82129 33591,-82135 33616,-82180 33631,-82197 33686,-82219 33753,-82247 33802,-82301 33820,-82324 33865,-82404 33866,-82408 33864,-82423 33866,-82429 33956,-82564 33956,-82565 34012,-82597 34088,-82641 34089,-82641 34100,-82652 34100,-82654 34103,-82659 34104,-82659 34120,-82668 34132,-82677 34141,-82704 34151,-82718 34178,-82732 34209,-82741 34210,-82742 34225,-82744 34227,-82743 34230,-82742 34276,-82755 34294,-82766 34424,-82849 34469,-82875 34472,-82874 34479,-82883 34486,-82903 34486,-82939 34483,-82980 34479,-82992 34479,-82993 34475,-82995 34474,-83007 34483,-83035 34493,-83052 34504,-83073 34516,-83087 34534,-83107 34592,-83170 34599,-83171 34600,-83168 34624,-83241 34625,-83241 34653,-83292 34688,-83338 34702,-83351 34713,-83351 34714,-83351 34716,-83352 34741,-83339 34789,-83324 34821,-83283 34833,-83267 34878,-83243 34925,-83143 35001,-83109 35027,-83008 35056,-82897 35085,-82781 35084,-82781 35077,-82777 35074,-82779 35069,-82781 35067,-82782 35068,-82764 35120,-82687 35122,-82686 35142,-82582 35142,-82580 35144,-82574 35159,-82537 35159,-82536 35163,-82517 35175,-82476 35211,-82384 35207,-82352 35199,-82288 35199,-82258 35197,-82231 35196,-82216
SD 43853,-104055 43937,-104055 43938,-104055 44141,-104055 44180,-104054 44518,-104056 44543,-104056 44571,-104056 44691,-104056 44694,-104056 44700,-104056 44723,-104056 44724,-104056 44768,-104056 44997,-104058 45000,-104040 45213,-104040 45336,-104040 45345,-104040 45374,-104040 45393,-104040 45491,-104042 45500,-104041 45503,-104041 45539,-104042 45551,-104042 45558,-104042 45868,-104044 45872,-104044 45882,-104044 45945,-104045 45945,-103668 45945,-103661 45945,-103577 45945,-103559 45945,-103435 45945,-103432 45945,-103418 45945,-103411 45945,-103284 45945,-103218 45945,-103211 45945,-103161 45945,-103141 45945,-103098 45945,-103078 45945,-103048 45945,-103026 45945,-102996 45945,-102995 45945,-102990 45945,-102942 45945,-102920 45945,-102880 45945,-102705 45945,-102674 45945,-102672 45945,-102667 45945,-102652 45945,-102643 45945,-102559 45945,-102551 45945,-102476 45945,-102468 45945,-102460 45945,-102446 45945,-102425 45945,-102420 45945,-102410 45945,-102406 45945,-102399 45945,-102396 45945,-102393 45945,-102354 45945,-102353 45945,-102328 45945,-102218 45945,-102177 45945,-102159 45945,-102158 45945,-102156 45945,-102145 45945,-102135 45945,-102125 45945,-102088 45945,-102085 45945,-102061 45945,-102001 45945,-102000 45945,-101999 45944,-101992 45944,-101990 45944,-101974 45944,-101957 45945,-101887 45944,-101853 45944,-101833 45944,-101795 45944,-101790 45944,-101766 45944,-101765 45944,-101764 45944,-101759 45944,-101730 45944,-101723 45944,-101709 45944,-101682 45944,-101681 45944,-101658 45944,-101629 45944,-101562 45944,-101557 45944,-101374 45944,-101371 45944,-101365 45944,-101334 45944,-101313 45944,-101287 45944,-101272 45944,-101224 45944,-101204 45944,-101179 45944,-101176 45944,-101171 45944,-101163 45944,-101146 45944,-101143 45944,-101107 45944,-101101 45944,-100981 45944,-100977 45944,-100964 45944,-100939 45944,-100936 45944,-100890 45944,-100770 45944,-100762 45944,-100750 45944,-100721 45944,-100651 45944,-100628 45944,-100512 45944,-100499 45944,-100463 45944,-100431 45944,-100424 45944,-100420 45943,-100410 45943,-100294 45943,-100285 45943,-100284 45943,-100276 45943,-100275 45943,-100171 45942,-100152 45943,-100142 45942,-100110 45942,-100108 45942,-100084 45942,-100069 45942,-100005 45942,-99966 45942,-99880 45941,-99839 45941,-99750 45941,-99749 45941,-99748 45941,-99718 45941,-99693 45941,-99672 45941,-99611 45941,-99589 45940,-99493 45940,-99490 45940,-99401 45940,-99386 45940,-99378 45940,-99345 45940,-99318 45940,-99297 45940,-99284 45940,-99276 45940,-99258 45940,-99222 45940,-99214 45940,-99213 45940,-99102 45940,-99093 45940,-99006 45940,-98905 45940,-98904 45939,-98724 45936,-98186 45936,-98185 45936,-98071 45936,-98008 45936,-97987 45936,-97979 45936,-97959 45935,-97785 45935,-97777 45935,-97697 45935,-97543 45935,-97519 45935,-97492 45935,-97482 45935,-97319 45935,-97312 45935,-97228 45935,-97145 45935,-97118 45935,-97020 45936,-96999 45936,-96792 45936,-96701 45936,-96681 45936,-96660 45935,-96639 45935,-96618 45935,-96607 45935,-96597 45935,-96577 45935,-96563 45926,-96565 45921,-96564 45915,-96569 45914,-96569 45911,-96569 45903,-96568 45899,-96568 45891,-96568 45888,-96569 45862,-96573 45840,-96577 45826,-96580 45820,-96583 45747,-96652 45732,-96673 45718,-96711 45702,-96745 45650,-96836 45645,-96841 45640,-96844 45606,-96858 45602,-96854 45599,-96849 45594,-96844 45586,-96835 45541,-96785 45521,-96765 45489,-96745 45479,-96743 45459,-96733 45417,-96693 45410,-96680 45408,-96618 45376,-96522 45357,-96489 45327,-96470 45302,-96454 45298,-96453 45284,-96453 45269,-96453 45209,-96452 45205,-96452 45203,-96452 45179,-96452 45124,-96452 45123,-96452 45095,-96452 45094,-96452 45052,-96452 45050,-96452 45042,-96452 44977,-96452 44963,-96452 44911,-96452 44907,-96452 44890,-96452 44806,-96452 44805,-96452 44798,-96452 44792,-96452 44790,-96452 44776,-96452 44762,-96451 44761,-96452 44703,-96452 44631,-96452 44544,-96452 44527,-96452 44517,-96452 44507,-96452 44473,-96452 44471,-96452 44460,-96452 44442,-96452 44390,-96452 44384,-96452 44360,-96452 44355,-96452 44345,-96452 44342,-96452 44341,-96452 44328,-96452 44326,-96452 44313,-96452 44312,-96452 44299,-96452 44297,-96452 44286,-96453 44283,-96453 44272,-96452 44269,-96452 44255,-96452 44255,-96453 44197,-96453 44038,-96453 44036,-96453 44025,-96453 44024,-96453 44009,-96453 44007,-96453 43995,-96453 43993,-96453 43980,-96453 43978,-96453 43967,-96453 43951,-96453 43949,-96453 43879,-96453 43877,-96453 43850,-96453 43805,-96453 43791,-96453 43690,-96453 43675,-96453 43610,-96453 43608,-96453 43588,-96453 43587,-96453 43500,-96453 43501,-96591 43500,-96599 43485,-96587 43469,-96584 43457,-96600 43451,-96603 43434,-96594 43407,-96558 43395,-96537 43396,-96531 43398,-96529 43395,-96524 43387,-96522 43375,-96521 43312,-96526 43300,-96530 43293,-96552 43296,-96569 43274,-96586 43268,-96584 43249,-96572 43224,-96557 43224,-96485 43221,-96476 43121,-96437 43114,-96439 43083,-96455 43062,-96466 43028,-96513 42971,-96509 42944,-96511 42909,-96523 42858,-96541 42839,-96550 42836,-96552 42831,-96563 42828,-96578 42771,-96632 42768,-96633 42737,-96640 42706,-96631 42695,-96611 42695,-96606 42697,-96602 42683,-96575 42661,-96542 42630,-96516 42561,-96480 42556,-96477 42536,-96478 42524,-96480 42517,-96481 42509,-96477 42498,-96466 42489,-96443 42480,-96476 42480,-96487 42506,-96611 42514,-96626 42524,-96636 42602,-96708 42610,-96711 42620,-96711 42631,-96707 42648,-96713 42666,-96724 42703,-96807 42706,-96813 42734,-96907 42731,-96920 42738,-96961 42759,-97016 42763,-97026 42770,-97052 42782,-97137 42793,-97163 42805,-97190 42830,-97218 42854,-97257 42860,-97329 42861,-97423 42855,-97485 42850,-97532 42845,-97635 42842,-97687 42850,-97774 42861,-97814 42869,-97828 42868,-97845 42863,-97866 42859,-97875 42835,-97880 42817,-97889 42795,-97909 42776,-97937 42770,-97950 42763,-98000 42762,-98017 42764,-98035 42771,-98057 42832,-98157 42837,-98166 42847,-98205 42881,-98310 42886,-98326 42935,-98447 42948,-98467 42978,-98490 42988,-98496 42999,-98499 42998,-98565 42999,-98569 42998,-98664 42999,-98666 42998,-98742 42998,-98764 42998,-98801 42998,-98824 42998,-98900 42998,-98903 42998,-98919 42998,-98962 42998,-99000 42998,-99022 42998,-99080 42998,-99082 42998,-99136 42999,-99139 42998,-99151 42998,-99161 42998,-99195 42998,-99234 42998,-99254 42998,-99263 42998,-99288 42998,-99347 42998,-99369 42998,-99371 42998,-99374 42998,-99396 42998,-99471 42998,-99475 42998,-99491 42998,-99494 42998,-99534 42998,-99535 42998,-99569 42998,-99699 42998,-99701 42998,-99719 42998,-99727 42998,-99743 42998,-99769 42998,-99788 42998,-99800 42998,-99803 42998,-99809 42998,-99822 42998,-99850 42998,-99860 42998,-99870 42998,-99878 42998,-99918 42998,-99928 42998,-99950 42998,-99951 42998,-99961 42998,-100005 42998,-100028 42998,-100034 42999,-100119 42999,-100126 42999,-100127 42999,-100198 42999,-100278 42999,-100284 42999,-100350 42999,-100355 42999,-100473 42999,-100534 42999,-100544 42999,-100553 42998,-100888 42998,-100907 42998,-100958 42998,-100964 42998,-101226 42998,-101227 42998,-101228 42998,-101229 42998,-101230 42996,-101625 42999,-101875 42999,-102082 42999,-102083 43000,-102441 43000,-102487 43000,-102792 43000,-103001 43001,-103132 43001,-103133 43001,-103341 43001,-103405 43001,-103505 43001,-103506 43001,-103507 43001,-103576 43001,-103577 43001,-103814 43001,-103816 43001,-104053 43290,-104054 43297,-104054 43304,-104054 43326,-104054 43391,-104055 43429,-104055 43478,-104055 43503,-104055 43559,-104055 43579,-104055 43584,-104055 43747,-104055 43750,-104055 43853,-104055
TN 36597,-83472 36598,-83276 36594,-83250 36594,-83249 36594,-83028 36594,-83027 36594,-82985 36594,-82830 36594,-82696 36594,-82680 36594,-82609 36595,-82561 36595,-82560 36595,-82554 36596,-82294 36596,-82243 36596,-82227 36596,-82226 36596,-82223 36596,-82222 36596,-82211 36596,-82210 36595,-82188 36595,-82181 36595,-82177 36595,-82174 36595,-82151 36595,-82149 36595,-82146 36594,-81934 36616,-81923 36614,-81827 36612,-81647 36588,-81678 36540,-81700 36536,-81708 36515,-81701 36514,-81700 36513,-81700 36512,-81699 36508,-81698 36505,-81697 36504,-81698 36501,-81700 36500,-81700 36498,-81700 36497,-81698 36496,-81697 36493,-81697 36492,-81696 36485,-81697 36453,-81715 36451,-81714 36388,-81721 36340,-81726 36341,-81731 36337,-81748 36339,-81765 36348,-81790 36360,-81794 36358,-81801 36337,-81855 36302,-81908 36287,-81918 36265,-81933 36228,-81960 36130,-82027 36106,-82080 36106,-82081 36104,-82127 36106,-82131 36120,-82138 36129,-82137 36150,-82148 36159,-82211 36157,-82222 36142,-82235 36141,-82235 36140,-82236 36139,-82238 36119,-82325 36117,-82329 36116,-82348 36111,-82361 36108,-82367 36106,-82371 36106,-82376 36083,-82409 36073,-82417 36007,-82463 35992,-82487 35978,-82506 35977,-82507 35976,-82513 35955,-82558 35965,-82597 35973,-82611 36000,-82615 36040,-82603 36057,-82619 36066,-82632 36066,-82637 36046,-82684 36024,-82715 36004,-82754 35975,-82779 35933,-82830 35949,-82853 35953,-82874 35945,-82899 35924,-82913 35881,-82898 35845,-82918 35795,-82963 35794,-82964 35778,-82984 35773,-82996 35775,-83100 35760,-83165 35727,-83241 35720,-83251 35715,-83255 35709,-83251 35696,-83254 35658,-83297 35639,-83367 35612,-83446 35583,-83479 35579,-83479 35577,-83481 35568,-83486 35563,-83498 35566,-83640 35569,-83663 35570,-83676 35564,-83757 35519,-83880 35472,-83934 35461,-83953 35464,-83961 35463,-83961 35459,-83961 35425,-84000 35423,-84002 35354,-84025 35351,-84035 35350,-84037 35348,-84038 35327,-84032 35325,-84032 35301,-84021 35296,-84024 35291,-84029 35268,-84056 35247,-84098 35250,-84115 35251,-84121 35250,-84125 35256,-84203 35266,-84212 35269,-84224 35268,-84228 35226,-84290 35207,-84292 35093,-84308 35093,-84309 34988,-84322 34988,-84394 34988,-84395 34988,-84509 34988,-84510 34988,-84621 34988,-84727 34988,-84731 34988,-84776 34988,-84808 34988,-84809 34988,-84810 34988,-84811 34988,-84817 34988,-84820 34988,-84824 34988,-84832 34988,-84858 34988,-84861 34988,-84939 34988,-84944 34988,-84956 34988,-84977 34988,-84980 34987,-85045 34986,-85181 34986,-85186 34986,-85217 34986,-85218 34986,-85221 34985,-85222 34985,-85230 34985,-85236 34985,-85255 34985,-85265 34985,-85276 34985,-85278 34985,-85294 34984,-85301 34984,-85305 34984,-85308 34983,-85364 34984,-85474 34985,-85605 34988,-85824 34988,-85829 34988,-85864 34991,-86311 34991,-86319 34992,-86397 34991,-86434 34991,-86468 34991,-86528 34991,-86556 34991,-86571 34991,-86589 34991,-86600 34992,-86641 34992,-86660 34992,-86671 34992,-86674 34992,-86677 34992,-86678 34992,-86784 34992,-86821 34992,-86836 34992,-86846 34992,-86850 34992,-86862 34994,-86967 34995,-86970 34995,-86973 34995,-86974 34995,-87000 34995,-87011 34999,-87211 34999,-87217 34999,-87224 34999,-87231 35000,-87270 35001,-87299 35002,-87349 35002,-87359 35002,-87381 35002,-87391 35003,-87417 35003,-87422 35003,-87429 35003,-87606 35004,-87664 35004,-87671 35004,-87697 35004,-87701 35004,-87702 35004,-87709 35005,-87759 35005,-87768 35005,-87774 35006,-87852 35006,-87853 35006,-87854 35006,-87873 35006,-87878 35005,-87878 35006,-87985 35008,-88182 34996,-88200 34996,-88254 34995,-88258 34996,-88364 34996,-88381 34996,-88470 34995,-88787 34995,-88823 34995,-89017 34994,-89139 34994,-89198 34994,-89353 34994,-89494 34995,-89511 34995,-89644 34995,-89724 34994,-89795 34994,-89848 34994,-89883 34994,-89893 34996,-90309 35010,-90310 35040,-90296 35062,-90194 35117,-90175 35129,-90160 35135,-90143 35119,-90109 35117,-90101 35118,-90091 35122,-90083 35138,-90065 35141,-90065 35211,-90073 35218,-90074 35225,-90077 35250,-90098 35254,-90105 35256,-90116 35252,-90140 35256,-90152 35263,-90159 35275,-90167 35282,-90169 35296,-90164 35301,-90159 35303,-90153 35304,-90115 35370,-90087 35380,-90090 35393,-90094 35377,-90136 35375,-90144 35375,-90166 35382,-90178 35385,-90179 35422,-90169 35437,-90152 35477,-90108 35473,-90074 35471,-90072 35466,-90068 35458,-90059 35459,-90048 35469,-90034 35481,-90035 35548,-90040 35553,-90033 35555,-90029 35556,-90017 35529,-89957 35533,-89934 35538,-89910 35655,-89885 35652,-89891 35651,-89906 35655,-89923 35666,-89937 35691,-89956 35724,-89959 35733,-89956 35738,-89950 35759,-89910 35759,-89906 35751,-89889 35747,-89866 35757,-89821 35820,-89704 35828,-89701 35834,-89703 35839,-89709 35848,-89730 35853,-89749 35862,-89769 35865,-89772 35872,-89774 35880,-89772 35891,-89766 35897,-89756 35905,-89734 35906,-89715 35897,-89688 35905,-89688 35948,-89687 35975,-89720 36001,-89733 36001,-89707 36025,-89690 36034,-89687 36052,-89684 36109,-89624 36119,-89602 36127,-89594 36144,-89592 36155,-89594 36171,-89607 36180,-89618 36185,-89629 36248,-89700 36252,-89691 36248,-89678 36238,-89602 36239,-89590 36248,-89542 36253,-89535 36271,-89536 36277,-89539 36280,-89545 36278,-89554 36288,-89578 36309,-89612 36323,-89620 36330,-89620 36336,-89616 36340,-89611 36342,-89606 36342,-89582 36338,-89560 36337,-89545 36339,-89532 36349,-89519 36360,-89513 36375,-89510 36475,-89520 36481,-89523 36498,-89539 36498,-89498 36498,-89493 36498,-89485 36479,-89493 36470,-89493 36462,-89486 36457,-89472 36458,-89460 36464,-89448 36482,-89429 36499,-89417 36499,-89404 36500,-89382 36500,-89380 36502,-89357 36503,-89346 36507,-89282 36507,-89279 36506,-89211 36505,-89163 36504,-89120 36504,-89118 36503,-89090 36503,-89072 36503,-89059 36503,-89035 36503,-89010 36503,-89007 36503,-89000 36502,-88964 36502,-88875 36503,-88835 36503,-88827 36503,-88817 36503,-88800 36503,-88748 36503,-88715 36502,-88661 36502,-88577 36502,-88545 36501,-88516 36502,-88512 36501,-88512 36501,-88489 36501,-88473 36501,-88453 36501,-88450 36501,-88416 36501,-88331 36500,-88326 36500,-88321 36497,-88053 36510,-88039 36514,-88038 36541,-88032 36562,-88036 36603,-88045 36636,-88056 36660,-88068 36678,-88071 36677,-88012 36664,-87850 36633,-87853 36637,-87694 36638,-87641 36639,-87565 36639,-87563 36641,-87437 36641,-87425 36641,-87414 36641,-87348 36642,-87344 36642,-87336 36642,-87282 36642,-87278 36642,-87248 36642,-87231 36642,-87115 36643,-87061 36646,-86907 36646,-86906 36647,-86854 36647,-86833 36648,-86818 36648,-86816 36648,-86813 36649,-86763 36649,-86759 36652,-86606 36652,-86605 36634,-86564 36633,-86564 36652,-86473 36652,-86472 36652,-86468 36651,-86411 36649,-86333 36641,-86222 36641,-86219 36641,-86216 36640,-86205 36639,-86198 36634,-86082 36634,-86081 36631,-86038 36630,-86033 36628,-85976 36622,-85789 36616,-85552 36616,-85551 36615,-85509 36616,-85471 36618,-85436 36625,-85296 36627,-85276 36622,-85096 36622,-85086 36614,-84975 36606,-84860 36603,-84785 36603,-84778 36592,-84261 36592,-84227 36590,-83988 36588,-83931 36583,-83691 36597,-83677 36601,-83675 36601,-83670 36597,-83472
TX 28112,-96830 28112,-96827 28120,-96817 28126,-96810 28136,-96811 28158,-96817 28163,-96820 28167,-96823 28172,-96819 28175,-96816 28189,-96792 28191,-96733 28198,-96704 28203,-96697 28211,-96703 28216,-96703 28218,-96687 28227,-96662 28229,-96661 28233,-96663 28251,-96652 28277,-96608 28280,-96608 28281,-96612 28283,-96610 28297,-96593 28302,-96581 28302,-96553 28306,-96547 28316,-96542 28323,-96529 28331,-96476 28337,-96451 28345,-96434 28355,-96419 28363,-96415 28367,-96417 28370,-96413 28371,-96403 28367,-96401 28344,-96398 28327,-96414 28319,-96439 28271,-96548 28230,-96622 28182,-96695 28137,-96758 28065,-96850 28061,-96853 27990,-96929 27951,-96967 27911,-97001 27870,-97032 27853,-97042 27837,-97045 27835,-97046 27793,-97085 27753,-97116 27677,-97167 27615,-97202 27576,-97222 27472,-97276 27408,-97304 27348,-97327 27278,-97347 27268,-97350 27210,-97363 27161,-97371 27101,-97377 27048,-97379 26993,-97378 26910,-97371 26872,-97365 26809,-97351 26736,-97333 26635,-97301 26600,-97288 26565,-97275 26554,-97269 26434,-97230 26411,-97224 26307,-97195 26267,-97186 26192,-97173 26089,-97161 26067,-97154 26068,-97161 26078,-97170 26103,-97172 26146,-97180 26177,-97179 26214,-97184 26272,-97194 26354,-97215 26386,-97227 26406,-97240 26412,-97241 26434,-97243 26456,-97248 26471,-97254 26483,-97263 26522,-97276 26528,-97292 26557,-97311 26571,-97308 26577,-97309 26598,-97317 26600,-97318 26612,-97325 26647,-97338 26666,-97336 26701,-97346 26711,-97363 26724,-97370 26736,-97371 26740,-97368 26759,-97364 26767,-97365 26775,-97369 26782,-97370 26796,-97368 26808,-97373 26821,-97387 26876,-97384 26889,-97386 26902,-97392 26946,-97390 27052,-97390 27067,-97390 27083,-97386 27091,-97387 27094,-97391 27157,-97390 27199,-97378 27203,-97380 27205,-97387 27229,-97382 27250,-97375 27276,-97373 27278,-97373 27299,-97367 27303,-97365 27305,-97360 27308,-97358 27327,-97362 27333,-97367 27360,-97362 27390,-97347 27402,-97336 27412,-97331 27418,-97330 27425,-97331 27434,-97330 27464,-97317 27497,-97294 27522,-97283 27543,-97266 27556,-97258 27563,-97262 27567,-97260 27579,-97252 27581,-97248 27582,-97248 27598,-97237 27602,-97241 27607,-97243 27632,-97231 27633,-97222 27630,-97219 27632,-97214 27650,-97201 27665,-97197 27678,-97198 27685,-97203 27688,-97203 27693,-97190 27720,-97171 27732,-97166 27734,-97161 27733,-97154 27735,-97147 27752,-97131 27756,-97128 27760,-97128 27789,-97103 27798,-97102 27808,-97099 27814,-97093 27819,-97093 27823,-97099 27820,-97126 27820,-97130 27825,-97134 27827,-97132 27842,-97057 27843,-97056 27859,-97043 27907,-97014 27911,-97018 27917,-97016 27954,-96986 27976,-96978 27978,-96979 27978,-96981 27976,-96986 27981,-96987 28002,-96978 28020,-96968 28020,-96967 28013,-96965 28012,-96963 28016,-96953 28027,-96947 28035,-96932 28043,-96926 28051,-96930 28057,-96927 28076,-96906 28077,-96891 28084,-96886 28087,-96888 28099,-96889 28117,-96887 28131,-96879 28133,-96875 28131,-96871 28126,-96865 28116,-96857 28109,-96845 28112,-96830
TX 34746,-100000 34561,-100000 34561,-99998 34578,-99955 34579,-99946 34575,-99923 34547,-99885 34537,-99874 34532,-99872 34523,-99865 34505,-99846 34454,-99794 34431,-99767 34378,-99695 34374,-99664 34375,-99617 34417,-99580 34418,-99574 34414,-99515 34410,-99500 34398,-99474 34389,-99453 34374,-99441 34373,-99407 34376,-99399 34442,-99357 34403,-99261 34338,-99211 34325,-99210 34314,-99212 34292,-99212 34215,-99191 34207,-99157 34202,-99119 34205,-99060 34201,-98967 34196,-98953 34183,-98920 34153,-98858 34136,-98766 34136,-98700 34152,-98666 34161,-98652 34162,-98638 34161,-98610 34161,-98600 34149,-98577 34134,-98554 34072,-98504 34064,-98475 34096,-98434 34122,-98400 34128,-98398 34148,-98383 34157,-98364 34151,-98325 34135,-98300 34133,-98294 34117,-98200 34114,-98169 34034,-98106 34005,-98088 34003,-98085 33993,-98041 33994,-98019 34002,-97984 33990,-97946 33936,-97953 33890,-97978 33882,-97967 33850,-97877 33849,-97866 33858,-97834 33891,-97785 33936,-97734 33972,-97700 33984,-97693 33987,-97688 33991,-97672 33989,-97656 33968,-97609 33954,-97590 33952,-97589 33918,-97597 33914,-97596 33902,-97587 33900,-97581 33898,-97561 33897,-97555 33900,-97546 33914,-97519 33920,-97501 33917,-97487 33916,-97484 33902,-97458 33891,-97451 33871,-97451 33855,-97458 33850,-97461 33842,-97463 33835,-97459 33829,-97453 33824,-97444 33819,-97426 33819,-97373 33872,-97311 33915,-97227 33916,-97211 33901,-97185 33895,-97181 33847,-97167 33840,-97167 33835,-97172 33831,-97181 33831,-97195 33827,-97200 33819,-97205 33800,-97205 33738,-97172 33729,-97163 33723,-97151 33719,-97138 33717,-97121 33721,-97107 33728,-97097 33733,-97092 33818,-97048 33862,-97006 33887,-96986 33936,-96973 33949,-96945 33954,-96935 33960,-96922 33958,-96916 33950,-96907 33934,-96899 33896,-96896 33868,-96883 33853,-96866 33847,-96856 33824,-96762 33832,-96712 33835,-96707 33841,-96701 33850,-96695 33862,-96689 33873,-96685 33883,-96682 33893,-96679 33900,-96672 33900,-96659 33895,-96647 33889,-96633 33886,-96622 33881,-96615 33878,-96613 33875,-96611 33868,-96613 33853,-96616 33841,-96615 33834,-96613 33773,-96500 33781,-96448 33780,-96436 33776,-96423 33727,-96378 33717,-96370 33746,-96305 33748,-96230 33747,-96221 33752,-96200 33759,-96182 33769,-96170 33784,-96164 33813,-96157 33838,-96148 33848,-96098 33857,-95950 33841,-95846 33838,-95825 33848,-95764 33867,-95757 33934,-95600 33933,-95567 33930,-95559 33908,-95549 33901,-95549 33894,-95552 33888,-95552 33883,-95548 33880,-95544 33869,-95446 33866,-95408 33869,-95340 33871,-95310 33874,-95288 33888,-95261 33892,-95256 33902,-95250 33912,-95248 33922,-95250 33930,-95254 33934,-95253 33960,-95231 33962,-95226 33962,-95219 33944,-95156 33937,-95130 33917,-95067 33914,-95063 33904,-95062 33861,-95039 33746,-94869 33733,-94822 33727,-94761 33703,-94746 33691,-94735 33660,-94661 33616,-94528 33616,-94524 33626,-94491 33629,-94488 33638,-94486 33621,-94478 33606,-94471 33599,-94464 33568,-94409 33543,-94356 33583,-94258 33586,-94253 33593,-94182 33576,-94085 33569,-94067 33552,-94043 33551,-94043 33542,-94043 33493,-94043 33491,-94043 33470,-94043 33436,-94043 33431,-94043 33420,-94043 33378,-94043 33371,-94043 33359,-94043 33352,-94043 33347,-94043 33330,-94043 33271,-94043 33261,-94043 33250,-94043 33242,-94043 33215,-94043 33203,-94043 33200,-94043 33143,-94043 33138,-94043 33134,-94043 33093,-94043 33079,-94043 33019,-94043 32956,-94043 32938,-94043 32910,-94043 32899,-94043 32893,-94043 32881,-94043 32880,-94043 32871,-94043 32797,-94043 32787,-94043 32785,-94043 32781,-94043 32777,-94043 32768,-94043 32693,-94043 32655,-94043 32643,-94043 32640,-94043 32622,-94043 32618,-94043 32610,-94043 32564,-94043 32560,-94043 32514,-94043 32505,-94043 32493,-94043 32487,-94043 32484,-94043 32480,-94043 32478,-94043 32473,-94043 32471,-94043 32470,-94043 32440,-94043 32436,-94043 32401,-94043 32400,-94043 32392,-94043 32373,-94043 32364,-94043 32270,-94043 32218,-94043 32196,-94043 32167,-94043 32158,-94043 32138,-94043 32120,-94042 32056,-94043 31999,-94043 31980,-94016 31924,-93975 31894,-93932 31889,-93920 31857,-93889 31844,-93878 31801,-93840 31715,-93812 31672,-93817 31615,-93826 31586,-93835 31555,-93819 31534,-93798 31488,-93730 31409,-93696 31387,-93670 31373,-93641 31300,-93672 31277,-93644 31271,-93621 31261,-93614 31228,-93608 31205,-93607 31182,-93602 31176,-93600 31175,-93599 31166,-93589 31167,-93579 31186,-93553 31187,-93549 31186,-93535 31181,-93532 31075,-93528 31008,-93540 30925,-93531 30877,-93555 30869,-93559 30819,-93563 30802,-93578 30574,-93728 30539,-93740 30506,-93710 30444,-93698 30439,-93698 30430,-93703 30403,-93742 30396,-93751 30390,-93758 30333,-93766 30299,-93736 30295,-93724 30296,-93721 30244,-93716 30194,-93712 30148,-93695 30136,-93696 30067,-93712 30052,-93722 30051,-93722 30016,-93752 30014,-93757 29988,-93789 29914,-93841 29843,-93891 29772,-93898 29765,-93892 29691,-93838 29676,-93853 29673,-93867 29674,-93890 29680,-93931 29681,-94001 29671,-94057 29646,-94133 29561,-94354 29555,-94371 29505,-94501 29468,-94595 29451,-94631 29431,-94670 29416,-94694 29403,-94708 29383,-94724 29369,-94731 29369,-94745 29362,-94761 29361,-94779 29364,-94782 29376,-94783 29393,-94767 29401,-94754 29427,-94724 29437,-94706 29467,-94686 29471,-94682 29477,-94672 29478,-94666 29478,-94657 29474,-94646 29476,-94628 29483,-94609 29492,-94594 29508,-94595 29514,-94591 29525,-94580 29532,-94567 29530,-94554 29524,-94547 29518,-94532 29520,-94511 29525,-94495 29543,-94503 29543,-94509 29543,-94511 29546,-94522 29546,-94524 29553,-94526 29558,-94532 29568,-94541 29569,-94543 29572,-94546 29574,-94554 29572,-94570 29572,-94571 29567,-94578 29561,-94594 29557,-94610 29555,-94618 29554,-94622 29553,-94626 29540,-94683 29538,-94689 29538,-94692 29534,-94718 29526,-94741 29525,-94756 29525,-94758 29526,-94767 29526,-94769 29526,-94770 29527,-94771 29528,-94775 29531,-94780 29531,-94781 29535,-94783 29537,-94784 29541,-94787 29546,-94790 29548,-94791 29549,-94779 29548,-94771 29563,-94755 29584,-94735 29625,-94709 29694,-94693 29704,-94692 29723,-94695 29775,-94725 29785,-94735 29787,-94741 29774,-94772 29767,-94792 29757,-94816 29721,-94851 29695,-94865 29679,-94867 29671,-94873 29661,-94893 29657,-94915 29658,-94921 29674,-94931 29679,-94934 29693,-94936 29698,-94943 29700,-94966 29685,-94973 29672,-94989 29659,-95005 29659,-95006 29658,-95006 29656,-95008 29651,-95011 29650,-95012 29647,-95013 29644,-95014 29639,-95016 29630,-95014 29629,-95013 29628,-95012 29619,-95001 29619,-95000 29618,-94999 29610,-94989 29604,-94985 29602,-94983 29601,-94983 29591,-94989 29574,-95008 29559,-95016 29558,-95017 29555,-95018 29548,-95017 29540,-95015 29538,-95013 29521,-95000 29511,-94982 29505,-94958 29501,-94935 29501,-94933 29497,-94910 29497,-94909 29487,-94913 29469,-94926 29451,-94931 29448,-94919 29433,-94891 29415,-94887 29366,-94887 29338,-94894 29308,-94894 29298,-94887 29293,-94876 29294,-94865 29297,-94850 29306,-94825 29322,-94823 29344,-94822 29353,-94811 29336,-94785 29335,-94780 29337,-94777 29334,-94746 29336,-94745 29338,-94731 29331,-94723 29332,-94731 29305,-94770 29291,-94786 29279,-94804 29148,-95026 29111,-95082 29088,-95110 29078,-95119 29074,-95123 29067,-95125 29023,-95191 28989,-95239 28962,-95272 28934,-95297 28928,-95310 28898,-95353 28876,-95377 28866,-95382 28859,-95416 28859,-95440 28836,-95487 28825,-95507 28790,-95568 28665,-95813 28633,-95884 28588,-96001 28557,-96078 28502,-96194 28492,-96220 28475,-96245 28462,-96270 28442,-96303 28425,-96322 28424,-96329 28417,-96342 28398,-96371 28394,-96372 28388,-96371 28384,-96379 28386,-96379 28393,-96382 28402,-96376 28404,-96374 28438,-96335 28478,-96268 28495,-96224 28500,-96219 28510,-96215 28545,-96145 28559,-96105 28587,-96046 28589,-96033 28600,-96008 28606,-95986 28614,-95982 28621,-95986 28642,-95983 28651,-95979 28655,-95986 28659,-95996 28656,-96003 28648,-96007 28653,-96033 28649,-96048 28635,-96072 28625,-96099 28611,-96149 28594,-96187 28587,-96198 28580,-96222 28581,-96229 28597,-96234 28602,-96234 28607,-96222 28613,-96214 28623,-96213 28641,-96231 28662,-96209 28665,-96215 28688,-96192 28694,-96191 28699,-96196 28701,-96202 28698,-96223 28696,-96231 28685,-96257 28684,-96264 28689,-96269 28683,-96288 28671,-96304 28660,-96305 28645,-96304 28642,-96323 28641,-96329 28627,-96373 28620,-96376 28616,-96385 28573,-96474 28570,-96488 28580,-96483 28597,-96480 28608,-96486 28611,-96490 28615,-96511 28618,-96510 28625,-96498 28631,-96497 28636,-96500 28638,-96506 28646,-96545 28646,-96555 28644,-96563 28668,-96573 28674,-96570 28687,-96559 28691,-96560 28696,-96561 28698,-96567 28703,-96575 28704,-96578 28705,-96578 28712,-96580 28717,-96581 28723,-96584 28725,-96592 28725,-96594 28722,-96605 28714,-96634 28714,-96635 28710,-96646 28710,-96649 28704,-96656 28697,-96665 28688,-96658 28669,-96635 28655,-96634 28650,-96628 28650,-96623 28644,-96616 28639,-96611 28636,-96611 28628,-96620 28622,-96623 28586,-96611 28583,-96608 28584,-96574 28582,-96565 28576,-96564 28571,-96561 28559,-96536 28558,-96526 28554,-96522 28535,-96514 28526,-96506 28491,-96450 28467,-96420 28459,-96411 28449,-96402 28442,-96404 28422,-96461 28408,-96482 28398,-96505 28394,-96521 28385,-96543 28378,-96560 28369,-96570 28357,-96592 28354,-96600 28347,-96651 28336,-96673 28347,-96688 28347,-96695 28343,-96698 28349,-96705 28370,-96700 28400,-96706 28407,-96710 28409,-96723 28409,-96749 28412,-96762 28411,-96767 28410,-96768 28408,-96772 28406,-96776 28398,-96781 28384,-96790 28366,-96795 28365,-96795 28351,-96794 28349,-96794 28347,-96794 28346,-96794 28345,-96794 28337,-96793 28324,-96791 28319,-96791 28312,-96792 28297,-96806 28290,-96810 28282,-96806 28273,-96799 28256,-96787 28250,-96787 28224,-96800 28217,-96810 28194,-96842 28176,-96873 28153,-96898 28147,-96910 28124,-96935 28123,-96963 28138,-97000 28136,-97008 28124,-97027 28117,-97029 28108,-97023 28104,-97024 28094,-97032 28085,-97036 28074,-97036 28054,-97031 28042,-97026 28033,-97031 28029,-97041 28022,-97049 27996,-97062 27987,-97076 27923,-97122 27920,-97129 27902,-97135 27899,-97136 27899,-97137 27894,-97144 27881,-97155 27833,-97183 27831,-97185 27825,-97187 27824,-97187 27824,-97189 27823,-97193 27823,-97194 27822,-97197 27822,-97209 27822,-97210 27822,-97211 27824,-97220 27824,-97221 27825,-97222 27825,-97223 27826,-97225 27827,-97226 27829,-97227 27831,-97227 27833,-97227 27838,-97227 27844,-97228 27849,-97235 27858,-97241 27859,-97241 27865,-97243 27876,-97251 27878,-97256 27879,-97258 27880,-97263 27881,-97272 27882,-97274 27881,-97277 27880,-97285 27878,-97295 27876,-97301 27870,-97318 27868,-97325 27866,-97327 27850,-97355 27851,-97360 27850,-97361 27838,-97379 27814,-97392 27783,-97393 27767,-97386 27742,-97368 27725,-97347 27713,-97316 27697,-97254 27680,-97260 27679,-97266 27614,-97297 27605,-97299 27599,-97298 27594,-97294 27586,-97302 27571,-97322 27561,-97325 27527,-97337 27518,-97343 27503,-97347 27479,-97351 27458,-97359 27451,-97366 27425,-97372 27412,-97370 27401,-97373 27390,-97380 27345,-97399 27336,-97402 27330,-97405 27321,-97413 27317,-97420 27314,-97430 27314,-97451 27298,-97483 27275,-97508 27279,-97532 27284,-97544 27291,-97547 27289,-97537 27292,-97527 27298,-97525 27305,-97517 27305,-97505 27309,-97498 27322,-97503 27328,-97499 27339,-97484 27351,-97484 27359,-97487 27367,-97502 27362,-97514 27353,-97521 27336,-97538 27316,-97571 27310,-97584 27285,-97609 27287,-97622 27286,-97631 27282,-97637 27271,-97640 27253,-97639 27247,-97635 27243,-97629 27242,-97597 27240,-97583 27239,-97574 27233,-97561 27229,-97543 27231,-97520 27235,-97510 27240,-97503 27244,-97500 27251,-97485 27254,-97467 27259,-97458 27263,-97450 27264,-97424 27258,-97422 27202,-97435 27145,-97445 27116,-97444 27115,-97452 27110,-97456 27100,-97457 27096,-97462 27098,-97475 27102,-97481 27101,-97492 27094,-97496 27078,-97493 27066,-97478 27063,-97479 27062,-97482 27058,-97487 27054,-97488 27035,-97487 27033,-97478 27029,-97474 27023,-97473 26999,-97479 26998,-97481 27000,-97484 27000,-97537 26996,-97549 26990,-97555 26981,-97551 26965,-97550 26952,-97552 26947,-97555 26939,-97555 26906,-97541 26901,-97540 26895,-97548 26888,-97552 26868,-97552 26864,-97558 26842,-97563 26828,-97553 26825,-97548 26825,-97538 26804,-97510 26764,-97484 26757,-97478 26759,-97472 26741,-97469 26710,-97467 26634,-97445 26609,-97446 26600,-97441 26572,-97428 26554,-97417 26520,-97422 26517,-97426 26507,-97431 26495,-97431 26484,-97426 26478,-97429 26470,-97436 26467,-97441 26455,-97441 26450,-97438 26446,-97426 26447,-97421 26450,-97417 26447,-97412 26433,-97413 26417,-97422 26413,-97419 26409,-97406 26411,-97398 26414,-97394 26417,-97395 26411,-97382 26409,-97378 26395,-97370 26381,-97374 26366,-97389 26339,-97392 26332,-97391 26330,-97388 26336,-97376 26340,-97372 26349,-97369 26356,-97358 26359,-97343 26356,-97335 26351,-97330 26332,-97337 26319,-97353 26314,-97354 26311,-97347 26293,-97347 26267,-97344 26266,-97341 26266,-97332 26272,-97323 26274,-97312 26253,-97307 26249,-97308 26236,-97321 26229,-97321 26202,-97304 26201,-97297 26192,-97295 26182,-97296 26159,-97307 26142,-97297 26128,-97285 26120,-97282 26118,-97283 26114,-97294 26108,-97295 26092,-97280 26086,-97271 26080,-97247 26080,-97208 26077,-97200 26042,-97195 26030,-97205 26031,-97215 26027,-97225 26024,-97226 25996,-97219 25994,-97217 25992,-97209 25993,-97196 26000,-97174 26007,-97167 26015,-97163 26023,-97163 26045,-97172 26045,-97179 26053,-97183 26064,-97165 26062,-97152 26039,-97153 26018,-97152 25971,-97146 25963,-97173 25959,-97228 25952,-97271 25931,-97348 25916,-97362 25903,-97367 25885,-97367 25856,-97408 25880,-97497 25887,-97511 25938,-97583 26023,-97668 26034,-97672 26061,-97863 26065,-97889 26061,-98008 26057,-98012 26044,-98045 26058,-98133 26075,-98242 26086,-98265 26158,-98387 26212,-98439 26223,-98466 26257,-98586 26257,-98587 26260,-98623 26250,-98633 26277,-98706 26331,-98751 26369,-98807 26371,-98822 26366,-98861 26407,-99048 26439,-99106 26558,-99168 26571,-99172 26689,-99209 26788,-99242 26843,-99269 26907,-99322 26934,-99379 27023,-99447 27063,-99452 27067,-99451 27071,-99447 27094,-99430 27176,-99426 27250,-99442 27264,-99452 27265,-99454 27268,-99463 27265,-99471 27278,-99495 27306,-99530 27313,-99536 27316,-99538 27356,-99507 27390,-99493 27410,-99488 27486,-99480 27574,-99519 27606,-99542 27641,-99601 27644,-99623 27642,-99626 27638,-99627 27638,-99666 27775,-99843 27806,-99876 27864,-99901 27875,-99904 27904,-99896 27922,-99922 27995,-99991 28096,-100057 28137,-100081 28144,-100083 28148,-100088 28168,-100144 28176,-100171 28191,-100202 28197,-100209 28240,-100258 28275,-100291 28407,-100347 28499,-100334 28502,-100339 28514,-100387 28536,-100405 28596,-100430 28609,-100447 28662,-100500 28691,-100510 28705,-100512 28717,-100507 28741,-100508 28805,-100535 28825,-100547 28862,-100590 28916,-100640 28943,-100652 28984,-100648 28986,-100646 29073,-100664 29084,-100668 29100,-100675 29242,-100794 29247,-100798 29348,-100954 29363,-100996 29415,-101038 29430,-101043 29459,-101060 29469,-101087 29474,-101138 29525,-101235 29618,-101247 29624,-101250 29659,-101314 29662,-101344 29758,-101404 29770,-101455 29771,-101626 29759,-101635 29754,-101646 29777,-101762 29782,-101786 29796,-101884 29801,-101945 29790,-102041 29785,-102050 29793,-102116 29854,-102262 29864,-102282 29875,-102297 29875,-102321 29875,-102323 29844,-102365 29761,-102387 29765,-102404 29777,-102434 29787,-102487 29781,-102501 29749,-102555 29748,-102613 29737,-102665 29722,-102690 29696,-102698 29593,-102745 29542,-102782 29522,-102809 29438,-102832 29409,-102833 29354,-102876 29285,-102896 29246,-102886 29246,-102881 29242,-102871 29225,-102867 29215,-102878 29177,-102951 29161,-102996 29034,-103104 28985,-103115 28973,-103157 28972,-103164 28990,-103282 29024,-103384 29075,-103471 29085,-103471 29119,-103503 29138,-103525 29155,-103559 29166,-103610 29163,-103627 29184,-103715 29225,-103768 29263,-103792 29263,-103793 29278,-103838 29294,-103925 29298,-103963 29314,-104025 29383,-104144 29403,-104168 29462,-104213 29497,-104236 29514,-104264 29519,-104291 29528,-104322 29561,-104394 29641,-104516 29677,-104539 29716,-104550 29729,-104549 29771,-104566 29870,-104633 29910,-104667 29911,-104675 29921,-104680 30019,-104694 30093,-104686 30179,-104687 30236,-104709 30301,-104762 30315,-104781 30390,-104860 30500,-104873 30599,-104930 30610,-104972 30624,-104985 30684,-105044 30750,-105129 30800,-105211 30799,-105250 30803,-105265 30859,-105395 30893,-105412 30989,-105557 31020,-105578 31037,-105580 31057,-105585 31083,-105603 31116,-105649 31136,-105709 31165,-105751 31202,-105794 31289,-105869 31300,-105900 31312,-105923 31375,-105981 31386,-105998 31393,-106007 31415,-106099 31425,-106133 31464,-106203 31467,-106206 31468,-106208 31469,-106209 31473,-106213 31480,-106219 31548,-106254 31702,-106357 31732,-106381 31752,-106418 31757,-106437 31752,-106473 31784,-106529 31787,-106528 31789,-106528 31790,-106528 31791,-106528 31792,-106531 31792,-106532 31792,-106533 31796,-106535 31797,-106535 31798,-106535 31799,-106536 31802,-106542 31804,-106545 31805,-106545 31813,-106563 31813,-106567 31846,-106605 31846,-106606 31846,-106615 31853,-106622 31856,-106626 31861,-106628 31948,-106616 31956,-106615 32001,-106599 32001,-106595 32001,-106588 32001,-106566 32001,-106565 32001,-106411 32001,-106394 32001,-106377 32002,-106313 32002,-106206 32002,-106201 32002,-106182 32002,-106100 32002,-105998 32002,-105901 32002,-105886 32001,-105429 32001,-105427 32001,-105390 32000,-105154 32000,-105150 32000,-105148 32001,-105133 32001,-105131 32000,-105118 32001,-105079 32001,-105077 32000,-104918 32000,-104848 32000,-104644 32000,-104641 32000,-104532 32000,-104025 32000,-103980 32000,-103723 32000,-103327 32000,-103279 32000,-103270 32000,-103268 32001,-103216 32000,-103089 32000,-103086 32001,-103064 32087,-103064 32123,-103064 32145,-103064 32522,-103065 32588,-103065 32600,-103065 32602,-103065 32625,-103065 32646,-103065 32683,-103065 32691,-103065 32709,-103065 32727,-103065 32777,-103065 32784,-103065 32785,-103065 32828,-103065 32849,-103065 32857,-103065 32858,-103065 32868,-103065 32879,-103065 32900,-103065 32959,-103065 32964,-103065 33000,-103065 33010,-103064 33039,-103064 33042,-103064 33219,-103060 33315,-103058 33329,-103057 33388,-103057 33571,-103053 33629,-103052 33642,-103051 33650,-103052 33658,-103051 33672,-103051 33702,-103050 33746,-103049 33825,-103047 33850,-103047 33902,-103046 33906,-103046 33946,-103045 33975,-103044 34004,-103044 34018,-103044 34033,-103044 34037,-103044 34042,-103044 34044,-103044 34050,-103044 34063,-103044 34079,-103044 34088,-103044 34257,-103044 34289,-103044 34303,-103044 34313,-103044 34380,-103044 34381,-103044 34384,-103044 34385,-103044 34389,-103044 34390,-103044 34394,-103044 34397,-103044 34401,-103044 34405,-103044 34456,-103044 34460,-103044 34463,-103044 34620,-103043 34671,-103043 34747,-103043 34792,-103043 34850,-103043 34900,-103043 34954,-103043 35136,-103043 35143,-103043 35145,-103043 35159,-103043 35179,-103042 35182,-103042 35183,-103042 35212,-103042 35622,-103042 35739,-103041 36055,-103041 36318,-103042 36479,-103042 36500,-103002 36500,-102162 36500,-102032 36500,-101827 36500,-101826 36500,-101788 36500,-101783 36500,-101782 36500,-101781 36500,-101779 36500,-101709 36500,-101699 36500,-101654 36500,-101650 36500,-101624 36499,-101085 36500,-101052 36500,-101045 36500,-100977 36500,-100954 36500,-100936 36500,-100919 36500,-100884 36500,-100860 36500,-100851 36500,-100824 36500,-100806 36500,-100803 36500,-100762 36500,-100724 36500,-100709 36499,-100658 36499,-100648 36499,-100593 36499,-100584 36499,-100583 36499,-100578 36499,-100546 36499,-100531 36499,-100530 36499,-100522 36499,-100441 36499,-100434 36499,-100421 36499,-100414 36500,-100379 36499,-100379 36499,-100352 36499,-100334 36500,-100324 36500,-100311 36500,-100181 36500,-100090 36500,-100004 36500,-100000 36056,-100000 35881,-100000 35619,-100000 35422,-100000 35183,-100000 35030,-100000 34746,-100000
UT 42002,-111047 41580,-111046 41378,-111046 41361,-111047 41252,-111047 40998,-111047 40995,-110501 40997,-110048 40997,-110001 40997,-110000 40998,-109855 40998,-109854 40998,-109715 40998,-109714 40998,-109676 41001,-109207 41001,-109050 40663,-109048 40654,-109048 40540,-109050 40223,-109051 40181,-109051 40060,-109051 40059,-109051 39660,-109051 39498,-109051 39367,-109051 39125,-109052 38943,-109053 38942,-109053 38905,-109054 38904,-109054 38720,-109060 38500,-109060 38275,-109060 38155,-109042 38153,-109042 37999,-109043 37997,-109043 37974,-109043 37881,-109042 37842,-109042 37836,-109042 37713,-109042 37711,-109042 37624,-109042 37618,-109042 37604,-109042 37531,-109042 37485,-109043 37375,-109046 37112,-109045 37109,-109045 37096,-109045 37086,-109045 37075,-109045 37073,-109045 36999,-109045 36999,-109181 36999,-109234 36999,-109247 36999,-109263 36999,-109268 36999,-109270 36999,-109378 36999,-109381 36998,-110001 36998,-110331 37004,-110495 37003,-110751 37001,-111190 37001,-111406 37001,-111413 37001,-112358 37001,-112369 37001,-112535 37001,-112539 37001,-112540 37001,-112545 37001,-112559 37001,-112610 37000,-112899 37000,-112966 37000,-113966 37000,-114051 37088,-114052 37091,-114052 37284,-114052 37285,-114052 37293,-114052 37294,-114052 37370,-114052 37371,-114052 37492,-114053 37503,-114053 37517,-114053 37518,-114053 37605,-114052 37746,-114052 37747,-114052 37756,-114051 37810,-114048 38000,-114050 38149,-114050 38405,-114050 38544,-114050 38548,-114050 38573,-114050 38677,-114050 39543,-114048 39906,-114047 40117,-114047 40494,-114046 40496,-114046 40507,-114045 40726,-114044 40759,-114044 41000,-114042 41742,-114040 41851,-114041 41994,-114042 41988,-113893 41989,-113796 41989,-113765 41994,-113432 41994,-113402 41994,-113396 41998,-113001 41998,-112979 41999,-112910 41999,-112882 41999,-112881 41999,-112833 42000,-112789 42000,-112709 42000,-112648 42001,-112451 42001,-112386 42001,-112265 42001,-112239 41997,-112164 41997,-112110 41999,-111916 41998,-111916 41999,-111876 42000,-111507 42001,-111426 42001,-111421 42001,-111416 42002,-111047
VT 42727,-72459 42737,-72864 42739,-72927 42739,-72930 42741,-73019 42741,-73023 42744,-73142 42746,-73265 42746,-73276 42802,-73291 42834,-73285 42833,-73279 42940,-73274 42942,-73274 42944,-73274 43031,-73269 43217,-73259 43315,-73255 43355,-73253 43363,-73253 43370,-73253 43371,-73253 43515,-73247 43535,-73242 43540,-73246 43626,-73303 43628,-73306 43623,-73367 43613,-73376 43569,-73400 43584,-73429 43588,-73431 43647,-73422 43674,-73409 43685,-73404 43736,-73371 43753,-73361 43771,-73350 43786,-73358 43808,-73379 43832,-73388 43906,-73397 43930,-73408 43949,-73406 44016,-73406 44027,-73411 44043,-73437 44047,-73437 44079,-73429 44153,-73404 44191,-73391 44226,-73351 44244,-73325 44265,-73323 44389,-73315 44428,-73296 44439,-73294 44477,-73300 44500,-73307 44547,-73339 44558,-73357 44563,-73362 44575,-73374 44618,-73390 44703,-73365 44779,-73340 44829,-73370 44916,-73359 44994,-73350 45011,-73343 45014,-73192 45015,-73086 45015,-73016 45015,-73015 45017,-72846 45015,-72675 45012,-72554 45005,-72342 45006,-72103 45009,-71898 45011,-71767 45013,-71502 45014,-71465 45010,-71469 45007,-71486 45008,-71505 45000,-71530 44994,-71537 44988,-71539 44984,-71538 44948,-71517 44911,-71494 44905,-71496 44810,-71573 44755,-71624 44748,-71627 44730,-71625 44698,-71599 44627,-71553 44588,-71536 44507,-71580 44486,-71599 44428,-71680 44412,-71709 44401,-71745 44406,-71756 44407,-71762 44406,-71765 44399,-71794 44382,-71814 44367,-71816 44359,-71849 44325,-72002 44321,-72012 44286,-72059 44277,-72065 44271,-72068 44188,-72064 44168,-72053 44158,-72042 44156,-72040 44112,-72055 44035,-72091 43988,-72113 43973,-72113 43970,-72107 43959,-72106 43951,-72104 43919,-72121 43886,-72167 43834,-72182 43807,-72184 43772,-72205 43771,-72206 43748,-72233 43734,-72264 43734,-72271 43703,-72303 43635,-72330 43619,-72334 43615,-72335 43600,-72330 43521,-72396 43502,-72388 43472,-72388 43429,-72397 43390,-72405 43358,-72404 43337,-72401 43317,-72397 43232,-72431 43211,-72439 43161,-72452 43137,-72442 43120,-72433 43114,-72433 43006,-72444 42867,-72556 42866,-72556 42858,-72556 42856,-72556 42808,-72543 42781,-72510 42772,-72491 42762,-72478 42732,-72460 42727,-72459
VA 38027,-75242 37959,-75297 37922,-75319 37893,-75334 37873,-75349 37864,-75359 37859,-75367 37859,-75375 37868,-75392 37875,-75401 37875,-75429 37872,-75438 37864,-75453 37851,-75468 37832,-75487 37799,-75515 37742,-75548 37724,-75557 37702,-75572 37684,-75581 37661,-75586 37620,-75603 37606,-75611 37586,-75612 37578,-75608 37577,-75596 37570,-75594 37557,-75607 37522,-75633 37472,-75666 37467,-75665 37459,-75664 37455,-75662 37439,-75666 37430,-75673 37405,-75698 37373,-75721 37360,-75727 37358,-75726 37350,-75727 37335,-75736 37306,-75765 37297,-75779 37297,-75781 37301,-75785 37301,-75792 37296,-75798 37276,-75791 37252,-75799 37237,-75796 37231,-75790 37228,-75790 37225,-75791 37208,-75804 37201,-75800 37197,-75801 37171,-75830 37136,-75878 37126,-75886 37118,-75897 37114,-75907 37115,-75912 37120,-75913 37134,-75926 37125,-75943 37121,-75946 37118,-75963 37119,-75970 37129,-75970 37157,-75978 37189,-75999 37195,-76006 37205,-76013 37219,-76014 37232,-76011 37235,-76014 37257,-76026 37269,-76024 37281,-76016 37289,-76023 37318,-76019 37332,-76014 37352,-75998 37369,-75987 37405,-75980 37416,-75983 37434,-75982 37445,-75976 37468,-75961 37475,-75963 37482,-75963 37500,-75959 37522,-75950 37535,-75940 37550,-75938 37552,-75937 37558,-75941 37564,-75941 37600,-75925 37623,-75910 37661,-75877 37668,-75868 37674,-75870 37688,-75868 37703,-75859 37708,-75846 37713,-75838 37725,-75831 37732,-75831 37738,-75828 37742,-75825 37750,-75812 37762,-75803 37777,-75812 37792,-75818 37804,-75793 37807,-75785 37805,-75771 37807,-75743 37817,-75736 37820,-75723 37827,-75717 37838,-75714 37848,-75709 37850,-75703 37862,-75690 37873,-75685 37886,-75688 37901,-75710 37902,-75720 37900,-75725 37897,-75727 37897,-75753 37898,-75759 37899,-75760 37904,-75758 37936,-75712 37929,-75704 37930,-75694 37951,-75670 37959,-75661 37973,-75647 37973,-75646 37974,-75645 37975,-75645 37979,-75640 37984,-75636 37989,-75630 37992,-75626 37994,-75624 38010,-75436 38011,-75429 38013,-75399 38015,-75378 38025,-75264 38025,-75262 38026,-75261 38026,-75256 38026,-75250 38027,-75242
VA 38763,-78869 38811,-78835 38856,-78808 38885,-78788 38892,-78779 38903,-78757 38923,-78720 38922,-78720 38916,-78717 38911,-78714 38910,-78711 38965,-78602 39013,-78558 39020,-78554 39026,-78566 39032,-78572 39057,-78544 39089,-78508 39113,-78460 39132,-78439 39157,-78418 39172,-78411 39189,-78427 39198,-78439 39200,-78437 39205,-78432 39206,-78431 39207,-78430 39209,-78428 39212,-78424 39244,-78400 39318,-78360 39319,-78359 39353,-78340 39358,-78362 39466,-78347 39391,-78229 39265,-78033 39264,-78033 39132,-77828 39140,-77822 39237,-77771 39249,-77767 39256,-77769 39258,-77768 39263,-77762 39264,-77761 39268,-77759 39269,-77758 39275,-77756 39275,-77755 39277,-77753 39278,-77753 39280,-77753 39289,-77750 39321,-77719 39319,-77678 39318,-77668 39301,-77593 39286,-77561 39272,-77546 39267,-77543 39262,-77534 39254,-77511 39246,-77485 39228,-77460 39225,-77458 39220,-77459 39189,-77479 39186,-77486 39182,-77505 39178,-77511 39171,-77516 39146,-77527 39128,-77525 39121,-77520 39074,-77458 39067,-77423 39061,-77375 39063,-77340 39059,-77328 39045,-77292 39031,-77261 39011,-77252 39002,-77256 38986,-77250 38977,-77235 38971,-77222 38967,-77198 38968,-77167 38965,-77148 38955,-77138 38934,-77120 38911,-77101 38904,-77090 38900,-77068 38871,-77041 38851,-77032 38840,-77033 38792,-77039 38785,-77039 38764,-77041 38734,-77060 38711,-77075 38706,-77086 38697,-77106 38687,-77121 38674,-77133 38650,-77136 38635,-77130 38636,-77158 38624,-77175 38617,-77202 38618,-77204 38624,-77205 38638,-77216 38638,-77222 38639,-77241 38635,-77247 38629,-77249 38621,-77245 38600,-77246 38591,-77247 38583,-77264 38580,-77265 38565,-77261 38547,-77277 38540,-77276 38525,-77284 38516,-77291 38511,-77296 38509,-77299 38507,-77301 38505,-77302 38494,-77310 38467,-77323 38449,-77325 38418,-77319 38398,-77311 38391,-77312 38390,-77315 38384,-77317 38370,-77296 38359,-77288 38351,-77288 38347,-77286 38339,-77280 38333,-77265 38332,-77240 38341,-77199 38342,-77179 38346,-77163 38351,-77155 38368,-77138 38370,-77105 38368,-77095 38368,-77085 38378,-77070 38396,-77056 38399,-77051 38401,-77044 38387,-77025 38375,-77012 38342,-77017 38329,-77021 38312,-77031 38303,-77026 38278,-76998 38274,-76990 38274,-76981 38256,-76962 38243,-76958 38236,-76957 38230,-76962 38230,-76967 38227,-76967 38214,-76962 38202,-76937 38200,-76917 38197,-76911 38172,-76875 38163,-76839 38164,-76824 38168,-76803 38169,-76788 38167,-76760 38162,-76750 38157,-76743 38153,-76740 38147,-76739 38138,-76722 38149,-76704 38156,-76701 38156,-76685 38148,-76665 38148,-76643 38151,-76639 38153,-76629 38149,-76614 38129,-76604 38110,-76601 38095,-76579 38077,-76543 38070,-76536 38043,-76522 38035,-76520 38027,-76517 38017,-76492 38014,-76469 38010,-76465 37999,-76463 37977,-76427 37967,-76416 37959,-76391 37952,-76360 37947,-76344 37911,-76266 37889,-76237 37862,-76245 37833,-76251 37817,-76266 37813,-76275 37813,-76281 37814,-76283 37818,-76282 37822,-76285 37823,-76294 37812,-76307 37795,-76310 37789,-76306 37751,-76312 37730,-76305 37720,-76313 37704,-76303 37695,-76300 37689,-76303 37685,-76312 37685,-76315 37681,-76320 37677,-76325 37656,-76340 37646,-76333 37642,-76306 37636,-76293 37632,-76288 37618,-76279 37614,-76280 37622,-76309 37610,-76362 37627,-76381 37630,-76390 37629,-76399 37652,-76443 37666,-76472 37666,-76490 37664,-76492 37647,-76498 37644,-76502 37642,-76510 37664,-76537 37669,-76538 37688,-76535 37699,-76537 37704,-76540 37728,-76560 37757,-76576 37769,-76584 37773,-76594 37772,-76596 37773,-76602 37781,-76615 37792,-76642 37796,-76651 37807,-76658 37826,-76680 37823,-76693 37823,-76702 37837,-76722 37842,-76727 37852,-76733 37865,-76738 37876,-76748 37879,-76766 37874,-76775 37870,-76785 37863,-76783 37840,-76766 37824,-76751 37799,-76734 37789,-76724 37786,-76715 37785,-76690 37781,-76684 37778,-76682 37776,-76683 37770,-76683 37766,-76683 37760,-76681 37756,-76677 37752,-76664 37751,-76640 37745,-76620 37742,-76617 37738,-76621 37731,-76620 37725,-76606 37717,-76597 37713,-76596 37709,-76598 37703,-76598 37672,-76580 37662,-76583 37647,-76574 37617,-76543 37613,-76534 37611,-76527 37613,-76435 37599,-76420 37582,-76411 37573,-76383 37574,-76358 37570,-76333 37562,-76300 37558,-76298 37551,-76303 37536,-76331 37538,-76340 37537,-76349 37527,-76355 37519,-76360 37513,-76359 37505,-76353 37495,-76329 37497,-76307 37507,-76298 37511,-76296 37513,-76298 37515,-76298 37516,-76294 37514,-76288 37508,-76281 37481,-76265 37447,-76252 37422,-76250 37404,-76247 37387,-76245 37375,-76248 37362,-76258 37361,-76262 37357,-76265 37335,-76273 37322,-76272 37310,-76276 37319,-76283 37324,-76291 37329,-76309 37338,-76312 37364,-76337 37374,-76367 37385,-76387 37390,-76391 37396,-76394 37398,-76393 37400,-76405 37402,-76415 37398,-76419 37385,-76418 37381,-76423 37380,-76438 37366,-76445 37355,-76435 37333,-76406 37308,-76388 37294,-76386 37285,-76381 37279,-76369 37278,-76353 37274,-76349 37270,-76362 37265,-76393 37264,-76417 37255,-76422 37253,-76429 37251,-76476 37255,-76483 37249,-76493 37241,-76499 37234,-76504 37225,-76494 37216,-76472 37225,-76394 37223,-76390 37214,-76394 37201,-76396 37194,-76389 37180,-76391 37164,-76398 37160,-76400 37158,-76395 37156,-76381 37161,-76375 37169,-76360 37171,-76349 37166,-76343 37164,-76345 37160,-76344 37152,-76340 37144,-76334 37142,-76330 37143,-76324 37138,-76311 37127,-76292 37117,-76287 37095,-76274 37085,-76271 37035,-76293 37009,-76300 37001,-76304 37000,-76312 37002,-76315 37009,-76315 37014,-76318 37015,-76330 37015,-76340 37015,-76341 37007,-76348 37003,-76356 36998,-76374 36993,-76383 36990,-76388 36982,-76396 36969,-76409 36963,-76412 36964,-76419 36970,-76429 36998,-76452 37005,-76452 37005,-76450 37008,-76448 37028,-76464 37030,-76469 37052,-76508 37053,-76509 37055,-76512 37055,-76518 37063,-76526 37068,-76528 37070,-76527 37078,-76526 37079,-76529 37084,-76537 37076,-76555 37078,-76564 37080,-76568 37097,-76579 37119,-76618 37127,-76625 37142,-76622 37144,-76617 37160,-76604 37167,-76607 37167,-76611 37170,-76613 37173,-76614 37174,-76614 37179,-76616 37181,-76617 37184,-76618 37186,-76618 37192,-76619 37193,-76620 37195,-76621 37199,-76623 37207,-76630 37215,-76640 37216,-76641 37221,-76650 37223,-76689 37221,-76693 37219,-76699 37214,-76731 37204,-76734 37195,-76740 37193,-76743 37190,-76750 37192,-76758 37206,-76774 37209,-76781 37208,-76792 37206,-76801 37202,-76803 37198,-76803 37189,-76797 37162,-76757 37151,-76748 37146,-76737 37145,-76730 37148,-76715 37174,-76697 37186,-76693 37196,-76692 37199,-76686 37184,-76670 37174,-76664 37171,-76664 37167,-76669 37159,-76671 37142,-76672 37141,-76670 37138,-76667 37136,-76666 37130,-76664 37110,-76657 37108,-76657 37101,-76658 37097,-76658 37094,-76659 37081,-76666 37079,-76667 37077,-76667 37076,-76668 37073,-76668 37068,-76669 37064,-76670 37055,-76668 37046,-76663 37039,-76654 37036,-76646 37036,-76612 37029,-76586 37027,-76584 37024,-76579 37023,-76578 37021,-76577 37007,-76566 37004,-76563 36999,-76551 36984,-76525 36981,-76523 36978,-76524 36973,-76521 36968,-76513 36965,-76500 36952,-76488 36929,-76484 36917,-76482 36901,-76482 36896,-76483 36883,-76470 36884,-76455 36887,-76453 36893,-76454 36903,-76447 36906,-76442 36905,-76431 36897,-76408 36898,-76407 36900,-76388 36923,-76386 36923,-76354 36925,-76346 36919,-76345 36917,-76333 36918,-76329 36939,-76331 36959,-76327 36959,-76323 36955,-76316 36966,-76299 36968,-76298 36969,-76285 36965,-76268 36945,-76235 36940,-76222 36931,-76190 36929,-76177 36923,-76140 36909,-76096 36909,-76088 36917,-76058 36928,-76043 36932,-76033 36931,-76014 36929,-76008 36922,-75996 36911,-75992 36842,-75972 36812,-75965 36761,-75950 36692,-75922 36631,-75891 36584,-75874 36551,-75867 36551,-75880 36551,-75881 36551,-75886 36551,-75887 36551,-75892 36551,-75893 36551,-75894 36551,-75903 36551,-75905 36551,-75909 36551,-75911 36551,-75922 36551,-75953 36551,-75956 36551,-75958 36551,-76027 36551,-76035 36551,-76122 36551,-76313 36550,-76491 36550,-76541 36550,-76542 36551,-76781 36551,-76807 36544,-76915 36544,-76916 36546,-77165 36545,-77250 36545,-77297 36545,-77767 36545,-77875 36545,-77882 36545,-77900 36544,-78039 36544,-78046 36544,-78133 36544,-78245 36544,-78247 36544,-78324 36543,-78436 36543,-78441 36542,-78457 36542,-78471 36541,-78530 36541,-78533 36542,-78663 36542,-78670 36542,-78734 36542,-78758 36542,-78765 36542,-78796 36542,-78915 36542,-78942 36542,-78971 36542,-78972 36542,-79125 36542,-79126 36542,-79138 36542,-79209 36542,-79219 36541,-79343 36541,-79446 36541,-79470 36541,-79511 36542,-79667 36542,-79715 36542,-79920 36542,-79967 36543,-79968 36542,-80027 36543,-80053 36543,-80170 36543,-80172 36544,-80225 36544,-80228 36550,-80432 36550,-80433 36551,-80440 36558,-80612 36561,-80688 36562,-80744 36559,-80837 36559,-80838 36562,-80902 36563,-80944 36563,-80946 36567,-81059 36567,-81062 36575,-81308 36575,-81353 36581,-81521 36587,-81607 36588,-81678 36612,-81647 36614,-81827 36616,-81923 36594,-81934 36595,-82146 36595,-82149 36595,-82151 36595,-82174 36595,-82177 36595,-82181 36595,-82188 36596,-82210 36596,-82211 36596,-82222 36596,-82223 36596,-82226 36596,-82227 36596,-82243 36596,-82294 36595,-82554 36595,-82560 36595,-82561 36594,-82609 36594,-82680 36594,-82696 36594,-82830 36594,-82985 36594,-83027 36594,-83028 36594,-83249 36594,-83250 36598,-83276 36597,-83472 36601,-83670 36601,-83675 36617,-83650 36666,-83527 36670,-83498 36665,-83461 36696,-83355 36697,-83354 36701,-83343 36737,-83200 36739,-83167 36743,-83136 36751,-83128 36761,-83126 36767,-83131 36781,-83132 36825,-83100 36855,-83073 36859,-82973 36874,-82912 36900,-82886 36912,-82874 36913,-82872 36922,-82863 36924,-82862 36933,-82858 36933,-82859 36937,-82861 36939,-82862 36945,-82861 36946,-82861 36952,-82856 36954,-82856 36954,-82858 36956,-82861 36958,-82863 36958,-82864 36958,-82865 36963,-82867 36965,-82870 36966,-82870 36974,-82869 36976,-82868 36978,-82868 36978,-82867 36978,-82866 36979,-82865 36980,-82863 36985,-82853 36984,-82851 36987,-82840 36987,-82839 36989,-82836 36992,-82834 36993,-82831 36998,-82829 37001,-82831 37006,-82818 37007,-82816 37008,-82801 37007,-82791 37007,-82790 37008,-82789 37015,-82777 37016,-82772 37045,-82722 37082,-82721 37106,-82722 37163,-82625 37196,-82565 37201,-82554 37218,-82511 37267,-82351 37297,-82311 37301,-82306 37312,-82292 37538,-81968 37512,-81928 37509,-81943 37483,-81993 37477,-81997 37461,-81992 37455,-81987 37451,-81969 37446,-81949 37438,-81936 37413,-81927 37373,-81934 37367,-81930 37359,-81927 37357,-81926 37356,-81922 37355,-81921 37349,-81911 37344,-81908 37343,-81907 37343,-81906 37343,-81904 37342,-81903 37341,-81899 37340,-81899 37332,-81896 37332,-81895 37331,-81895 37330,-81894 37330,-81893 37331,-81888 37331,-81887 37331,-81885 37331,-81881 37332,-81880 37332,-81879 37329,-81878 37325,-81873 37309,-81865 37308,-81865 37300,-81854 37295,-81853 37291,-81854 37286,-81843 37286,-81842 37283,-81811 37283,-81809 37282,-81794 37282,-81793 37275,-81775 37274,-81768 37275,-81765 37275,-81764 37275,-81763 37276,-81762 37275,-81760 37274,-81758 37272,-81758 37271,-81758 37270,-81758 37268,-81755 37267,-81753 37266,-81752 37265,-81751 37264,-81748 37248,-81744 37246,-81743 37244,-81744 37241,-81738 37238,-81733 37240,-81728 37211,-81684 37202,-81679 37207,-81561 37208,-81558 37208,-81557 37234,-81507 37248,-81505 37250,-81504 37285,-81410 37286,-81409 37320,-81388 37320,-81387 37320,-81386 37319,-81385 37319,-81384 37318,-81380 37318,-81377 37324,-81371 37328,-81368 37332,-81369 37332,-81368 37335,-81367 37336,-81366 37338,-81362 37299,-81320 37235,-81225 37243,-81205 37263,-81167 37278,-81113 37284,-81084 37291,-81035 37293,-80981 37293,-80980 37291,-80974 37292,-80967 37296,-80948 37306,-80919 37315,-80901 37347,-80849 37372,-80873 37412,-80863 37430,-80860 37428,-80858 37408,-80812 37396,-80799 37384,-80777 37372,-80770 37433,-80623 37482,-80511 37435,-80495 37423,-80476 37426,-80465 37438,-80443 37450,-80426 37499,-80321 37501,-80315 37536,-80330 37546,-80312 37582,-80289 37607,-80240 37623,-80223 37628,-80221 37638,-80239 37642,-80254 37645,-80263 37646,-80265 37646,-80267 37649,-80270 37684,-80292 37692,-80296 37696,-80287 37719,-80264 37731,-80259 37734,-80260 37738,-80263 37756,-80257 37793,-80232 37799,-80227 37875,-80162 37886,-80149 37886,-80147 37884,-80146 37893,-80130 37952,-80055 37993,-80003 38029,-79978 38064,-79960 38099,-79934 38101,-79931 38131,-79938 38136,-79934 38144,-79929 38145,-79929 38150,-79926 38150,-79925 38180,-79921 38184,-79917 38184,-79916 38202,-79892 38203,-79892 38265,-79795 38268,-79790 38269,-79789 38305,-79810 38309,-79809 38374,-79732 38440,-79691 38443,-79690 38450,-79689 38450,-79688 38475,-79699 38478,-79696 38511,-79669 38592,-79649 38573,-79598 38560,-79555 38551,-79537 38534,-79521 38457,-79477 38412,-79312 38416,-79298 38418,-79296 38420,-79292 38421,-79291 38425,-79280 38431,-79283 38438,-79267 38442,-79265 38444,-79263 38445,-79263 38464,-79242 38470,-79240 38473,-79234 38474,-79232 38479,-79226 38494,-79210 38496,-79210 38500,-79208 38566,-79175 38567,-79175 38626,-79147 38641,-79137 38642,-79136 38644,-79136 38644,-79135 38699,-79092 38700,-79093 38761,-79057 38782,-79055 38846,-79000 38850,-78994 38763,-78869
WA 47912,-122397 47912,-122419 47915,-122431 47930,-122446 47936,-122446 47947,-122441 47952,-122441 47963,-122447 47988,-122473 47991,-122488 47987,-122501 47981,-122515 47975,-122518 47973,-122521 47967,-122547 47974,-122552 47977,-122551 47986,-122543 47993,-122542 47996,-122543 48007,-122560 48010,-122582 48031,-122607 48039,-122597 48047,-122594 48056,-122595 48073,-122614 48079,-122613 48088,-122607 48111,-122598 48135,-122602 48152,-122610 48159,-122617 48163,-122633 48163,-122656 48157,-122671 48155,-122677 48155,-122680 48175,-122687 48182,-122693 48194,-122712 48200,-122735 48210,-122745 48215,-122763 48224,-122770 48228,-122770 48260,-122753 48279,-122732 48304,-122723 48315,-122707 48355,-122674 48375,-122665 48402,-122665 48405,-122645 48404,-122635 48401,-122633 48399,-122634 48398,-122637 48396,-122638 48395,-122636 48397,-122628 48407,-122617 48412,-122610 48410,-122602 48406,-122597 48397,-122595 48395,-122585 48363,-122589 48353,-122585 48348,-122566 48342,-122551 48320,-122516 48310,-122507 48300,-122505 48298,-122506 48288,-122520 48286,-122523 48282,-122531 48282,-122552 48282,-122558 48295,-122575 48298,-122584 48298,-122600 48294,-122618 48289,-122627 48283,-122621 48269,-122624 48265,-122653 48259,-122653 48241,-122669 48224,-122668 48221,-122631 48222,-122628 48208,-122606 48186,-122588 48182,-122586 48170,-122583 48156,-122575 48149,-122568 48120,-122558 48114,-122560 48105,-122572 48102,-122572 48077,-122555 48053,-122545 48050,-122539 48057,-122516 48059,-122514 48075,-122511 48081,-122517 48097,-122525 48098,-122513 48094,-122491 48069,-122462 48054,-122448 48045,-122431 48037,-122401 48034,-122387 48034,-122376 48001,-122373 47995,-122369 47981,-122354 47969,-122350 47959,-122350 47953,-122351 47937,-122359 47932,-122368 47924,-122377 47910,-122376 47906,-122377 47904,-122380 47906,-122390 47912,-122397
WA 48588,-122649 48588,-122643 48572,-122629 48561,-122611 48554,-122593 48552,-122584 48548,-122579 48529,-122573 48532,-122584 48536,-122590 48537,-122600 48529,-122620 48526,-122636 48526,-122640 48529,-122649 48531,-122652 48538,-122654 48549,-122654 48554,-122651 48583,-122652 48588,-122649
WA 48609,-122715 48597,-122695 48591,-122692 48569,-122671 48544,-122689 48540,-122717 48541,-122722 48550,-122724 48566,-122730 48569,-122736 48574,-122739 48584,-122740 48603,-122725 48609,-122715
WA 48602,-122800 48596,-122805 48585,-122801 48577,-122787 48562,-122771 48558,-122770 48552,-122772 48545,-122783 48530,-122789 48523,-122787 48518,-122777 48509,-122779 48494,-122800 48488,-122816 48484,-122818 48459,-122820 48453,-122813 48444,-122808 48433,-122803 48429,-122804 48422,-122812 48424,-122826 48418,-122874 48419,-122884 48423,-122894 48436,-122889 48437,-122903 48443,-122914 48440,-122918 48440,-122928 48453,-122916 48458,-122920 48461,-122927 48456,-122938 48451,-122962 48460,-123039 48472,-123058 48479,-123068 48493,-123119 48505,-123141 48514,-123151 48530,-123163 48536,-123164 48539,-123162 48548,-123161 48556,-123172 48562,-123176 48568,-123176 48572,-123172 48579,-123173 48587,-123185 48586,-123198 48590,-123203 48596,-123203 48607,-123196 48622,-123178 48624,-123152 48623,-123140 48620,-123136 48622,-123107 48613,-123098 48610,-123098 48604,-123102 48598,-123102 48592,-123075 48582,-123060 48569,-123048 48563,-123034 48561,-123015 48562,-122987 48570,-122986 48575,-122990 48578,-122995 48581,-123005 48580,-123017 48592,-123034 48594,-123025 48599,-123023 48612,-123041 48611,-123047 48621,-123049 48634,-123023 48643,-123016 48648,-123015 48655,-123010 48667,-122989 48673,-122985 48693,-122949 48703,-122941 48707,-122942 48714,-122918 48715,-122895 48712,-122876 48698,-122833 48683,-122803 48680,-122800 48662,-122743 48661,-122742 48650,-122755 48635,-122784 48634,-122792 48619,-122810 48615,-122809 48605,-122799 48602,-122799 48602,-122800
WA 48685,-123198 48685,-123186 48680,-123172 48668,-123148 48657,-123131 48647,-123122 48633,-123106 48633,-123120 48637,-123135 48669,-123216 48683,-123237 48689,-123237 48690,-123213 48685,-123198
WA 48737,-122696 48707,-122669 48697,-122663 48691,-122645 48671,-122618 48645,-122610 48646,-122617 48652,-122635 48681,-122674 48711,-122692 48717,-122702 48717,-122719 48723,-122722 48732,-122722 48749,-122716 48744,-122703 48737,-122696
WA 47321,-122418 47336,-122364 47341,-122337 47349,-122325 47392,-122326 47401,-122328 47408,-122335 47416,-122348 47442,-122355 47448,-122367 47451,-122383 47459,-122368 47476,-122363 47481,-122361 47488,-122365 47502,-122387 47515,-122397 47525,-122394 47550,-122398 47569,-122410 47576,-122421 47584,-122402 47596,-122387 47585,-122375 47583,-122370 47585,-122358 47591,-122343 47599,-122340 47609,-122345 47624,-122368 47632,-122386 47631,-122394 47634,-122404 47640,-122415 47659,-122430 47680,-122408 47689,-122404 47702,-122393 47709,-122380 47717,-122376 47720,-122376 47729,-122373 47749,-122383 47759,-122380 47772,-122394 47778,-122396 47780,-122397 47803,-122395 47808,-122392 47841,-122353 47842,-122347 47847,-122340 47852,-122336 47869,-122330 47875,-122330 47880,-122334 47898,-122329 47912,-122322 47924,-122312 47925,-122311 47929,-122310 47937,-122311 47949,-122307 47957,-122278 47960,-122249 47971,-122230 47976,-122226 47988,-122232 48007,-122230 48012,-122229 48017,-122225 48030,-122232 48050,-122281 48073,-122306 48086,-122322 48093,-122326 48098,-122343 48124,-122364 48126,-122365 48143,-122364 48151,-122365 48165,-122370 48174,-122363 48188,-122362 48193,-122372 48207,-122382 48218,-122386 48229,-122395 48229,-122396 48233,-122426 48236,-122431 48237,-122434 48233,-122450 48229,-122454 48227,-122454 48215,-122450 48215,-122445 48212,-122442 48209,-122442 48197,-122455 48193,-122462 48195,-122465 48194,-122470 48188,-122479 48176,-122479 48167,-122476 48131,-122442 48113,-122412 48087,-122379 48062,-122360 48056,-122358 48055,-122363 48058,-122377 48065,-122388 48069,-122391 48078,-122393 48085,-122401 48103,-122424 48114,-122450 48130,-122468 48129,-122478 48121,-122487 48121,-122490 48134,-122512 48162,-122523 48184,-122537 48210,-122539 48223,-122534 48240,-122535 48250,-122531 48257,-122504 48257,-122500 48253,-122498 48252,-122493 48252,-122481 48255,-122474 48270,-122467 48271,-122464 48252,-122407 48252,-122406 48257,-122395 48270,-122392 48288,-122372 48296,-122377 48298,-122378 48304,-122384 48326,-122409 48334,-122424 48338,-122443 48360,-122476 48362,-122482 48362,-122498 48365,-122507 48383,-122533 48397,-122539 48400,-122547 48406,-122555 48427,-122558 48439,-122551 48444,-122557 48445,-122568 48443,-122575 48429,-122582 48415,-122614 48409,-122650 48416,-122665 48425,-122674 48439,-122679 48444,-122677 48443,-122674 48442,-122674 48443,-122667 48454,-122655 48473,-122658 48478,-122665 48477,-122689 48465,-122696 48461,-122696 48458,-122701 48462,-122710 48464,-122712 48479,-122713 48498,-122702 48509,-122685 48508,-122679 48504,-122677 48504,-122671 48521,-122615 48522,-122607 48521,-122600 48512,-122598 48508,-122568 48499,-122557 48467,-122537 48466,-122533 48468,-122527 48466,-122515 48462,-122511 48461,-122501 48471,-122472 48472,-122470 48475,-122470 48480,-122474 48482,-122479 48492,-122484 48510,-122485 48522,-122484 48528,-122485 48556,-122498 48565,-122504 48567,-122525 48569,-122532 48574,-122535 48576,-122535 48578,-122512 48576,-122496 48565,-122488 48560,-122482 48559,-122478 48570,-122445 48582,-122433 48600,-122425 48623,-122449 48626,-122464 48643,-122487 48645,-122489 48652,-122494 48656,-122500 48670,-122507 48713,-122519 48721,-122516 48725,-122506 48737,-122495 48751,-122490 48758,-122511 48768,-122528 48776,-122536 48779,-122567 48771,-122597 48769,-122598 48759,-122607 48745,-122628 48736,-122637 48732,-122638 48721,-122626 48715,-122613 48701,-122606 48699,-122606 48694,-122615 48694,-122620 48697,-122630 48708,-122646 48733,-122673 48748,-122667 48754,-122661 48774,-122647 48782,-122646 48785,-122647 48785,-122657 48787,-122660 48803,-122680 48804,-122694 48803,-122697 48801,-122699 48795,-122700 48789,-122699 48786,-122703 48786,-122710 48791,-122711 48818,-122709 48832,-122712 48847,-122717 48853,-122723 48885,-122786 48893,-122793 48895,-122793 48895,-122784 48911,-122751 48916,-122748 48921,-122745 48931,-122747 48939,-122756 48942,-122766 48943,-122770 48932,-122788 48939,-122818 48941,-122822 48945,-122822 48956,-122817 48975,-122797 48991,-122774 48992,-122766 48997,-122756 49000,-122756 49002,-122758 49002,-122408 49002,-122406 49002,-122098 48997,-121751 49001,-121126 49001,-120851 49000,-119702 49000,-119701 49000,-119458 49000,-119429 49000,-119137 49000,-119132 49000,-118837 49000,-118197 49000,-117430 49000,-117268 48999,-117032 48847,-117033 48629,-117034 48621,-117034 48430,-117035 48423,-117035 48371,-117035 48184,-117040 48181,-117040 48180,-117040 48178,-117040 48177,-117039 48174,-117040 48086,-117041 48046,-117042 47977,-117042 47767,-117042 47765,-117043 47761,-117043 47745,-117042 47744,-117042 47723,-117042 47706,-117042 47683,-117042 47680,-117041 47678,-117041 47559,-117041 47558,-117041 47533,-117041 47528,-117041 47522,-117041 47478,-117040 47463,-117040 47435,-117040 47412,-117040 47399,-117040 47366,-117040 47347,-117040 47259,-117040 47226,-117040 47203,-117040 47182,-117040 47155,-117040 47127,-117040 46826,-117040 46815,-117040 46542,-117040 46472,-117040 46470,-117040 46463,-117040 46425,-117040 46380,-117047 46368,-117061 46343,-117047 46298,-116988 46295,-116985 46242,-116959 46159,-116926 46062,-116944 45995,-116916 45998,-117213 45998,-117215 45998,-117217 45998,-117475 45998,-117480 45998,-117505 45999,-117603 46001,-117978 46001,-117997 46000,-118126 46000,-118131 46000,-118229 46000,-118237 46000,-118253 46000,-118256 46000,-118315 46001,-118368 46001,-118378 46001,-118471 46001,-118497 46001,-118537 46001,-118569 46001,-118576 46001,-118580 46001,-118638 46001,-118639 46001,-118659 46001,-118678 46000,-118987 45979,-119009 45969,-119027 45943,-119093 45933,-119126 45928,-119169 45928,-119196 45933,-119226 45940,-119257 45933,-119323 45921,-119376 45914,-119432 45906,-119488 45909,-119525 45925,-119572 45920,-119601 45906,-119623 45857,-119670 45846,-119773 45848,-119803 45836,-119868 45812,-120000 45812,-120001 45773,-120141 45762,-120170 45726,-120211 45699,-120404 45694,-120482 45700,-120506 45710,-120522 45738,-120559 45747,-120591 45746,-120635 45737,-120654 45730,-120669 45716,-120689 45686,-120789 45672,-120856 45661,-120870 45641,-120916 45656,-120944 45653,-121064 45647,-121087 45630,-121195 45650,-121200 45671,-121216 45700,-121312 45705,-121338 45703,-121373 45693,-121402 45694,-121424 45697,-121441 45701,-121463 45725,-121522 45727,-121533 45706,-121626 45695,-121707 45694,-121735 45707,-121811 45705,-121820 45693,-121867 45671,-121902 45662,-121901 45654,-121908 45648,-121922 45623,-121983 45584,-122102 45581,-122112 45583,-122126 45583,-122129 45583,-122130 45585,-122141 45578,-122184 45564,-122202 45548,-122249 45544,-122267 45544,-122295 45548,-122332 45569,-122353 45576,-122380 45583,-122492 45610,-122644 45618,-122675 45644,-122738 45657,-122764 45680,-122775 45700,-122773 45729,-122762 45734,-122760 45759,-122761 45781,-122770 45810,-122796 45825,-122796 45851,-122786 45868,-122785 45961,-122814 46060,-122884 46084,-122904 46185,-123116 46189,-123166 46173,-123213 46145,-123280 46146,-123364 46146,-123371 46182,-123431 46229,-123428 46250,-123448 46265,-123469 46268,-123475 46270,-123484 46259,-123548 46266,-123548 46265,-123560 46262,-123564 46261,-123582 46260,-123614 46267,-123670 46273,-123679 46278,-123680 46286,-123678 46291,-123679 46296,-123681 46299,-123688 46305,-123701 46301,-123724 46295,-123724 46290,-123728 46289,-123729 46290,-123741 46275,-123760 46273,-123767 46275,-123775 46280,-123783 46285,-123796 46284,-123806 46240,-123876 46245,-123909 46251,-123920 46277,-123954 46291,-123969 46294,-123971 46299,-123970 46303,-123975 46309,-123985 46313,-124001 46316,-124021 46308,-124030 46297,-124036 46284,-124039 46276,-124044 46279,-124061 46267,-124081 46269,-124082 46275,-124082 46296,-124076 46306,-124071 46327,-124065 46387,-124058 46409,-124057 46493,-124057 46556,-124062 46601,-124068 46631,-124070 46635,-124069 46643,-124063 46646,-124056 46646,-124048 46631,-124036 46623,-124053 46617,-124051 46591,-124029 46583,-124024 46564,-124023 46532,-124026 46496,-124032 46463,-124026 46460,-124001 46463,-123991 46466,-123991 46469,-123994 46489,-123993 46497,-123988 46499,-123984 46497,-123979 46490,-123979 46475,-123971 46473,-123968 46477,-123944 46508,-123921 46523,-123897 46528,-123897 46537,-123894 46552,-123903 46563,-123917 46567,-123920 46577,-123922 46589,-123929 46596,-123939 46604,-123956 46614,-123959 46636,-123961 46641,-123941 46650,-123922 46654,-123921 46673,-123923 46679,-123916 46684,-123896 46699,-123865 46703,-123851 46717,-123846 46720,-123849 46728,-123862 46728,-123871 46731,-123877 46750,-123893 46750,-123899 46747,-123911 46741,-123916 46737,-123916 46731,-123913 46727,-123917 46725,-123929 46725,-123949 46736,-123969 46733,-123975 46725,-123980 46714,-123975 46705,-123967 46703,-123974 46708,-123988 46708,-123994 46702,-124003 46709,-124022 46720,-124042 46723,-124042 46726,-124046 46734,-124063 46735,-124081 46742,-124092 46746,-124097 46757,-124095 46784,-124097 46794,-124098 46811,-124101 46836,-124108 46880,-124123 46906,-124138 46912,-124118 46913,-124111 46901,-124093 46895,-124090 46868,-124089 46861,-124073 46864,-124066 46865,-124061 46870,-124055 46891,-124049 46894,-124046 46898,-124036 46904,-124014 46910,-124010 46922,-123985 46923,-123979 46921,-123957 46933,-123915 46940,-123883 46949,-123860 46961,-123876 46969,-123889 46972,-123898 46972,-123922 46970,-123939 46972,-123948 46982,-123959 46980,-123992 46985,-124012 46991,-124020 46998,-124010 47004,-124005 47012,-124017 47015,-124017 47030,-124026 47041,-124066 47043,-124106 47042,-124122 47035,-124142 47029,-124149 47021,-124151 46988,-124140 46971,-124138 46944,-124124 46940,-124141 46929,-124159 46926,-124180 46942,-124175 46958,-124171 46995,-124169 47066,-124174 47093,-124177 47125,-124184 47134,-124183 47136,-124186 47147,-124190 47174,-124196 47218,-124209 47287,-124236 47295,-124242 47302,-124254 47304,-124257 47305,-124271 47325,-124286 47339,-124293 47348,-124300 47352,-124308 47356,-124319 47368,-124324 47389,-124327 47416,-124337 47489,-124345 47534,-124354 47546,-124356 47548,-124359 47582,-124366 47600,-124372 47604,-124375 47632,-124382 47666,-124396 47691,-124412 47725,-124420 47738,-124425 47746,-124431 47765,-124454 47767,-124472 47770,-124477 47797,-124482 47817,-124490 47823,-124498 47824,-124507 47823,-124513 47837,-124540 47856,-124558 47863,-124559 47866,-124562 47878,-124588 47880,-124610 47881,-124611 47888,-124626 47892,-124630 47897,-124630 47935,-124645 47943,-124652 47951,-124662 47964,-124672 47982,-124671 48016,-124679 48036,-124682 48049,-124685 48055,-124688 48059,-124694 48069,-124697 48087,-124695 48092,-124689 48099,-124687 48115,-124695 48153,-124722 48160,-124732 48163,-124733 48170,-124732 48184,-124704 48199,-124696 48213,-124691 48220,-124690 48239,-124705 48240,-124706 48246,-124700 48255,-124685 48265,-124681 48295,-124676 48296,-124669 48299,-124666 48310,-124662 48331,-124659 48341,-124670 48350,-124697 48366,-124714 48371,-124727 48376,-124731 48381,-124732 48386,-124726 48390,-124717 48389,-124695 48391,-124653 48386,-124639 48377,-124631 48378,-124612 48381,-124599 48382,-124597 48374,-124591 48366,-124573 48368,-124565 48354,-124546 48350,-124539 48349,-124525 48343,-124511 48301,-124414 48289,-124396 48285,-124381 48288,-124361 48278,-124342 48268,-124299 48263,-124296 48262,-124297 48261,-124298 48259,-124296 48254,-124272 48255,-124266 48259,-124255 48261,-124252 48265,-124251 48262,-124239 48253,-124218 48246,-124193 48227,-124141 48221,-124111 48217,-124102 48200,-124107 48196,-124091 48190,-124072 48178,-124051 48165,-123981 48165,-123955 48161,-123935 48159,-123916 48161,-123880 48155,-123867 48154,-123859 48158,-123832 48155,-123778 48161,-123756 48163,-123729 48161,-123728 48159,-123725 48159,-123718 48163,-123706 48166,-123706 48167,-123703 48163,-123672 48157,-123651 48150,-123637 48146,-123641 48139,-123629 48135,-123591 48141,-123574 48151,-123561 48151,-123551 48146,-123535 48136,-123522 48132,-123507 48134,-123473 48140,-123455 48142,-123440 48141,-123439 48124,-123442 48118,-123425 48114,-123395 48116,-123361 48113,-123333 48114,-123315 48121,-123288 48117,-123280 48116,-123269 48116,-123249 48118,-123239 48127,-123217 48144,-123192 48166,-123164 48176,-123145 48177,-123133 48175,-123132 48166,-123139 48157,-123143 48153,-123131 48153,-123125 48150,-123116 48127,-123085 48120,-123066 48103,-123050 48081,-123039 48085,-123017 48091,-123004 48096,-122979 48099,-122946 48096,-122929 48092,-122918 48088,-122921 48074,-122927 48067,-122928 48065,-122927 48058,-122919 48047,-122878 48054,-122849 48066,-122858 48076,-122878 48101,-122882 48111,-122876 48134,-122833 48143,-122784 48143,-122760 48117,-122749 48107,-122773 48106,-122778 48097,-122793 48092,-122798 48088,-122801 48053,-122771 48048,-122770 48044,-122767 48049,-122742 48054,-122740 48069,-122739 48071,-122741 48071,-122747 48072,-122748 48091,-122733 48098,-122719 48103,-122698 48102,-122687 48097,-122692 48087,-122692 48043,-122682 48036,-122677 48032,-122669 48017,-122670 48008,-122687 48008,-122690 48015,-122697 48016,-122702 48008,-122723 47988,-122718 47973,-122701 47972,-122683 47968,-122679 47959,-122676 47944,-122685 47940,-122684 47936,-122682 47931,-122662 47931,-122658 47921,-122651 47916,-122654 47905,-122655 47895,-122646 47890,-122637 47890,-122619 47887,-122610 47875,-122632 47868,-122634 47866,-122636 47864,-122650 47867,-122666 47868,-122694 47860,-122691 47850,-122682 47839,-122684 47831,-122689 47813,-122720 47810,-122732 47801,-122748 47774,-122751 47758,-122758 47746,-122758 47741,-122749 47736,-122740 47738,-122733 47749,-122723 47761,-122720 47768,-122715 47778,-122691 47799,-122684 47801,-122682 47825,-122648 47836,-122623 47851,-122615 47857,-122608 47858,-122574 47874,-122573 47902,-122586 47913,-122588 47920,-122596 47925,-122617 47932,-122620 47939,-122617 47941,-122612 47940,-122604 47932,-122602 47923,-122592 47920,-122582 47919,-122549 47906,-122528 47881,-122514 47864,-122513 47832,-122506 47826,-122502 47816,-122483 47809,-122482 47804,-122485 47797,-122495 47787,-122495 47766,-122471 47757,-122470 47750,-122472 47746,-122477 47744,-122488 47743,-122508 47744,-122515 47746,-122519 47747,-122537 47746,-122554 47711,-122543 47705,-122531 47705,-122526 47708,-122524 47709,-122511 47699,-122505 47686,-122504 47671,-122509 47651,-122518 47639,-122502 47635,-122493 47630,-122493 47624,-122495 47618,-122500 47598,-122498 47589,-122494 47587,-122484 47584,-122479 47575,-122504 47574,-122518 47568,-122530 47566,-122535 47556,-122543 47538,-122542 47528,-122547 47524,-122547 47522,-122533 47524,-122523 47515,-122501 47510,-122495 47513,-122485 47510,-122468 47503,-122452 47495,-122461 47487,-122460 47466,-122433 47458,-122440 47418,-122440 47407,-122438 47402,-122427 47399,-122395 47389,-122374 47385,-122378 47381,-122402 47366,-122438 47355,-122448 47343,-122454 47343,-122457 47345,-122470 47335,-122491 47332,-122491 47330,-122493 47331,-122505 47333,-122519 47338,-122524 47346,-122528 47359,-122526 47359,-122538 47360,-122552 47348,-122556 47327,-122571 47326,-122576 47318,-122574 47316,-122571 47316,-122548 47318,-122547 47319,-122540 47317,-122533 47277,-122472 47267,-122444 47268,-122438 47270,-122430 47282,-122418 47289,-122409 47294,-122414 47298,-122424 47296,-122432 47300,-122445 47306,-122443 47319,-122424 47321,-122418
WV 39032,-78572 39026,-78566 39020,-78554 39013,-78558 38965,-78602 38910,-78711 38911,-78714 38916,-78717 38922,-78720 38923,-78720 38903,-78757 38892,-78779 38885,-78788 38856,-78808 38811,-78835 38763,-78869 38850,-78994 38846,-79000 38782,-79055 38761,-79057 38700,-79093 38699,-79092 38644,-79135 38644,-79136 38642,-79136 38641,-79137 38626,-79147 38567,-79175 38566,-79175 38500,-79208 38496,-79210 38494,-79210 38479,-79226 38474,-79232 38473,-79234 38470,-79240 38464,-79242 38445,-79263 38444,-79263 38442,-79265 38438,-79267 38431,-79283 38425,-79280 38421,-79291 38420,-79292 38418,-79296 38416,-79298 38412,-79312 38457,-79477 38534,-79521 38551,-79537 38560,-79555 38573,-79598 38592,-79649 38511,-79669 38478,-79696 38475,-79699 38450,-79688 38450,-79689 38443,-79690 38440,-79691 38374,-79732 38309,-79809 38305,-79810 38269,-79789 38268,-79790 38265,-79795 38203,-79892 38202,-79892 38184,-79916 38184,-79917 38180,-79921 38150,-79925 38150,-79926 38145,-79929 38144,-79929 38136,-79934 38131,-79938 38101,-79931 38099,-79934 38064,-79960 38029,-79978 37993,-80003 37952,-80055 37893,-80130 37884,-80146 37886,-80147 37886,-80149 37875,-80162 37799,-80227 37793,-80232 37756,-80257 37738,-80263 37734,-80260 37731,-80259 37719,-80264 37696,-80287 37692,-80296 37684,-80292 37649,-80270 37646,-80267 37646,-80265 37645,-80263 37642,-80254 37638,-80239 37628,-80221 37623,-80223 37607,-80240 37582,-80289 37546,-80312 37536,-80330 37501,-80315 37499,-80321 37450,-80426 37438,-80443 37426,-80465 37423,-80476 37435,-80495 37482,-80511 37433,-80623 37372,-80770 37384,-80777 37396,-80799 37408,-80812 37428,-80858 37430,-80860 37412,-80863 37372,-80873 37347,-80849 37315,-80901 37306,-80919 37296,-80948 37292,-80967 37291,-80974 37293,-80980 37293,-80981 37291,-81035 37284,-81084 37278,-81113 37263,-81167 37243,-81205 37235,-81225 37299,-81320 37338,-81362 37336,-81366 37335,-81367 37332,-81368 37332,-81369 37328,-81368 37324,-81371 37318,-81377 37318,-81380 37319,-81384 37319,-81385 37320,-81386 37320,-81387 37320,-81388 37286,-81409 37285,-81410 37250,-81504 37248,-81505 37234,-81507 37208,-81557 37208,-81558 37207,-81561 37202,-81679 37211,-81684 37240,-81728 37238,-81733 37241,-81738 37244,-81744 37246,-81743 37248,-81744 37264,-81748 37265,-81751 37266,-81752 37267,-81753 37268,-81755 37270,-81758 37271,-81758 37272,-81758 37274,-81758 37275,-81760 37276,-81762 37275,-81763 37275,-81764 37275,-81765 37274,-81768 37275,-81775 37282,-81793 37282,-81794 37283,-81809 37283,-81811 37286,-81842 37286,-81843 37291,-81854 37295,-81853 37300,-81854 37308,-81865 37309,-81865 37325,-81873 37329,-81878 37332,-81879 37332,-81880 37331,-81881 37331,-81885 37331,-81887 37331,-81888 37330,-81893 37330,-81894 37331,-81895 37332,-81895 37332,-81896 37340,-81899 37341,-81899 37342,-81903 37343,-81904 37343,-81906 37343,-81907 37344,-81908 37349,-81911 37355,-81921 37356,-81922 37357,-81926 37359,-81927 37367,-81930 37373,-81934 37413,-81927 37438,-81936 37446,-81949 37451,-81969 37455,-81987 37461,-81992 37477,-81997 37483,-81993 37509,-81943 37512,-81928 37538,-81968 37543,-81998 37543,-82000 37533,-82008 37531,-82049 37560,-82117 37574,-82126 37579,-82126 37595,-82142 37643,-82220 37658,-82250 37687,-82297 37708,-82307 37736,-82326 37741,-82326 37759,-82319 37776,-82330 37852,-82400 37871,-82418 37910,-82475 37937,-82500 37945,-82497 37946,-82497 37977,-82465 37982,-82464 37985,-82465 37998,-82488 38001,-82510 38009,-82520 38039,-82539 38061,-82547 38117,-82600 38118,-82603 38123,-82621 38138,-82636 38165,-82645 38247,-82604 38245,-82595 38246,-82584 38255,-82578 38264,-82575 38316,-82572 38375,-82593 38383,-82595 38413,-82597 38418,-82596 38422,-82594 38404,-82561 38408,-82520 38410,-82507 38441,-82341 38444,-82330 38449,-82324 38455,-82320 38468,-82314 38540,-82296 38560,-82293 38573,-82294 38579,-82291 38583,-82287 38594,-82274 38598,-82262 38598,-82246 38592,-82219 38593,-82194 38599,-82182 38604,-82177 38608,-82175 38619,-82172 38626,-82172 38709,-82182 38734,-82188 38758,-82199 38774,-82220 38787,-82222 38797,-82216 38815,-82191 38817,-82184 38866,-82139 38958,-82099 38971,-82093 38994,-82052 39004,-82046 39018,-82042 39025,-82036 39030,-82018 39028,-82002 38989,-81936 38968,-81920 38938,-81901 38930,-81898 38924,-81901 38901,-81927 38895,-81928 38892,-81927 38878,-81909 38881,-81875 38926,-81760 38934,-81756 39015,-81764 39026,-81773 39040,-81793 39048,-81803 39060,-81812 39073,-81814 39082,-81812 39095,-81747 39181,-81750 39186,-81750 39191,-81740 39212,-81722 39243,-81696 39276,-81606 39353,-81542 39404,-81468 39409,-81456 39410,-81447 39408,-81436 39395,-81413 39388,-81407 39352,-81394 39343,-81385 39342,-81376 39342,-81371 39343,-81357 39346,-81348 39375,-81295 39386,-81271 39390,-81249 39386,-81224 39389,-81216 39465,-81128 39520,-81064 39540,-81039 39555,-81020 39607,-80944 39617,-80892 39621,-80880 39706,-80832 39712,-80830 39721,-80829 39849,-80812 39897,-80806 39906,-80810 39913,-80809 39917,-80806 39958,-80759 39969,-80743 39971,-80740 40033,-80732 40037,-80732 40049,-80731 40059,-80733 40089,-80727 40153,-80705 40157,-80703 40188,-80685 40245,-80652 40251,-80645 40255,-80637 40280,-80617 40307,-80603 40318,-80600 40360,-80609 40382,-80619 40396,-80617 40435,-80612 40483,-80599 40491,-80610 40574,-80667 40582,-80668 40588,-80666 40616,-80634 40620,-80627 40625,-80601 40624,-80594 40620,-80589 40624,-80561 40639,-80519 40616,-80519 40590,-80519 40518,-80519 40477,-80519 40400,-80518 40399,-80518 40173,-80519 40160,-80519 40078,-80519 40077,-80519 40016,-80519 39963,-80519 39962,-80519 39959,-80519 39957,-80519 39939,-80519 39937,-80519 39721,-80519 39721,-80421 39721,-80309 39721,-79916 39721,-79853 39721,-79764 39721,-79611 39721,-79608 39721,-79477 39532,-79479 39525,-79482 39521,-79483 39280,-79488 39278,-79487 39265,-79486 39206,-79487 39250,-79403 39272,-79379 39340,-79280 39356,-79257 39368,-79213 39380,-79202 39471,-79084 39475,-79067 39479,-79042 39466,-79026 39442,-78969 39523,-78875 39590,-78825 39627,-78787 39610,-78760 39600,-78769 39594,-78772 39587,-78767 39582,-78760 39546,-78689 39541,-78676 39535,-78657 39535,-78656 39519,-78566 39517,-78469 39539,-78437 39561,-78432 39571,-78450 39574,-78454 39581,-78458 39587,-78457 39623,-78430 39641,-78355 39636,-78334 39631,-78313 39620,-78283 39620,-78271 39663,-78224 39690,-78191 39695,-78183 39696,-78177 39690,-78143 39682,-78108 39667,-78075 39636,-78036 39620,-78023 39603,-78010 39585,-77946 39588,-77903 39568,-77885 39560,-77886 39556,-77889 39516,-77865 39498,-77845 39494,-77825 39490,-77808 39429,-77765 39386,-77739 39344,-77760 39339,-77761 39334,-77756 39322,-77727 39321,-77719 39289,-77750 39280,-77753 39278,-77753 39277,-77753 39275,-77755 39275,-77756 39269,-77758 39268,-77759 39264,-77761 39263,-77762 39258,-77768 39256,-77769 39249,-77767 39237,-77771 39140,-77822 39132,-77828 39264,-78033 39265,-78033 39391,-78229 39466,-78347 39358,-78362 39353,-78340 39319,-78359 39318,-78360 39244,-78400 39212,-78424 39209,-78428 39207,-78430 39206,-78431 39205,-78432 39200,-78437 39198,-78439 39189,-78427 39172,-78411 39157,-78418 39132,-78439 39113,-78460 39089,-78508 39057,-78544 39032,-78572
WI 47017,-90457 47024,-90455 47032,-90456 47036,-90456 47044,-90457 47051,-90456 47053,-90455 47065,-90450 47066,-90449 47066,-90448 47071,-90442 47073,-90439 47073,-90437 47074,-90435 47075,-90428 47076,-90427 47076,-90425 47078,-90417 47077,-90400 47077,-90399 47077,-90395 47076,-90394 47075,-90394 47069,-90393 47068,-90393 47067,-90393 47066,-90393 47065,-90394 47061,-90394 47057,-90396 47056,-90396 47047,-90400 47046,-90400 47027,-90403 47025,-90403 47025,-90404 47023,-90405 47018,-90409 47015,-90412 47014,-90413 47013,-90413 47008,-90425 47007,-90427 47006,-90428 47006,-90429 47006,-90430 46999,-90449 46998,-90454 46997,-90457 46995,-90464 47003,-90465 47012,-90458 47013,-90457 47014,-90457 47017,-90457
WI 46861,-90637 46862,-90636 46864,-90634 46873,-90622 46874,-90616 46873,-90603 46872,-90602 46864,-90594 46859,-90588 46858,-90587 46850,-90570 46849,-90570 46847,-90569 46846,-90571 46842,-90578 46840,-90582 46840,-90584 46840,-90585 46839,-90590 46839,-90601 46839,-90603 46838,-90610 46838,-90614 46834,-90625 46824,-90658 46820,-90674 46819,-90676 46813,-90683 46805,-90686 46800,-90670 46799,-90670 46799,-90665 46799,-90655 46798,-90653 46795,-90652 46794,-90653 46793,-90653 46792,-90654 46791,-90655 46791,-90656 46790,-90656 46789,-90657 46788,-90659 46788,-90661 46788,-90662 46788,-90663 46785,-90679 46784,-90688 46783,-90689 46783,-90691 46783,-90693 46782,-90696 46782,-90697 46784,-90707 46785,-90716 46782,-90724 46772,-90735 46769,-90739 46768,-90739 46758,-90758 46756,-90763 46755,-90764 46755,-90765 46754,-90767 46753,-90771 46753,-90774 46753,-90788 46753,-90789 46754,-90788 46757,-90788 46765,-90785 46773,-90783 46779,-90789 46780,-90789 46781,-90791 46782,-90791 46784,-90791 46785,-90792 46786,-90790 46789,-90782 46796,-90759 46798,-90746 46799,-90741 46800,-90737 46800,-90733 46803,-90730 46804,-90729 46806,-90728 46809,-90728 46810,-90728 46816,-90721 46821,-90712 46824,-90705 46827,-90694 46831,-90683 46834,-90675 46835,-90673 46843,-90657 46844,-90656 46845,-90654 46847,-90652 46848,-90651 46851,-90647 46854,-90643 46860,-90638 46861,-90637
WI 46918,-90580 46916,-90593 46909,-90624 46909,-90625 46909,-90626 46907,-90637 46908,-90644 46919,-90655 46925,-90652 46926,-90651 46931,-90646 46932,-90645 46933,-90644 46934,-90643 46943,-90635 46943,-90634 46952,-90602 46952,-90601 46959,-90572 46968,-90531 46968,-90529 46968,-90528 46968,-90525 46968,-90523 46967,-90522 46963,-90515 46962,-90513 46962,-90512 46961,-90512 46959,-90510 46958,-90509 46957,-90508 46953,-90511 46936,-90524 46932,-90533 46931,-90535 46928,-90540 46923,-90544 46918,-90544 46917,-90545 46917,-90546 46915,-90549 46916,-90550 46917,-90553 46919,-90557 46920,-90569 46918,-90580
WI 45408,-86946 45415,-86943 45417,-86941 45421,-86937 45421,-86936 45421,-86935 45421,-86934 45418,-86931 45414,-86929 45412,-86928 45411,-86928 45408,-86918 45408,-86914 45408,-86910 45409,-86903 45409,-86898 45409,-86893 45412,-86883 45413,-86881 45414,-86878 45412,-86865 45412,-86862 45412,-86861 45411,-86860 45408,-86856 45406,-86853 45411,-86830 45414,-86830 45416,-86829 45421,-86830 45422,-86830 45426,-86831 45428,-86829 45429,-86829 45428,-86828 45428,-86822 45427,-86817 45426,-86816 45423,-86810 45422,-86810 45413,-86806 45412,-86806 45410,-86806 45407,-86805 45406,-86808 45406,-86809 45407,-86815 45408,-86816 45408,-86817 45408,-86818 45408,-86820 45407,-86822 45406,-86824 45406,-86825 45393,-86837 45390,-86841 45371,-86853 45368,-86857 45368,-86858 45365,-86863 45365,-86864 45364,-86864 45363,-86864 45353,-86868 45345,-86866 45344,-86866 45341,-86866 45341,-86865 45341,-86866 45340,-86866 45333,-86869 45333,-86870 45332,-86872 45331,-86875 45331,-86879 45331,-86881 45332,-86888 45329,-86895 45323,-86899 45307,-86897 45299,-86897 45298,-86897 45295,-86900 45295,-86901 45296,-86902 45297,-86904 45297,-86905 45312,-86914 45324,-86926 45333,-86937 45334,-86941 45335,-86947 45335,-86948 45338,-86952 45341,-86955 45342,-86955 45342,-86956 45344,-86956 45351,-86956 45352,-86956 45354,-86954 45355,-86953 45356,-86948 45359,-86946 45360,-86946 45360,-86947 45362,-86947 45364,-86947 45366,-86948 45367,-86948 45369,-86949 45383,-86955 45384,-86955 45386,-86954 45387,-86954 45392,-86952 45394,-86951 45404,-86947 45405,-86947 45408,-86946
WI 44966,-87763 44965,-87766 44965,-87767 44962,-87781 44960,-87789 44960,-87790 44959,-87791 44959,-87792 44954,-87813 44954,-87814 44953,-87815 44953,-87816 44952,-87817 44952,-87818 44951,-87819 44951,-87820 44950,-87820 44950,-87821 44949,-87821 44949,-87822 44948,-87822 44933,-87838 44932,-87839 44924,-87843 44919,-87844 44913,-87843 44912,-87843 44911,-87842 44907,-87840 44906,-87840 44903,-87837 44902,-87837 44901,-87836 44899,-87834 44898,-87834 44897,-87832 44891,-87828 44881,-87833 44878,-87835 44876,-87837 44874,-87838 44871,-87848 44870,-87848 44869,-87849 44865,-87853 44860,-87854 44858,-87855 44857,-87855 44856,-87856 44854,-87857 44841,-87866 44840,-87866 44840,-87872 44839,-87878 44835,-87886 44832,-87893 44830,-87896 44829,-87898 44828,-87900 44827,-87901 44826,-87902 44825,-87902 44822,-87903 44820,-87904 44819,-87904 44817,-87905 44815,-87907 44806,-87911 44793,-87919 44784,-87924 44780,-87926 44779,-87927 44756,-87941 44753,-87952 44749,-87957 44744,-87965 44734,-87973 44721,-87983 44720,-87983 44718,-87984 44717,-87984 44716,-87984 44715,-87984 44706,-87986 44700,-87987 44699,-87987 44692,-87989 44689,-87989 44688,-87989 44687,-87990 44678,-87990 44670,-87990 44668,-87990 44665,-87999 44665,-88000 44664,-88002 44663,-88002 44662,-88003 44660,-88003 44646,-88007 44637,-88010 44632,-88010 44631,-88009 44630,-88009 44629,-88009 44627,-88007 44626,-88007 44625,-88007 44624,-88006 44614,-88001 44610,-87999 44609,-87999 44604,-88002 44602,-88012 44596,-88015 44595,-88015 44592,-88016 44588,-88019 44584,-88023 44579,-88027 44579,-88028 44577,-88035 44577,-88036 44574,-88039 44573,-88041 44572,-88041 44571,-88041 44571,-88042 44570,-88042 44567,-88042 44563,-88037 44550,-88021 44548,-88017 44539,-88006 44538,-88000 44538,-87999 44537,-87999 44535,-87991 44535,-87990 44534,-87986 44533,-87983 44532,-87978 44530,-87971 44530,-87944 44531,-87940 44533,-87936 44536,-87929 44541,-87924 44548,-87917 44550,-87916 44569,-87901 44570,-87901 44573,-87899 44574,-87899 44575,-87899 44576,-87900 44577,-87901 44578,-87901 44581,-87904 44583,-87902 44585,-87901 44587,-87896 44588,-87894 44589,-87892 44590,-87891 44592,-87887 44608,-87868 44608,-87867 44619,-87842 44621,-87837 44621,-87836 44624,-87831 44625,-87829 44628,-87823 44630,-87820 44636,-87809 44636,-87808 44638,-87788 44639,-87775 44642,-87766 44644,-87763 44645,-87762 44649,-87756 44656,-87751 44664,-87749 44667,-87748 44677,-87736 44679,-87734 44682,-87730 44693,-87720 44708,-87718 44714,-87720 44715,-87721 44719,-87722 44722,-87721 44724,-87721 44725,-87721 44725,-87720 44730,-87714 44738,-87706 44740,-87705 44741,-87704 44744,-87701 44747,-87699 44747,-87698 44759,-87688 44760,-87687 44767,-87680 44768,-87678 44769,-87678 44784,-87662 44797,-87648 44799,-87646 44800,-87645 44801,-87645 44802,-87645 44814,-87637 44815,-87635 44816,-87634 44817,-87633 44818,-87633 44827,-87622 44833,-87616 44837,-87612 44837,-87611 44838,-87610 44839,-87610 44852,-87582 44852,-87581 44853,-87573 44853,-87571 44852,-87560 44851,-87550 44856,-87535 44857,-87531 44858,-87531 44870,-87515 44869,-87515 44869,-87514 44869,-87513 44868,-87512 44866,-87505 44865,-87504 44865,-87502 44864,-87502 44864,-87499 44864,-87478 44868,-87473 44879,-87457 44890,-87441 44893,-87437 44893,-87433 44891,-87428 44888,-87421 44888,-87420 44885,-87419 44876,-87420 44875,-87419 44863,-87411 44862,-87410 44861,-87409 44860,-87406 44866,-87385 44869,-87385 44881,-87384 44882,-87384 44884,-87384 44885,-87384 44890,-87385 44891,-87386 44895,-87391 44896,-87391 44897,-87392 44898,-87393 44900,-87397 44902,-87400 44902,-87402 44904,-87406 44910,-87405 44912,-87405 44925,-87398 44934,-87394 44934,-87393 44935,-87393 44938,-87389 44939,-87387 44942,-87385 44943,-87385 44946,-87382 44957,-87375 44960,-87373 44961,-87373 44963,-87372 44967,-87370 44981,-87363 44988,-87360 44997,-87351 45004,-87345 45013,-87337 45014,-87336 45034,-87322 45040,-87316 45048,-87307 45052,-87303 45053,-87302 45054,-87301 45054,-87300 45064,-87284 45077,-87269 45078,-87269 45081,-87265 45092,-87261 45093,-87261 45106,-87261 45122,-87257 45126,-87254 45131,-87250 45138,-87241 45138,-87240 45147,-87242 45149,-87243 45166,-87238 45167,-87238 45172,-87232 45173,-87231 45175,-87224 45175,-87222 45174,-87221 45166,-87214 45166,-87213 45165,-87208 45164,-87200 45163,-87196 45163,-87195 45173,-87175 45175,-87174 45178,-87171 45179,-87170 45180,-87170 45182,-87168 45184,-87167 45185,-87163 45191,-87148 45191,-87143 45193,-87133 45192,-87130 45191,-87129 45190,-87125 45190,-87124 45191,-87120 45192,-87120 45193,-87120 45194,-87120 45195,-87120 45196,-87120 45202,-87120 45203,-87120 45205,-87119 45206,-87119 45206,-87120 45210,-87122 45215,-87122 45216,-87122 45217,-87122 45218,-87122 45222,-87123 45223,-87123 45226,-87122 45227,-87121 45239,-87117 45241,-87116 45242,-87116 45255,-87110 45256,-87109 45257,-87109 45257,-87108 45259,-87102 45266,-87078 45280,-87071 45281,-87071 45293,-87058 45288,-87053 45287,-87053 45286,-87052 45286,-87051 45285,-87049 45285,-87044 45285,-87043 45286,-87041 45288,-87034 45297,-87021 45299,-87017 45299,-87016 45298,-86994 45298,-86993 45296,-86984 45295,-86984 45295,-86983 45293,-86980 45291,-86978 45278,-86970 45275,-86973 45274,-86973 45272,-86974 45272,-86975 45270,-86977 45265,-86984 45264,-86984 45263,-86984 45259,-86985 45255,-86984 45251,-86983 45249,-86983 45249,-86982 45246,-86977 45246,-86973 45245,-86973 45244,-86974 45243,-86974 45228,-86979 45227,-86979 45224,-86981 45222,-86982 45221,-86983 45219,-86984 45216,-86986 45215,-86988 45213,-86996 45213,-86997 45212,-87000 45212,-87003 45214,-87005 45222,-87008 45222,-87033 45220,-87035 45212,-87041 45211,-87041 45210,-87041 45174,-87046 45169,-87046 45168,-87046 45164,-87045 45159,-87045 45158,-87045 45158,-87044 45155,-87041 45153,-87038 45152,-87037 45150,-87034 45147,-87030 45147,-87029 45146,-87029 45145,-87030 45144,-87031 45143,-87032 45142,-87032 45142,-87033 45142,-87034 45141,-87035 45140,-87035 45140,-87036 45138,-87040 45137,-87042 45135,-87046 45120,-87054 45116,-87051 45115,-87051 45110,-87049 45109,-87049 45108,-87049 45094,-87048 45093,-87048 45089,-87048 45089,-87051 45087,-87057 45086,-87058 45081,-87062 45079,-87063 45078,-87065 45071,-87080 45067,-87080 45065,-87081 45059,-87082 45057,-87086 45055,-87091 45055,-87092 45056,-87096 45056,-87097 45058,-87121 45053,-87125 45051,-87125 45050,-87125 45049,-87125 45044,-87125 45043,-87125 45042,-87125 45027,-87132 45023,-87134 45015,-87138 45013,-87139 45012,-87141 45009,-87154 45005,-87163 45005,-87164 45000,-87167 44999,-87168 44997,-87169 44997,-87170 44982,-87181 44981,-87182 44979,-87183 44972,-87188 44969,-87189 44968,-87189 44952,-87189 44949,-87188 44948,-87188 44943,-87180 44940,-87175 44931,-87172 44928,-87175 44926,-87182 44926,-87186 44925,-87187 44925,-87188 44917,-87204 44907,-87216 44906,-87216 44905,-87216 44898,-87217 44897,-87217 44893,-87213 44889,-87209 44886,-87206 44885,-87206 44877,-87205 44876,-87205 44875,-87205 44872,-87211 44866,-87225 44857,-87246 44847,-87267 44847,-87268 44835,-87275 44833,-87276 44815,-87283 44809,-87295 44805,-87305 44801,-87307 44794,-87313 44794,-87314 44793,-87314 44791,-87316 44785,-87320 44779,-87320 44773,-87319 44772,-87319 44771,-87319 44770,-87320 44768,-87321 44738,-87338 44733,-87339 44730,-87340 44726,-87341 44719,-87344 44712,-87348 44709,-87350 44702,-87354 44701,-87354 44693,-87361 44684,-87368 44676,-87373 44667,-87378 44652,-87387 44641,-87394 44631,-87402 44629,-87404 44627,-87405 44621,-87418 44606,-87436 44605,-87437 44605,-87438 44586,-87447 44554,-87467 44553,-87467 44552,-87468 44539,-87473 44516,-87482 44511,-87484 44506,-87484 44504,-87484 44491,-87487 44477,-87490 44473,-87492 44468,-87495 44467,-87495 44461,-87499 44460,-87499 44459,-87499 44457,-87499 44456,-87500 44443,-87502 44424,-87506 44421,-87508 44415,-87511 44414,-87512 44412,-87512 44410,-87513 44402,-87515 44394,-87518 44390,-87518 44376,-87518 44375,-87518 44372,-87519 44368,-87521 44367,-87522 44351,-87534 44331,-87542 44328,-87543 44321,-87545 44307,-87545 44294,-87541 44293,-87541 44268,-87526 44267,-87526 44266,-87525 44265,-87525 44265,-87524 44264,-87524 44262,-87523 44261,-87523 44260,-87522 44259,-87521 44246,-87515 44245,-87515 44230,-87508 44211,-87507 44193,-87513 44180,-87520 44160,-87540 44153,-87550 44144,-87563 44144,-87564 44143,-87567 44143,-87568 44142,-87571 44133,-87597 44133,-87598 44132,-87599 44132,-87601 44130,-87604 44122,-87621 44105,-87646 44105,-87647 44104,-87647 44102,-87648 44092,-87652 44083,-87655 44082,-87655 44067,-87653 44066,-87654 44052,-87656 44037,-87671 44020,-87683 44013,-87686 44000,-87691 43991,-87695 43990,-87696 43966,-87699 43964,-87700 43963,-87700 43959,-87703 43957,-87704 43956,-87705 43954,-87707 43951,-87709 43944,-87716 43939,-87718 43938,-87719 43937,-87719 43933,-87720 43932,-87720 43930,-87721 43928,-87721 43924,-87722 43917,-87724 43915,-87724 43903,-87727 43899,-87729 43898,-87729 43894,-87731 43892,-87731 43886,-87734 43885,-87734 43882,-87735 43880,-87736 43874,-87736 43870,-87735 43853,-87729 43852,-87729 43841,-87729 43832,-87730 43819,-87728 43813,-87727 43810,-87726 43767,-87700 43762,-87700 43761,-87700 43750,-87703 43746,-87705 43745,-87705 43743,-87708 43736,-87710 43723,-87708 43722,-87708 43707,-87703 43706,-87703 43688,-87703 43685,-87704 43680,-87706 43679,-87706 43650,-87726 43640,-87734 43639,-87734 43638,-87735 43637,-87736 43635,-87738 43634,-87739 43629,-87742 43629,-87743 43580,-87780 43578,-87781 43577,-87782 43565,-87789 43563,-87790 43562,-87790 43549,-87793 43543,-87794 43527,-87798 43511,-87797 43493,-87793 43461,-87808 43435,-87827 43405,-87856 43394,-87865 43389,-87868 43386,-87869 43380,-87873 43369,-87877 43352,-87882 43315,-87888 43313,-87888 43308,-87889 43292,-87898 43287,-87900 43284,-87902 43280,-87903 43279,-87903 43276,-87904 43268,-87906 43268,-87907 43266,-87907 43260,-87909 43255,-87910 43250,-87912 43248,-87912 43237,-87910 43236,-87910 43200,-87897 43199,-87897 43197,-87896 43196,-87896 43192,-87892 43188,-87889 43187,-87888 43183,-87886 43180,-87885 43171,-87881 43160,-87886 43155,-87889 43154,-87889 43154,-87890 43151,-87891 43149,-87892 43143,-87896 43140,-87898 43139,-87899 43137,-87900 43133,-87901 43126,-87900 43114,-87893 43102,-87879 43101,-87878 43099,-87876 43090,-87872 43089,-87872 43088,-87872 43085,-87870 43074,-87866 43064,-87870 43059,-87875 43058,-87876 43051,-87882 43046,-87890 43042,-87895 43038,-87896 43037,-87897 43031,-87898 43029,-87899 43021,-87897 43020,-87897 43019,-87896 43017,-87896 43016,-87896 43012,-87894 43004,-87889 43003,-87889 43001,-87888 42992,-87879 42978,-87857 42962,-87845 42959,-87845 42952,-87844 42951,-87844 42945,-87843 42944,-87843 42924,-87845 42901,-87847 42890,-87848 42889,-87848 42884,-87846 42857,-87835 42850,-87831 42842,-87827 42839,-87825 42837,-87824 42835,-87823 42834,-87822 42816,-87804 42808,-87796 42806,-87794 42804,-87790 42801,-87786 42793,-87774 42785,-87767 42774,-87770 42772,-87771 42764,-87777 42763,-87778 42761,-87779 42753,-87781 42752,-87781 42749,-87782 42748,-87782 42746,-87782 42745,-87782 42743,-87781 42732,-87780 42728,-87779 42727,-87779 42719,-87780 42710,-87782 42708,-87782 42705,-87783 42704,-87784 42701,-87785 42701,-87787 42690,-87795 42677,-87802 42676,-87803 42675,-87803 42669,-87805 42668,-87806 42665,-87807 42657,-87810 42653,-87811 42647,-87813 42644,-87815 42617,-87819 42616,-87820 42607,-87819 42596,-87816 42594,-87815 42587,-87811 42585,-87812 42581,-87813 42579,-87813 42577,-87813 42573,-87813 42572,-87813 42558,-87813 42552,-87813 42548,-87813 42530,-87812 42515,-87810 42492,-87800 42492,-87801 42492,-87816 42492,-87844 42493,-87900 42494,-87971 42495,-87990 42495,-88050 42496,-88200 42496,-88217 42495,-88272 42495,-88305 42495,-88417 42495,-88461 42495,-88471 42495,-88507 42494,-88707 42494,-88776 42495,-88940 42495,-88943 42496,-88993 42496,-89014 42496,-89043 42496,-89071 42496,-89099 42497,-89117 42497,-89120 42497,-89125 42497,-89165 42497,-89167 42498,-89226 42498,-89228 42498,-89247 42498,-89251 42499,-89291 42500,-89362 42500,-89366 42500,-89401 42501,-89421 42501,-89423 42501,-89424 42501,-89425 42501,-89484 42502,-89493 42502,-89523 42503,-89564 42503,-89595 42504,-89600 42504,-89604 42504,-89613 42505,-89644 42505,-89650 42505,-89668 42505,-89690 42505,-89693 42505,-89742 42505,-89770 42505,-89780 42505,-89794 42505,-89800 42505,-89802 42506,-89838 42506,-89926 42506,-89985 42506,-89986 42507,-89997 42507,-89999 42507,-90017 42507,-90019 42508,-90093 42508,-90095 42508,-90143 42508,-90164 42508,-90182 42508,-90206 42508,-90223 42508,-90251 42507,-90253 42508,-90267 42508,-90269 42508,-90273 42507,-90304 42507,-90363 42507,-90368 42507,-90371 42507,-90406 42507,-90426 42507,-90437 42507,-90475 42507,-90479 42508,-90492 42508,-90532 42508,-90544 42508,-90545 42508,-90551 42508,-90556 42508,-90565 42508,-90615 42508,-90618 42508,-90641 42513,-90637 42519,-90637 42544,-90646 42631,-90703 42636,-90709 42641,-90720 42651,-90769 42663,-90844 42674,-90897 42686,-90949 42696,-90976 42738,-91054 42757,-91065 42770,-91070 42804,-91078 42883,-91101 42896,-91117 42905,-91143 42908,-91146 42987,-91163 43041,-91175 43062,-91178 43080,-91177 43125,-91178 43135,-91175 43143,-91156 43152,-91146 43243,-91063 43255,-91058 43292,-91086 43314,-91107 43372,-91210 43423,-91206 43501,-91218 43610,-91265 43615,-91269 43668,-91273 43727,-91268 43792,-91262 43847,-91284 43857,-91299 43867,-91311 43927,-91363 43984,-91420 43997,-91433 44000,-91437 44009,-91464 44019,-91506 44022,-91547 44024,-91559 44027,-91580 44031,-91592 44091,-91673 44130,-91722 44134,-91741 44159,-91808 44193,-91863 44201,-91875 44231,-91893 44235,-91893 44246,-91888 44253,-91887 44323,-91919 44334,-91926 44362,-91964 44367,-91972 44394,-92046 44406,-92084 44416,-92115 44440,-92221 44446,-92234 44454,-92242 44474,-92277 44485,-92291 44500,-92302 44519,-92303 44538,-92314 44541,-92316 44545,-92320 44551,-92329 44555,-92340 44558,-92357 44566,-92492 44570,-92534 44576,-92550 44629,-92620 44639,-92622 44649,-92632 44714,-92732 44717,-92737 44745,-92802 44746,-92802 44794,-92784 44836,-92765 44861,-92762 44862,-92762 44937,-92751 45008,-92769 45046,-92791 45078,-92793 45194,-92767 45210,-92766 45279,-92761 45293,-92752 45296,-92746 45304,-92733 45327,-92705 45393,-92664 45464,-92680 45531,-92726 45562,-92803 45561,-92823 45568,-92871 45575,-92884 45595,-92886 45628,-92888 45644,-92886 45655,-92884 45718,-92869 45722,-92864 45730,-92841 45750,-92804 45764,-92785 45798,-92768 45819,-92762 45868,-92734 45884,-92721 45895,-92708 45924,-92656 46015,-92443 46067,-92327 46072,-92307 46074,-92294 46078,-92294 46114,-92294 46157,-92294 46167,-92294 46180,-92294 46225,-92294 46244,-92294 46295,-92293 46298,-92293 46304,-92293 46307,-92293 46314,-92293 46315,-92293 46319,-92293 46322,-92293 46417,-92293 46421,-92293 46432,-92293 46479,-92293 46496,-92292 46605,-92292 46625,-92292 46663,-92292 46656,-92277 46655,-92276 46654,-92274 46652,-92270 46651,-92264 46651,-92263 46651,-92257 46650,-92254 46650,-92251 46649,-92242 46649,-92235 46649,-92233 46649,-92232 46650,-92228 46650,-92222 46650,-92212 46652,-92207 46655,-92202 46663,-92197 46673,-92192 46673,-92191 46679,-92188 46690,-92188 46695,-92193 46697,-92194 46698,-92195 46702,-92197 46703,-92196 46704,-92196 46710,-92195 46718,-92189 46724,-92173 46726,-92170 46749,-92117 46749,-92089 46709,-92034 46706,-92025 46704,-92020 46706,-92015 46705,-92008 46693,-91988 46686,-91973 46683,-91962 46680,-91943 46682,-91930 46690,-91887 46691,-91879 46691,-91877 46691,-91876 46691,-91875 46692,-91867 46692,-91864 46692,-91857 46690,-91840 46690,-91831 46690,-91820 46691,-91817 46691,-91815 46693,-91800 46693,-91798 46695,-91790 46698,-91782 46706,-91759 46709,-91750 46709,-91749 46713,-91736 46727,-91677 46727,-91676 46729,-91668 46731,-91662 46731,-91661 46731,-91659 46733,-91653 46735,-91646 46738,-91637 46738,-91636 46738,-91635 46742,-91625 46753,-91593 46754,-91593 46754,-91592 46754,-91591 46757,-91577 46757,-91574 46757,-91571 46757,-91569 46756,-91558 46756,-91551 46755,-91543 46755,-91538 46755,-91537 46755,-91536 46756,-91525 46757,-91518 46757,-91511 46758,-91511 46759,-91508 46759,-91507 46761,-91500 46766,-91494 46766,-91493 46767,-91492 46767,-91489 46767,-91488 46769,-91472 46769,-91470 46770,-91467 46770,-91463 46773,-91450 46773,-91449 46778,-91437 46781,-91429 46781,-91426 46782,-91424 46790,-91412 46791,-91398 46791,-91397 46791,-91396 46791,-91395 46790,-91391 46791,-91386 46792,-91381 46794,-91369 46795,-91367 46795,-91366 46796,-91366 46796,-91365 46797,-91364 46798,-91361 46800,-91359 46804,-91355 46807,-91352 46818,-91338 46821,-91330 46821,-91329 46822,-91326 46824,-91322 46824,-91321 46827,-91315 46829,-91307 46829,-91305 46830,-91305 46830,-91304 46830,-91302 46832,-91290 46833,-91279 46834,-91266 46835,-91264 46835,-91263 46837,-91257 46841,-91251 46843,-91249 46855,-91238 46857,-91235 46860,-91233 46864,-91227 46866,-91215 46867,-91212 46867,-91211 46866,-91208 46860,-91205 46859,-91204 46854,-91200 46844,-91178 46845,-91168 46855,-91156 46863,-91148 46870,-91144 46871,-91144 46873,-91140 46872,-91135 46871,-91134 46870,-91133 46869,-91134 46868,-91134 46866,-91135 46861,-91137 46859,-91135 46856,-91124 46856,-91123 46857,-91119 46857,-91107 46858,-91105 46861,-91099 46861,-91098 46862,-91097 46863,-91096 46865,-91096 46871,-91095 46873,-91095 46874,-91095 46875,-91094 46877,-91094 46880,-91094 46883,-91091 46883,-91089 46883,-91085 46884,-91081 46880,-91073 46879,-91069 46878,-91068 46879,-91066 46881,-91056 46881,-91053 46883,-91050 46884,-91049 46887,-91043 46889,-91040 46894,-91037 46896,-91036 46897,-91036 46903,-91035 46904,-91033 46905,-91031 46909,-91024 46910,-91022 46911,-91020 46912,-91019 46912,-91018 46912,-91016 46914,-91011 46915,-91008 46916,-91006 46916,-91005 46916,-90999 46916,-90998 46917,-90997 46918,-90995 46924,-90987 46925,-90986 46926,-90985 46928,-90983 46932,-90980 46941,-90974 46944,-90968 46944,-90965 46943,-90964 46938,-90955 46938,-90954 46935,-90941 46931,-90922 46931,-90921 46933,-90914 46941,-90909 46958,-90880 46959,-90877 46959,-90876 46960,-90876 46961,-90871 46962,-90856 46962,-90855 46958,-90839 46958,-90838 46957,-90838 46955,-90833 46938,-90805 46927,-90787 46927,-90786 46926,-90786 46903,-90760 46903,-90759 46899,-90756 46898,-90755 46898,-90754 46896,-90753 46894,-90751 46893,-90751 46892,-90751 46890,-90751 46888,-90751 46885,-90755 46883,-90761 46883,-90762 46876,-90770 46859,-90781 46845,-90788 46837,-90792 46834,-90794 46830,-90796 46829,-90796 46828,-90796 46826,-90797 46824,-90799 46823,-90799 46822,-90801 46821,-90801 46816,-90809 46807,-90822 46804,-90826 46802,-90826 46799,-90827 46797,-90828 46796,-90829 46796,-90830 46795,-90830 46794,-90832 46790,-90835 46790,-90836 46789,-90847 46789,-90855 46789,-90856 46789,-90857 46785,-90860 46781,-90864 46774,-90860 46774,-90859 46771,-90861 46768,-90862 46765,-90866 46764,-90867 46761,-90875 46760,-90876 46756,-90885 46747,-90883 46745,-90882 46744,-90882 46739,-90879 46738,-90878 46734,-90877 46734,-90876 46733,-90876 46726,-90872 46724,-90871 46723,-90870 46722,-90869 46721,-90869 46720,-90868 46715,-90864 46711,-90861 46709,-90860 46700,-90853 46699,-90853 46694,-90854 46693,-90854 46693,-90855 46683,-90865 46683,-90866 46681,-90867 46681,-90868 46680,-90868 46679,-90870 46679,-90871 46670,-90886 46667,-90897 46665,-90905 46665,-90906 46664,-90909 46664,-90910 46663,-90911 46659,-90915 46658,-90915 46637,-90921 46636,-90921 46632,-90921 46625,-90924 46623,-90927 46617,-90932 46616,-90932 46615,-90933 46609,-90938 46608,-90939 46603,-90950 46602,-90950 46602,-90951 46601,-90951 46601,-90952 46600,-90952 46597,-90951 46594,-90948 46593,-90947 46589,-90942 46588,-90942 46588,-90941 46585,-90927 46584,-90924 46584,-90923 46584,-90921 46584,-90920 46583,-90920 46583,-90918 46583,-90917 46583,-90910 46583,-90906 46584,-90906 46586,-90902 46591,-90892 46594,-90886 46595,-90885 46601,-90873 46602,-90867 46603,-90864 46605,-90859 46606,-90857 46606,-90856 46607,-90855 46607,-90853 46607,-90852 46608,-90852 46608,-90850 46611,-90843 46611,-90842 46613,-90837 46614,-90834 46615,-90832 46615,-90831 46616,-90830 46616,-90829 46625,-90795 46626,-90793 46635,-90772 46636,-90770 46637,-90768 46646,-90755 46662,-90756 46665,-90756 46670,-90748 46690,-90740 46692,-90737 46684,-90725 46671,-90705 46664,-90695 46640,-90654 46638,-90651 46624,-90628 46612,-90608 46612,-90607 46611,-90606 46608,-90600 46607,-90599 46605,-90596 46603,-90592 46602,-90591 46600,-90586 46598,-90581 46597,-90580 46597,-90579 46589,-90564 46588,-90562 46588,-90561 46586,-90558 46586,-90556 46584,-90550 46581,-90538 46586,-90528 46587,-90526 46587,-90525 46587,-90523 46588,-90519 46590,-90506 46586,-90497 46577,-90479 46576,-90478 46575,-90476 46574,-90474 46574,-90472 46562,-90440 46562,-90438 46561,-90438 46562,-90438 46562,-90437 46562,-90436 46562,-90435 46562,-90433 46566,-90418 46557,-90415 46557,-90414 46544,-90400 46539,-90374 46540,-90358 46516,-90314 46518,-90308 46519,-90285 46479,-90205 46441,-90178 46440,-90167 46439,-90167 46375,-90135 46360,-90120 46337,-90120 46300,-89929 46296,-89910 46296,-89908 46174,-89277 46174,-89276 46163,-89220 46163,-89218 46160,-89206 46160,-89203 46159,-89201 46158,-89195 46153,-89167 46152,-89162 46145,-89125 46125,-89059 46097,-88991 46080,-88949 46078,-88943 46074,-88933 46040,-88850 46039,-88848 46031,-88841 46022,-88816 46019,-88770 46027,-88740 46027,-88731 46015,-88683 46014,-88679 46011,-88675 46000,-88670 46000,-88671 45988,-88666 45985,-88638 45988,-88616 45991,-88613 46021,-88532 46018,-88507 46000,-88500 45995,-88497 45991,-88490 45982,-88423 45989,-88376 45951,-88296 45963,-88250 45952,-88244 45949,-88240 45945,-88211 45950,-88202 45945,-88176 45930,-88139 45919,-88119 45910,-88103 45876,-88074 45872,-88073 45856,-88089 45841,-88107 45838,-88114 45823,-88134 45819,-88136 45810,-88130 45786,-88094 45780,-88072 45781,-88058 45781,-88051 45790,-88040 45795,-87991 45749,-87868 45723,-87829 45708,-87807 45680,-87781 45673,-87782 45660,-87824 45647,-87824 45619,-87796 45617,-87792 45566,-87789 45500,-87793 45485,-87799 45472,-87806 45464,-87813 45460,-87820 45424,-87860 45355,-87888 45352,-87885 45340,-87850 45345,-87838 45351,-87835 45352,-87833 45353,-87790 45351,-87771 45352,-87751 45377,-87719 45390,-87694 45389,-87686 45382,-87675 45369,-87657 45351,-87648 45339,-87648 45260,-87709 45258,-87708 45243,-87712 45207,-87732 45202,-87739 45198,-87742 45177,-87735 45171,-87731 45108,-87660 45095,-87590 45089,-87587 45085,-87588 45084,-87592 45085,-87595 45082,-87602 45076,-87610 45045,-87626 45014,-87625 44977,-87630 44973,-87662 44974,-87696 44966,-87763
WY 43937,-104055 43853,-104055 43750,-104055 43747,-104055 43584,-104055 43579,-104055 43559,-104055 43503,-104055 43478,-104055 43429,-104055 43391,-104055 43326,-104054 43304,-104054 43297,-104054 43290,-104054 43001,-104053 42755,-104053 42750,-104053 42650,-104053 42634,-104053 42631,-104053 42612,-104053 42611,-104053 42258,-104053 42250,-104053 42170,-104053 42167,-104053 42137,-104053 42134,-104053 42125,-104053 42089,-104053 42075,-104053 42022,-104053 42016,-104053 42002,-104053 41999,-104053 41995,-104053 41976,-104053 41973,-104053 41915,-104053 41906,-104053 41885,-104053 41733,-104053 41698,-104053 41645,-104053 41638,-104053 41623,-104053 41614,-104053 41592,-104053 41564,-104053 41553,-104053 41541,-104053 41539,-104053 41522,-104052 41516,-104052 41418,-104052 41408,-104052 41393,-104052 41321,-104052 41316,-104053 41278,-104052 41278,-104053 41275,-104053 41114,-104053 41105,-104053 41090,-104053 41018,-104053 41017,-104053 41001,-104053 41002,-104067 41002,-104086 41002,-104105 41002,-104124 41002,-104211 41002,-104214 41002,-104215 41002,-104497 40998,-104882 40998,-104943 40998,-105255 40998,-105257 40998,-105277 40997,-105725 40997,-105730 40997,-106061 40998,-106191 40999,-106321 41001,-106386 41001,-106392 41002,-106431 41002,-106437 41002,-106440 41002,-106454 41003,-106858 41003,-107001 41003,-107318 41002,-107918 41000,-108251 41001,-109050 41001,-109207 40998,-109676 40998,-109714 40998,-109715 40998,-109854 40998,-109855 40997,-110000 40997,-110001 40997,-110048 40995,-110501 40998,-111047 41252,-111047 41361,-111047 41378,-111046 41580,-111046 42002,-111047 42142,-111047 42149,-111047 42183,-111047 42195,-111047 42281,-111047 42349,-111047 42513,-111046 42964,-111044 42969,-111044 42975,-111044 43019,-111044 43020,-111044 43023,-111044 43025,-111044 43026,-111044 43029,-111044 43041,-111044 43045,-111044 43046,-111044 43055,-111044 43060,-111044 43066,-111044 43068,-111044 43072,-111044 43177,-111044 43184,-111044 43189,-111044 43196,-111044 43316,-111045 43501,-111045 43659,-111046 43681,-111046 43685,-111046 43686,-111046 43688,-111046 43722,-111046 43727,-111046 43816,-111047 43983,-111048 44060,-111049 44061,-111049 44063,-111049 44436,-111049 44438,-111049 44474,-111049 44625,-111055 44666,-111055 44867,-111057 44934,-111056 44936,-111056 45001,-111044 45002,-110876 44998,-110751 44992,-110705 44992,-110552 44992,-110547 44996,-110221 45004,-110110 45004,-110026 45002,-109799 45005,-109269 45005,-109263 45006,-109103 45000,-109083 45000,-109062 45000,-108621 45000,-108578 45001,-108566 44999,-108249 45001,-108126 45001,-107911 45001,-107609 45001,-107608 45000,-107134 44997,-107081 44996,-106893 44996,-106889 44994,-106264 44994,-106025 44994,-105928 44998,-105919 45000,-105848 45000,-105077 45000,-105038 45000,-105025 45000,-105019 45000,-105018 44999,-104765 44999,-104760 44999,-104665 44999,-104664 44998,-104470 44997,-104058 44768,-104056 44724,-104056 44723,-104056 44700,-104056 44694,-104056 44691,-104056 44571,-104056 44543,-104056 44518,-104056 44180,-104054 44141,-104055 43938,-104055 43937,-104055
